7837222666
9022834900
9956012050
9930349384
9768709033
8080805915
8879979813
9326657245
7990473939
9029250227
9136745118
9699838398
7304135136
8454065990
7977164150
8419999138
9326257484
8045248100
7021711960
9970846767
9619680357
8767828184
9867096095
9137273838
9320008055
9004307595
9004998998
9167565675
9561050520
9819439878
9833463615
9326060336
8356955390
9222221265
9512341234
9321000507
9082807395
8169177520
9833601660
7290095802
9553073030
9819674832
9920545474
9137127733
9321320449
9867650091
9324935668
9000153980
8001217474
9867348165
8779045565
9821188325
7208239883
9619614200
8879909854
9820824822
9920003143
9372887526
9967693137
9820065626
8451869658
9167495445
9773697767
9769056073
9022486774
8169156382
8928089641
9992220763
7715971555
8850687739
9769112748
8452854777
9167539095
9920557806
8652143702
8002701950
9998497292
7875676252
9768772716
7045464718
8828010397
9019029029
9769354957
9158934318
9967913755
8097639013
8062916803
9820362982
9819975818
9082087611
9152004949
9152002004
9867412334
9892272816
9324516326
9892981714
9892115503
9324625627
9920038921
9920608010
9321330557
8793610885
9653131251
9167528552
8369201721
9702225152
9004090941
9833074070
9321983105
7666974557
8879994961
8047631628
9619817066
9768282501
9082907433
8046063910
9702414104
9930292537
9819704230
9594641772
8047547027
9833826647
9870006264
9859789444
9892200696
7045358508
9665567408
9867632715
9321288415
9920085309
9004060454
8104218859
9422212308
9322839035
9156180900
8983900282
8180819004
8698670111
9021322193
8600412888
7385409212
8087450505
9890906875
8796628269
9822269769
9999465257
8980845212
8237678474
7219795742
8582093759
8605865406
9112667914
8983500409
8484977200
7378989996
9822829431
9922261495
9022634413
9075474024
8275940972
7218065550
8446548961
9975214329
8048602961
9850985939
9922478652
9422035795
8390557332
7385637086
7378303558
9325793485
7507347777
9172616363
9011072655
9762170330
8208689283
9850111786
9921179175
9689888201
7769090813
9518965404
9637072588
7397980242
8500890123
9604568533
9860773212
8767477102
8042783377
8766697853
7770060908
9825087673
7021992300
9372523237
8689996996
9653299928
7745040057
8169459552
9980469883
9833368284
9320261511
9988994677
7385928948
8001088586
7744055531
9049731763
8806006552
9004336036
9822975901
9321059944
8485054552
7386568230
8048035006
7687860313
9321110066
9890730140
9763699900
9594220586
7588724944
9326743938
8169709884
8888772441
9922689225
9819570211
7666816882
8329115090
7798234598
7875294904
9823331155
9823744239
9673008748
9049395723
9204888018
7276015298
8795091295
7405308000
8237200888
8888861619
9082177034
9834672816
7040294514
9404118681
7276411414
9172402789
9664097074
9975360805
9011031395
9004043991
9326282125
8554997709
7875188286
9137429205
9637210996
9930329380
8888508109
7350321321
9820986629
8451876786
7738744023
9850800063
9819952683
9168661541
9881710061
9699240145
8691000085
7600100340
9769279303
9090809052
9769767474
7506522210
7715930813
7039111777
7045864712
9773455735
9004862670
9076824534
8879966440
7089154077
8286114600
9326115676
9867624369
9322673599
7304852159
9766622389
9930014730
9222997066
9673131333
9975833022
9137394778
7397958113
8104855903
8451820012
8450918790
9833392329
9975360548
9136488855
7030379215
9819132481
9833716071
9152676364
9867330421
7718901119
8879051606
8369549939
8657900860
9833099690
8652300965
8169194621
9076103325
8691916782
9167244619
9773788366
8071820133
9004344101
9421871421
8070676161
8097386318
7039785186
8976001191
9820130161
9004049390
8108036576
9930734324
8108872427
9967278477
8090020070
9322946978
9029746765
8605940276
8591177088
9820855667
7738541878
9820394409
9029805522
9920943438
9930119370
8928076705
9768011226
9833365369
9820068099
9323887882
9987734354
9029532556
8655228747
9969310989
9619482007
8108161305
9594068358
9594598959
9987333931
9619484168
9602331668
9920404359
8424020290
8879790825
9833058239
8850854241
9136501678
8046043312
9820124517
9152208080
9503333287
9833613327
9323166423
9967400003
9689451354
9819559035
9967639744
9322284599
7498981703
9920633891
8591295549
7720829444
7977698427
8356950628
8080225363
8108406610
9763196197
9930894895
9869831680
9820211269
8976500942
8369285199
8484098997
8369080480
9850015552
9356939466
9867388881
8108329445
7021609902
8879141176
8879685207
7666777390
9404999255
9870634815
9322413762
9969535428
9423584060
9869007312
9967115806
9821313600
8433842619
7045616744
9322379993
8698682222
8451934343
9769578243
8378998954
9619771158
9320505040
9606350000
7738584949
7721971097
7420920885
8097969157
9860305161
9920802651
9322130691
8149827086
8080565429
9172757053
9967693333
9892973721
9594534316
9821137594
9224410000
7400498525
9067902322
9920726955
7972480365
8655589422
9167270027
7977610883
7290092205
9421904476
9664742158
9967522424
9967797773
9594338584
9167679535
9920871905
9619953988
9822232985
9869602852
9137395718
7720961234
9820710499
9757352538
9850275015
9819533634
7290096076
9619147640
9158741205
9833089277
9323873157
7588072436
9820651717
9223373963
9921685888
9224259205
8828081057
9305401469
6000260028
9931128892
8291111005
9768024760
8693006001
9820978071
9321622477
9326969962
8369637656
9821757571
9920401743
8657510882
7208567804
8928453087
8928889327
8268627890
8097969199
8108525656
8828048803
7208568913
9004033102
9773283587
9892080937
9322249216
7208670534
9369398206
7715815809
8433555118
9757092220
8530470862
8800900009
9987207826
9987794974
9004879560
8369968861
9833156759
9810012345
9920161493
9144465444
8879682863
8689909834
8424025520
9892422095
8850408409
9892618124
9850750202
9819674235
7738384680
9136931664
9987197419
8828826111
7400050414
9920445858
9167354445
9223283594
7718926713
8600086022
8888004799
7758999070
8071889873
7403434445
8976911836
7588032120
8956660551
7219307700
8975821510
8329728210
7057227390
8805841198
9049533232
9172792700
7767904040
9665778830
7840902152
9850211989
8806090099
8999840686
7498698300
9588665568
8104954254
7262036461
9820445060
9834427920
9326069974
9762134228
9422025136
9920112925
8796274844
9822013620
8001212025
9145924535
7387500555
9028242376
8087685647
9136641668
7991559777
7841850806
9518746108
8857098207
7058779961
9881444999
7776858169
8888513634
8983222836
7738706121
9561729224
7578683444
8796146415
9890477213
9762398049
9822910637
9766747401
9029090158
9260383638
8928565452
9730381822
8308681687
8007966655
8956210516
8087799869
9273110273
9405273302
9822814313
8669217595
9513631770
8432030538
9226483840
9372210014
8421395646
7304507777
8459091365
7276638417
9850170005
9307572037
9405099961
9545437788
9422436415
7066755656
9420051214
9764313179
9561113304
8857032704
7517676732
9370984571
9890906754
9422485522
7499406248
9422435095
7798027937
8788286526
7276341172
9422381233
9595311850
9422906688
8956931120
7038639891
9922430664
9403365873
9422381206
9673512396
9922669903
9403365151
9960672766
9421261757
9404445640
8999025880
7057090909
9028793511
9028782910
8087349603
8037376931
8446613005
8308382666
7558257704
7789009778
9860798075
9130029372
7276609809
7744921931
9970537417
7721964931
8857851420
9552733739
9021520664
7420919716
7387513768
9922234639
7769908225
7709627806
8380823555
7378389310
9930226108
8080753639
9890530991
8759888889
8369964205
9422374165
9552388937
9420888992
8087435056
7063830786
8048007605
9420225181
7020724323
7507274522
9922562474
8655476154
8390455123
8483037079
9834980788
9881280296
7039002262
9764321578
9370472644
9422052356
9130962561
9422382525
9359336775
9529436315
9579738757
8999580405
9970155185
9970245498
9011049498
9049427775
9307570781
8999083483
7770044922
7030936662
9403300666
8071889617
9028976984
8956124198
8308093145
9823090660
8459891897
8655995018
7083232491
9665390490
9175731110
9000073676
9440166607
8341627695
7396050658
9966308382
9550083888
9440282992
8944255499
9440105447
9966229367
8108138000
9908882911
8985485421
9848198449
9849127732
8501010727
9393111886
9550064791
8106306606
7824812121
9849199779
9885603618
7045457770
8074797081
9291244874
9705917333
8069867570
9298355575
6281901080
9441920401
9390399793
8639471172
8639922925
9000951310
9963498652
9908333000
8919617664
8071264861
9390488898
9640648999
9553550477
8333000555
9866049933
9248017375
9177986981
8071326901
7780705750
8002587555
8801722428
9885448768
7780205660
8069865888
9246401807
8309150295
7337333342
7416411901
8666993058
8861096126
9392111995
9030321047
8666632123
9490884577
8885513619
9247894177
9873567620
9248192471
9392034900
9182563503
8662574798
6300455025
8074771531
9966032786
9676427241
9966822871
9652124433
9912714786
9704505678
7550055551
9393779988
8919900394
9848246429
8662491044
7735282131
9866224405
8662433395
9342967344
8712232323
9246497262
9542066789
7842116103
9985837387
9885347440
9440001775
9441051206
9632561008
9618858303
7799095321
8328345004
8071408350
8247479969
7386006066
9980689218
8982342346
8037002687
8634059223
9848286408
7569197439
8143843716
8790496562
8019887926
9393023736
9032255571
7799357327
9873546782
9963392372
9849123299
9121345123
8465061964
9963122526
8037002387
9133338691
9133338692
9948265234
7993184643
7095429977
9704770379
9440210910
9866437141
9642612143
9949643219
9000980887
9014909010
7338117138
9491827704
9959964648
9885836045
9167984737
6281711405
8612377666
9989980815
9014932336
9849096647
9281438587
9440283217
8977918118
8125464938
9916027378
8019190319
9912475116
9399911099
8247498760
9177368284
9912200000
9121014232
9676999711
7799234567
9700071345
8071639210
8125586098
9704824156
9949252444
9949945071
9701694139
9177628278
9963014388
7842418136
9381557508
7995467054
9032643637
9392929223
9703560177
8341346134
9100389588
7093344200
8886679171
8005997800
6305716311
8121046777
9873568560
9959900814
7093405887
9550038885
9000886595
9441684279
8978915344
9986499853
9441782272
8655610773
9700271446
9160160192
7942811882
9703195540
9985345391
8500250505
8071629665
9866283786
9885839505
9840346985
9959894725
9441206986
9440846513
8688668099
9985042889
8328493040
9393979794
7019398570
8143685353
9966221286
9160774777
7702062456
9573461270
8069867572
9440250863
9885228950
9619086037
9429692121
7569015511
7671868003
8772251677
9966771121
9866868853
8977716851
9966129199
8071639207
8885336488
9866243104
9246350543
9866604616
8985674728
8428045537
9618138625
8639437411
9133642272
9505445555
8885412654
9347519536
9550113499
9963626567
9398079379
8500318226
7981893136
9491929210
9000988012
8328169150
9848087109
8046333629
9866546118
6300065986
9440205326
8099822487
9848984598
9966000798
9963191769
9494412466
9948369057
7674903083
8309800600
9873498534
8885322283
7842415527
9949074312
9966916700
8341236954
9381467382
9849794317
9397888799
9849905294
8048740473
8071640074
8019992800
9347149457
8328577669
9912864888
8309645014
6281831149
8037002434
9100566503
9177731139
9247832426
8639508222
9553011305
9445888336
9705676561
9542103111
8886989992
7774948777
9700236387
6281168697
9167076203
9440047081
8096657572
8069866711
9848152177
8518241234
7981493529
9985208077
9849599517
7386126234
7799368546
8328620921
8074414734
8096751369
9494414989
9493660909
9493536996
9848768351
9948151548
9494403737
8037907640
9440383269
9663415366
9032638173
9490615039
6309797477
8500773434
8897887885
9550122759
9000159651
7995607080
8499901653
9885250915
9949379737
9873498481
9505600402
9293789489
9885898203
9949202441
8518259004
6304903878
9247795546
7995099582
9703122432
7730831722
9966852286
9030709768
9167984835
8008002792
8037002541
8341723230
9289062307
9491186637
9459451991
9550550060
9133403039
9014116724
9440014617
7995182555
7039001496
8944255403
6301050436
8886443866
8041017532
7997923262
8562251214
9246941444
9866693615
9494509890
9440564635
7416390066
9100080102
9246642333
7288999999
8071889798
8657568649
9493449392
9246634589
7680803368
9246624406
8886841999
9963866664
8885557678
9533393738
9052360516
9247871397
8639909690
8500504333
9866869296
8121555503
9550299953
9701810326
9642418070
8922270799
8944252244
9951832346
9652010423
8008937637
7416173449
7995122234
9912568200
9247269900
6302741855
9948118782
9701490190
8376888888
8328446681
9985338955
9885655635
9281020919
9177854868
8501007511
9666788501
9441894258
7036338999
8497979185
9491947792
9248017126
7070080883
9448216228
9642079903
8002103311
9440073709
9133551082
8247253669
6302709901
8884375559
9393814182
9052779781
9059624943
9700683678
9963222340
9603058345
8179271359
8562244456
8985798523
9618126552
8520028580
7411781318
9866351153
9494582202
9949101106
9652765766
9440383214
8562456260
9703261888
9949990277
6302386028
8037002315
9160960012
7842707544
8106962752
6301174565
8041017538
9963505108
8879934386
9885046589
7304053032
9121141021
9885925758
9493023038
7904812147
8554319747
7901311123
9550171714
7416462317
9849981825
9441072882
9440073448
9110368918
9704209591
9849540079
7013502295
7013258506
8099822001
9505600430
8555969615
7386665666
9885552457
9966449628
8885552888
9703368890
9440951999
7942844896
7989233768
9577566999
9133338976
9292252880
9949758743
9642424299
9989554567
9293953266
9848398483
9393333665
9298112244
9533667666
9291341333
9392113293
9346226884
8048982832
9440535848
9581108999
9848788399
8297551818
9182872153
9581223311
8803232323
9704051420
9247505570
9948611116
9052597366
9063857857
9346840209
9866026648
8247048766
9966004406
9339338339
7330859003
9014453708
7893846301
9052523360
9849555848
9502681629
8897163840
9014998262
9160691000
6300678826
8951642257
9700241009
9912711043
8605005555
8522037680
9494365558
9398784262
9121212121
9989872073
9949630620
9030265187
9441511122
9441444991
7732007739
9177304599
8071640571
6301158488
8712929919
8106811171
8554470382
6281290822
9866062139
9246666211
7702775499
8041017608
9030478802
8374567323
9885365634
7997667111
9505777297
9154777773
9640969701
8554312331
9908591140
8554221314
9989319069
9182782870
9493504399
7416295942
7729080222
9010048930
8500051811
9885185617
9160672762
9440216388
9849360925
9000085868
8978265777
9000664439
8291094468
9948403625
8074176733
8074870109
6302849387
9014507363
9295708960
9704642560
8048968282
7331124249
7842811325
7942762702
8836662291
9581207550
8639634996
9440532918
8044939699
9676716340
8886657985
9963126567
8044939690
9059444559
9966437927
9989707906
7411781317
8639811195
7598074707
8578222240
7989975299
8578222494
9848117262
9908758148
9848365993
9553751507
7286869666
7893871997
9985130979
9391450660
9848497964
9390336339
9703519828
9440593938
9169849999
9391364250
9849563496
9848392609
9704346123
9494046530
9701606471
9494229192
9493767680
9502759549
7093327534
7337555896
8099927877
7947479761
9014206868
9989816229
7702730242
9849029273
9908232129
8639498197
9666618459
9948533395
9392436480
8639044990
9550814224
9121179864
9246589252
9246464641
9360779999
9873573220
8977211242
9440363487
8499985152
7207202170
7075176974
8005995555
7993527535
9177145424
9391996060
8688603428
9121811233
9133004444
7285919381
9550240828
9966227622
8179653458
9885773633
9030985551
8247298018
9885747552
9493524718
9440352185
9392653750
8978812640
7730020387
9440255545
9032902468
8885645550
9949767383
8291093658
9440455087
9110715599
8686611666
9440936999
9553792299
9000162206
8019993450
7331122985
9000624429
9035054467
7330834446
9848535481
9989070554
8846667666
9441274374
8500121003
9030989690
8037907619
8071889672
9553469215
7396804004
8978380437
9951587060
9666968665
9025424477
9490853348
9936784588
9704021188
9885680280
8008663335
8019459855
8885401242
8121934811
9652545426
9494652523
9885444523
8612345444
8686764964
7306111133
8885805500
7780126778
9873560825
9000992991
9581117722
7382926465
9246466266
9848388175
9966637552
8842955295
9550455757
9676595999
8008877299
7207244404
7893961550
8500651117
9848848625
8500057116
9136935555
9398419494
9848802082
9391254958
9030281221
9640707387
9014908165
7093565754
9182779142
8044939684
8497933999
9985023838
8886222869
8505937171
6369706147
9030303111
8977441997
9440094362
9440447020
7601095976
7893904599
8367585797
9515342222
8612330462
9618222233
9848154861
7013848282
9704555177
8885588256
8639776677
8812235057
8612320645
9666373132
9491708833
9951333296
8688072281
8048740435
9700878092
9052206830
9845577591
8897201851
9951671969
9390598091
9440953794
9849493392
9908890513
9505129999
9849393848
7702443270
9381776416
9848473884
8179771242
6309666789
7416831816
8341733606
9848065131
7241122333
8367053765
7659015999
8806666888
9866644425
9652966144
9566271994
8656236789
8688425875
9701034803
9652405547
9848518532
8037016328
9848894899
9492340919
9885198001
8008577333
8812222468
9573760879
8812234977
9704779640
9848335659
9032660333
9397684691
7337441951
7989714518
8776679999
9290208344
9553316799
9959384684
8662570005
8071889801
7993661399
7207505370
9666066973
9392973265
8247745344
9848607110
8019244255
9989772558
9100455666
9966600050
8836662944
8812241848
9700414116
9704450408
9848536633
8885500669
9066373163
9505130953
9908466099
9490677131
9398311004
9533799933
9856525999
9393626989
9182894285
9966062884
7207267226
9133895969
9963670555
9493990837
8978192347
8143119677
9908379577
9553320446
7207733335
9177723335
9393769996
9441109327
8096903000
8885757155
7995678997
9908401192
9122721098
8919680708
9490003311
9989575290
9603999039
9701037176
7328912345
9989343866
6303077504
9848688593
9963172828
8686858126
9059329121
9167071738
9502212283
7036091744
9247681652
8367217327
7013609740
9494404318
8688782900
9908327126
8985691818
7893764524
8688194881
7981298221
8552250444
7942845837
7070569742
9133448419
9666692349
8886657987
9885582512
9866252014
9949107184
9248641777
7893160714
8985089224
8247514148
9731103515
8500362936
9700700909
9603155999
9666831220
7807702595
9985179917
9393600103
9177441933
9659625555
8019773771
6304165312
9989514282
9440511287
8885322888
9292157157
8130302708
9248389577
9666466795
8121434696
9121093621
8143999680
9948796579
7552658822
9989492409
8309107736
7602224449
9985558488
8071639209
9959460778
8518442525
9848599242
7416162763
9030406787
8074933765
7382289902
9951133784
9849350328
6303683142
7330722338
8333848666
9182045083
9581378999
8790768865
7013819342
8106724151
9873570193
8552200421
9533371797
9948381517
8247572758
9441005963
9440813381
6304051793
8897945452
9000670746
8590076831
8495252029
9491118786
9000954108
9491460606
9885332911
9160033309
9912121290
8121288008
9490348969
9885307787
8506063948
8885665780
7659927777
8048740441
9885812827
8686083408
7075425750
9059465655
9121634576
9391510414
9440569106
9160829786
8886657991
7569680826
8037394929
8037002469
7337338251
9246596777
9505004844
9182351795
9790331299
9000372695
8500140841
9740737943
8897708567
9154793851
9440729131
6300968941
9597835978
8048740464
8015898780
9154540792
8812251227
8008200620
9111442294
7204667968
9032949939
8071639216
9866965385
7013373600
9866944516
9948152365
9550500999
9966875037
9908869896
9848377522
9652395356
6300273806
7386045091
9010708064
8885757199
7993062971
8886663002
7569944444
9515355831
9000422205
9000222312
8309146032
9014330381
9347314037
9704414300
8125343499
9599819940
8790208608
8071889667
9848012326
9908819442
9959989891
9052552023
9952352985
9247277353
9606979366
9885091189
9642490425
9490033067
9573686633
8985336905
9281477765
8074669618
6301113940
9290028915
7382237855
9110734815
9063387665
9618492630
9989033822
8106298563
7680841444
6302625835
9490345399
9581977999
8048740439
7702499666
9248886789
9441800687
8008340800
9052026999
9666167495
9490706666
7013530004
8816235314
9866536225
9052332555
9959345624
9989394981
9441323760
6281207934
8929293017
7989134235
9391392872
9440312562
9000934897
9000999740
8106606551
9959112400
9010509747
9963095103
9866937169
9849979140
8500764058
8686393619
8333899696
9885073717
7799768855
9701944279
8048740461
8816234511
9440183836
7288877300
9701461152
8019457468
9888422245
9676664177
6363459473
8374890057
9944878985
8309045672
8686120023
9492621961
7207067026
9701554245
8041017551
9440017711
9652330777
9676478710
8500900119
8088553031
9966691011
9924577556
6309554319
9440188135
7702997929
9848218760
9347812380
9705722858
8977702611
9441723977
8578220330
6300804190
9797976333
7799787474
9441616189
8328020155
9133059659
9885418899
9646856666
8639012555
8142565113
9398145057
9849995302
9533221135
9492491919
8048740477
9949164777
9700650603
8801555549
8106488683
9963356777
6303332380
9705556669
7039001492
9866143194
7386890121
9849520278
9885113599
7989211216
9154824543
8143240751
7013748688
8985916999
8879896089
8688953118
6303908889
9618316776
9989598989
9912908405
9849131146
9246651499
9440550230
9440793339
9553093399
8897240055
9700615003
8143500779
8978315222
9581561309
9032367951
8008945278
9985551697
8008332233
8879654556
9515250201
9848274128
8099480995
9390611285
9440177618
9885348743
8790759727
9849822423
9912679767
9701332707
9640012828
9603752777
8008159333
9133877777
9550033111
8688312772
6300421102
8220035985
9182754598
8886760888
9490767804
9110791343
8099423456
9111408111
9848350671
9247400253
7845593985
9177959585
9948553326
9652525353
9059745600
7032412479
9642113333
9010855614
6302336167
9491850018
8047027148
9346866608
9160177888
9390247084
9440193810
9848075759
9032195959
9666136683
9704788061
9121192999
9440674755
7386762887
8500066550
7708414857
8046512443
7013928737
9849639697
9492524164
9299999564
9246845554
8977768131
9849156644
8842362341
8657568516
9440677896
9642440652
9550732628
8977760871
9848302444
9618049444
8367478131
9948925267
9848160445
8008577338
8922232653
9100027741
9912917877
8922222916
8842302266
9490544693
9553389090
6303958078
7075552666
9010236226
8374493331
9581095590
9291233360
9640550964
9397032686
9063840667
9246675588
9848986703
8047027179
9440620575
8041017577
9866176556
9396969998
9494086655
8500577733
7416450555
9615211234
9513445580
8922272676
7305040985
8099734567
9703792889
8662436344
8037002778
9705870707
9856123777
7601084532
9100759100
9848965645
9705036803
9010738234
8885615181
8500001912
7337555900
7569892565
7330617555
9246636544
9493764001
9963093639
9030662409
8008181099
6371591420
8977232278
9030537657
9966095540
9014486872
9866542205
9676268919
9573035777
9100412345
8048740459
7729915599
9010640417
9000267085
7729925599
9964366815
6382375976
9866933908
8125466080
9553288968
9849635639
9985353853
8686362695
8074533406
9100900830
8001036065
6302894668
9390000945
9036485519
9963364478
9160058005
7337338256
7330731888
6300262721
9849442930
9985831616
9381005245
7993819427
9043973985
9966928706
8332908650
9885546511
9640464652
9121730211
9849443666
8142781007
9177424212
8466847572
9440813336
9393620412
9739012999
7893518935
9676655747
7396464646
7989661909
9885943400
8688785488
8071264942
8977003353
7795795531
9441310814
9440430600
9701850945
9441593710
9154327341
9441072674
9951966198
9985725223
7337555899
9985533258
7799787555
7338740985
6305043623
8978445650
8686860056
9553942510
9440829660
9985573449
7337338253
9299997022
8465971171
9963094555
9789036985
7989469995
9553723579
9246717745
9502535888
9912046396
8297700558
9955588839
8985932932
9949786858
8044464372
8886150690
7337213888
7337336952
9500121985
7207787102
9459133456
8558223214
9963344621
9666623365
9701065544
9246977333
9494470662
7799131899
7013176971
9703249888
9491695596
9494151644
7981202503
9885762144
8948942349
9885794316
9010605053
9440884460
9985616210
9441085207
8648225755
8648295152
9701522041
9951582250
8886929080
9390006609
7708853985
9866019555
8041017598
9059777797
9703849507
9866854121
8648224499
8648222095
9553932029
9866806053
9347125677
8125816530
9133756808
8309695575
9000824066
9393979776
9032326167
9581693353
7993117767
8309019198
8143753787
9490322710
8071729854
9347548671
9347471547
8251825179
7780776788
9676395331
8643450515
7330701116
9550057096
8602331234
9885539355
9121318989
9440856312
8333924937
9542455552
9963706382
8985343593
9949455705
9966322000
6281101486
8978478474
9989873783
9290523234
9603633359
8688879267
9866025061
8885366606
9951505854
9505099881
9395366811
9866041388
8341082943
8297551898
9182023295
9182554967
9966724316
9059209171
9346800524
9440930949
9618138383
8592233995
9000878808
9885247800
6303173892
8340821777
8688328102
9441326697
8106666295
9885366766
7981186390
9381249069
7893443204
8985113766
9912690226
9347966765
9885955858
6302679858
7815967016
9704570045
9494582434
9949419823
9491860614
9493194119
9490810760
9052215855
9848586242
8374009550
9701719596
7382069427
8559222613
9493757552
9742993339
9440984143
9014362298
8074952744
6366952275
9949375590
8374390072
8125922009
9704936508
9866104972
9618889486
9515300345
8572227629
7330878301
8919224640
9640139027
9491434488
9985528063
8074459269
9742292427
9966654555
8125498396
7995410806
8819223277
9052913157
9949796300
8885776707
9849251001
9346866899
9666899023
8814222560
8814224146
9440532123
9059141814
8978321582
9949807073
9652448229
9703966047
9441870554
9000082876
7013610371
9652049929
9849330112
9640269355
9618923772
9381388933
9908511375
9885214306
9394211212
9600253985
7989301636
9000410010
7075663333
9885441319
9299995262
9618363347
9502220225
7039002884
7013204964
8674293467
7702893460
9573374412
9581861451
9014793999
7396021413
9703830515
9248017368
9346993739
8037518672
7075490539
9440369214
9849532661
9515769973
8044939703
9676119432
8672223778
8672225567
9110733948
9059668832
8121928775
8667321145
9701194585
9133617424
9032238487
9246464612
9010362836
7842305444
7729962346
9703184183
9949896938
8790636439
9640888999
8886428888
9646191111
9989917996
7013417139
9849391704
7396963753
9246936378
9247234364
9985321513
9440948383
9989372797
8624221515
9118001601
8367762563
8977175787
9100320329
9133828285
9363425147
9701859735
9392179121
9550845677
8247205257
9908989123
9000747886
9492962777
9494944947
9959017344
9494663307
8497940889
9885327453
9579799844
9705903186
7671899325
9010055097
8328657414
8179846276
8185832245
9440786593
7981494981
9440322695
9966021407
9640996511
8688912356
8790018483
9703642520
7799888117
9100166665
8520888320
9652507074
9381259534
9553451720
9848675156
9490143214
7039002041
9948677338
9949307073
9142143777
9963177489
9600310985
9167042590
8819222889
9949992237
8106607348
9398561757
9885541120
8333830999
9985023900
8947231084
9502703218
7396718004
6300630210
9182828321
9701434153
7989542620
8143391443
9849081881
9908363651
9502252209
8919716836
6377036979
7200786985
8071889804
8341617220
9894574539
9347918538
9676758288
9949995378
9182756994
7780596855
9959225681
7659871177
9381250230
9866135112
8647223032
9739454877
9703658888
8897651007
9553318786
7396479275
9573180272
7997777078
8125262167
9618669212
9573573517
9390500175
8885229127
6302255655
8121555123
9494243113
8044939695
8010161016
8963221555
9550797747
9966446481
8686668020
9948438828
8816224690
9866717243
8247548707
9177334297
9110768775
8552226060
9866495368
9985560848
9059602055
9948064325
9701356694
9247829946
9652876555
9118979118
7416348124
9032910075
8639011341
9652693122
8121490507
9848596900
9502986879
9492468314
7386230283
8106747488
8608933333
9908718454
6301125328
8978699883
8071655459
9849862852
7039003284
8008891049
9148063856
7493901222
8897698255
8037518315
9290045366
9966594717
8712183828
8143161837
7331113075
9959225646
9492816375
9542947456
9666566846
9505000867
7348842595
9246456400
7702525357
9505047927
7075557143
9885595973
8512255474
8886713739
9440320558
9398342107
9885262888
9849411416
8626250955
9866970966
8074083545
9542649480
8556796139
9384042985
6382531147
8556356526
9440622008
9858880999
7947479814
8498801805
9505620301
8333909192
9505316689
9440224521
7702267242
9440514177
9398218382
8639915889
7893483733
8886661398
9032202028
9000314631
9553023220
9886851517
9959954280
6302414917
9218169238
8919936050
9866572070
7780229292
9440937760
9542316164
8247827673
7989655074
9705143926
8355891286
9581432456
8556228211
7993551562
9142525444
9989814400
9849685165
9959018835
9849658999
9676005009
9959326999
9848084890
8067510312
9885867426
9908535303
8247561319
7386161094
9989301085
9014525451
9440221810
8071889933
9440392760
9966805825
9948020830
8309888153
8978067025
7893092057
9052836262
8074931299
9441412796
9908599850
7845559985
9000055109
9440243730
9705822111
9848780890
6309493068
7382226096
9989929419
7995346477
9492806125
9848666385
8179028582
8328196137
9966587402
9606533976
8074566326
8185994662
6309161663
9963389760
9550083266
9010779595
8922228730
7942553159
9985272079
7396980626
9985054939
8564258588
9966241431
8977111723
9959588647
7013082026
8688370173
9030431599
9701800600
8985748946
9398628722
9524242090
7013345167
8571222303
9885946459
8904203351
9704862977
8571222677
9538565603
9849022963
8106486700
9620220706
8071640357
9247883179
9490976181
8143117108
9700927660
9482803070
7207263612
9550585823
7981879267
9440062220
8688060337
8571226005
9652334474
9491984106
9100190021
9908913347
8041017562
8041017563
9063407023
9247292665
9492289238
9951544861
8883622888
9972893335
8282824138
7993242003
8801066512
8071629553
9701213342
9052656699
9441241146
8125555912
9063733386
9440725575
9966462550
9848450226
8142062091
8247200325
8688988283
8977920953
9059595209
9966969997
9091244244
9398116652
9866147342
9912263751
9399388199
8886391222
9440226610
8885500446
8564458697
7893887729
9866959910
9980147668
9515195339
9396966007
9390722465
9652879608
9951539501
9052522448
9000996116
9052166700
8512231129
8512222123
9346202610
9885875385
8341081284
9624512525
9010866928
9577957723
8041017610
7013377500
9772093035
9951703469
9700441458
9676016667
9866481670
9676237683
9642422192
7799088003
7981857999
9908155573
7090801909
9440219680
7013638096
9849256724
8309505114
9959120471
7382777098
9247008884
8330910212
8643220564
9182707630
8907978888
8041017554
9533310817
7674960828
9493476563
9505663880
9866711368
7386942431
8712126853
9347080100
9849586844
9533952026
8686633333
9989097747
7418849737
9912324533
9603810838
8328046081
8667528147
8555949187
9849189416
9989672035
9849206059
9705303355
9959618052
9849752607
8686406775
7032379946
9700040143
7013667470
7732024776
9885841233
7036043221
9089123123
9963111385
8886657992
8800119365
9705000555
8778963822
9963877778
9848188802
8819224553
9848611502
9848352518
9701264228
8985338028
9666688805
9398534050
9966745574
7306006460
8309024760
9052861888
9440251581
9248017335
9959849384
8870303252
7075732868
9959225647
9705443324
9666505384
9052129887
9502880954
9347039421
9133309210
9949761356
9059056228
9866781218
8919719159
9491394222
9866444787
9642527512
9642326742
7207760921
7942813713
7942845842
8008685531
7780755903
9440361900
8512293131
7013033190
9703482123
9866940551
9440223101
9490540094
9440764284
9182385123
7337557446
8125292821
8019336049
9849581931
7801034577
8712786967
9959428186
9949898008
7569225301
9247217171
7032610432
9848180250
9573765765
9030533371
9640915593
7013070030
8186073359
9490602828
9550966990
9989585622
7396827447
7989416663
9010226161
7981983850
8514241916
9391810811
9848558739
9866557494
9989451388
9182354588
9182360301
7075935657
9490046388
8978819835
9063507777
8816238319
9985632101
8074844118
9154500080
9908611991
9392099836
8816233779
9704928230
9885778884
9440231484
8596222444
8048740433
9346683957
9392553149
9513445079
9010085075
6305960582
7270004222
7013624943
8816257333
9440920818
9346993714
7678007943
9581868186
9866692771
9440444509
8341342545
9100513777
9866887271
9866795505
7039001986
8816233822
9640044777
8578200333
8045950120
8897240687
8885666418
7799898869
8074458223
8886957572
8062913286
9985757057
9133222116
9542563661
9030919111
9346954724
9030044668
9849328888
9963044483
8814220052
9666447331
9848146793
9490778565
8041017595
8816295777
8919618578
8816239901
7989783773
7204890300
9494345468
9959877577
7981436563
9515126673
7013507361
9000819498
8854255823
9121877622
7989002400
9063664333
9059957033
7942954007
9440993469
8179596398
9505686253
9700866823
7660943077
9440740559
7671836769
7815960768
8333877792
9848139042
9866024924
9133828470
9440208960
8185965727
8185857685
8030691000
9966988518
9985011620
9741163838
9032355339
9346856118
7799465657
9502277519
9440423368
9550393231
9989350777
9666875786
9177566525
8674244544
9346914485
8143144555
9246776889
9848956585
9052533345
9118001234
7093603086
9299999877
8790949991
7799537070
8885119971
9010015400
8885232552
9849123070
9492814545
8814220444
8004254141
9440467729
8096298935
7599999990
8309846581
9966926260
9866027873
6281150577
9398898170
9989112434
9849864844
9704961028
9391133716
9966537437
9490175942
9346515155
7777875577
8309278206
9533351607
7288999567
7989943393
9030252905
9701044026
8801888704
9848047201
9246783700
9989232259
9652954295
9848412067
7842138140
9848045325
7981075683
9848478011
9966226564
9441151188
9652896967
8019469452
8925593985
9888677775
7207201819
9908554066
9502095007
9347226265
6303244789
7997993407
7032501666
8945241094
9290100149
9701288229
8505866422
8041017550
7893534260
9666566650
8297549555
9951134622
9848123669
9393184487
9705770255
8074989146
8814228586
9949229336
9849625143
7337338059
9603156754
9640368191
9160915366
9849424218
7337555902
9505226123
8978737873
8074708162
8328182690
7032313546
9885780809
9010157999
9866128363
9642881418
8885111789
8041017605
9966802709
8096181205
9494085959
9502254822
8143199406
7799889333
9291339133
8142244255
7396132748
7337555237
9866347483
9493137318
8068935614
8297079555
8019121297
8855232084
9177194589
9491212222
9100656371
8885694930
9492143663
8855232078
8790307992
9494395954
8885111557
9700882441
9059977784
9618612292
9703164713
9440400337
8571222547
6281056519
9991118301
9392901553
9059505650
7997993421
9848586922
9490960054
9966874687
8626241144
8106279555
9666848224
9247125746
7093445476
9494797847
7780684275
7997730908
9848862060
9246783817
9700046614
9542863536
9505167633
9494705353
7036214666
7729081524
8074959882
8309272269
8688177402
9515089949
8886249949
8333037071
7337555892
9912026084
9966270009
9154675610
7036973250
8978904564
7995854999
8008909023
9494293999
9248599477
9143143197
9550111314
7288838685
7095123657
8297066060
9848282380
7842275434
7386021448
9493212655
9492940956
9736919191
6000860008
8674242703
9666517507
9396795461
6366550495
7702377666
7386048524
8143569800
7674978485
7330732888
7013443395
9948409445
9885228856
8041017602
7013602866
8179939614
9989619497
9391368402
9296108665
9700607143
9391958315
7093000839
9032069639
9676259001
9849894220
9963225338
8919595123
7396647111
8331869609
8143361885
9704990312
7799770190
7207282828
8885822280
9985945089
9866263182
9948114000
9985025595
8143956888
7039002282
9052904030
9394235623
9885021403
8924299939
8924222158
9393145777
9949421444
7032056555
9133885433
8317602465
8341924145
9177267450
9000878588
9985148616
9502774315
9150175985
9440249087
8041295616
9431333999
8071326890
7013364594
8019300611
7674985356
9885258585
9398234647
9966628888
8812237664
8812220550
8499966490
9849546805
9441332999
9949749744
8855232180
9985689999
9849812177
9059050175
9949565275
7997747999
8688888843
9490839105
9100042430
9703713758
8500222480
8977484847
9440919276
9966977879
8333855550
9959596391
7036512365
9848128498
9581477944
9959517774
8008590559
9133210563
9885133663
9866155645
9959111936
9177416037
8886149777
9154912446
9290578781
9490202008
9955524433
9491508001
7875213794
9440736689
9652793529
9291112237
9966031000
9505000916
7661929353
7780751363
9000858915
9030530933
9550507517
9980766014
9553061872
9787630216
9989759516
9440281877
8977538936
9573621690
9705006699
8512228248
8004107711
8814222567
7995231113
8328275779
9603333339
9849267559
9989429662
8985938654
9000410075
9885622563
8945243288
8712375131
9110343543
9182766448
7981832783
8106090807
8945294469
9573320921
9030473526
9440556725
9160201110
9743424588
8945241111
6382546147
6281530233
9440829644
9959706978
9246299930
7416341615
9290813666
9381663926
8903186783
7386517704
9666432375
7207955655
9326719291
9290527835
9052221002
9848064567
9100034433
8121906301
9581435362
8919366322
9966537207
9603432766
9848182086
7299667892
9989855342
9550612526
9010208571
8978853330
9701707087
7799009925
9963623988
8125552129
9700508030
9985299123
9949619305
8555077491
8069248288
8978585787
8019808294
9542092555
7095123892
8499874630
6281610669
9347330267
7306060240
9491981236
9030131342
9989425028
9885209795
7780316465
8555083499
7601054075
9849847517
8247434545
7997041832
7032164353
9010547597
8886272999
9704949199
8500850373
9963180069
9866026306
9246433363
8919295778
7702875958
9133177316
9959944464
8558224883
9705790579
9030553072
9989492741
9247464371
9885381306
8309214447
9885275722
9700335675
9290003410
9490644018
9585063602
9703293003
7893498808
9393665656
9032445186
6302101505
9849574660
9063677277
7672096861
8712357999
9052617192
9347314007
9949814812
9000714376
8374649811
7799413274
9666004143
9866155909
8641234589
7386699058
7899903514
9666388854
8712172375
8185883377
8374324948
9000628275
9963869652
7674919986
9949646757
9581142315
9949014446
9703839370
8008840982
9581956898
8988878681
9849519952
9346185251
9948899227
7780353541
9299951234
9989898089
8885782551
9441361168
9908805333
8919253015
6281906647
9642108849
9440949316
8185062434
8919022245
9866022774
9063163555
9949610502
9701896780
9885600280
8625256092
9160753202
7659959533
8985678493
9951181367
9640735732
7801019492
9246617816
9848678831
9032871954
9989508850
9032437100
9398176499
9885883108
9985980451
9948163007
9866022212
6303362759
9182908187
8648226226
6281093803
9010727793
9133712019
8555976776
9849652502
8686703060
9247760017
6126727980
9182720815
9490780081
9014116070
9581052989
9704490160
9949097049
9505154650
9347566388
9963817089
9014723980
9390320779
9985388651
9000668833
9246670187
9866852285
9966881293
7411781300
9100688595
7893916009
9640116138
7358465199
8886077683
9701116029
8099281872
9885885393
9010086189
7382971128
9014349307
9160997383
9160915473
9397199599
7013894730
9705287004
9440740293
9441983476
9908206477
9440244453
9849226929
9440776228
9347739300
8099354700
9703302126
8512250705
9294009007
7013240359
7901404999
9014278088
7330673933
9908010614
9110516353
9182430789
8465033350
8071408352
9290045157
9963813631
9642723753
7337771311
8886546446
9100510101
9133858042
9989028685
9177470404
9989980097
7288961135
8367716948
9985111811
9299257975
8662572286
8044939685
9524777779
9121055696
7306991999
8125368313
9959699988
8186859565
9955336623
9515063344
9553488008
7207755382
9502324013
9966332319
8309033293
6361869206
9000656514
7386974794
9866582013
8500706364
9985243774
9391427748
9640403040
8297927777
9568666888
8818229224
9030278393
9666644404
9392996700
9052059171
9603565222
9966067765
8340889417
9494555447
8818221381
9440146559
8121252047
9246477666
8818221680
9848087600
9110515051
7981230440
9030200445
9440474678
9966946777
8121463074
8818224008
9493555253
9100510016
9666566662
9885970273
8044939687
9502438444
9849492726
9848382088
9441906786
8942228699
7075732018
9513184489
9133266251
9786589147
8886657980
8942227785
9963891485
9440319600
9247127639
9154815184
9948024522
9849553774
9059793834
9246679184
8374945079
8885801416
9703522111
9848193765
9000573434
9949634902
7569391151
8897678788
9347738778
6300565814
8641232827
9581373939
9885404349
9618199259
9490402103
9494769091
8814228930
9122577777
7989264025
8037762169
8814224710
9948599546
9676608284
8977552424
9182837690
9866369165
9082714158
9966676231
8559221966
9391733603
8143722201
7382050777
7901550099
9000450300
8596222009
6301851911
9391417596
9948881831
8050560432
8674240070
9441849142
9398226611
8019391006
9121149449
9032636174
9985239590
8499902277
9177010203
8519904584
8463993222
9440921318
7995105226
9440688252
9044337799
8855231993
9032290433
9848085277
9666155566
8374317432
9121069561
9347023002
9490479723
9959679790
6309153641
8500006311
8367365158
8500234580
9059023089
9441022880
9490381943
8978822467
9347736379
9577433888
8645232377
9390567131
8186003132
9700670090
8184849292
9440374982
8818225433
8919052496
8976018798
8333984333
9849047847
9000097275
8309105117
8501082486
9505650873
9866304703
8096498958
9381277745
9177444644
8374142652
9701413832
9948146556
9848097603
9985802043
9989244887
8309155130
9069000444
7989739278
9866180980
8500354107
9741140141
9108410651
8505867671
9985648143
9493949870
9440823880
9441652959
8571220977
9704534048
9642889385
7901230678
9440527339
9581009209
9618316647
9032193112
9666222783
9849135850
7997756254
9989074189
9652477927
9440255328
6300950445
9490391553
9182305419
9440583150
8596223400
9347024735
9849378718
8071629435
9247864434
9866824365
8571220345
9052112455
6300584689
8571225559
8571222166
7975708181
7382406555
9515918024
9440002808
8074151465
7675931149
9492076119
9949571969
8688696869
6305520814
8309563946
9440506923
7989192355
8519880665
7382626005
9951119757
9848983777
9492449945
9703430201
8044939708
8886657981
8247095080
9550562785
9392537030
8069866718
9866557669
8922295666
7013546572
9951450906
9441041630
9873586845
9676843857
8169161916
9963202681
9490972205
8922459895
7977764519
8520046595
9666674573
7997231999
9010095918
9247632468
9492929648
9440632604
9705408810
9959947888
7093293541
8074184416
7676226339
8885039390
7288872148
9246915044
9920874776
9247820468
9700459901
9885838846
9440325176
9704253634
9440205114
9866198885
8814223405
9949127729
8328421351
9885550885
8712363799
7013230066
8596222022
9985084847
9703113818
8885653533
9866506623
9440328796
9856778899
7396463143
9440188956
9666669199
9849535450
8919898123
8886668366
8328606971
8639763551
8044939696
8247024899
9650336390
8712274966
9505512888
7729966997
8856230763
9133277288
8143164805
9511527811
9885454561
8639508008
9701500940
9493232154
9100022273
8645231444
9290792509
9652554429
9700890020
8341270217
9709702709
8552221022
9640564081
8008440344
8814224100
9577911119
8143445646
9014050759
6303082996
9059913930
7997007002
9441442299
9866159939
9087493147
9133246116
9493695656
9030421887
9032077277
9299555565
9966130011
6303522414
9000335200
9840810886
8001025093
8130907705
9581422848
9391417497
7842562621
9703179879
9838089057
9849459555
8790373006
9908081555
7989429557
9160121918
9030802223
7731982866
8341636568
9989325585
9667274275
9849933903
7997229951
8341573206
8328685254
9573786740
9642755383
9059592929
9977661189
8037303628
9966895678
9900007645
9030743663
7396241316
8643226004
9761089999
9160090770
9240083061
7396623999
9522866999
8674242712
9160439996
9719429999
9174292222
9859808808
9392707971
7981480124
7989730488
8674248748
8666627567
9440111961
9618000379
9505060600
9989927786
9966432166
9951734688
9849821851
9493626370
9963889366
9989732100
9391417567
9949915177
8886628889
8897761040
8801939393
9985670888
9346285786
9848680320
9346969007
9849583974
7207270707
8647255098
9818866824
8008335848
9848102041
9440704095
9299108149
9573144531
8919637676
6304414493
9676343343
7780126122
8688818778
8001033445
9640451725
7675937629
9581673781
7396666868
9703762070
9704244489
8523838815
8919589987
8852241503
9949848338
9704848555
9908426334
9493779381
9502794870
8985100260
9963804488
7382070905
8647252960
9848360310
9885004615
7386267878
9059674992
7993326036
9000780416
7981427868
7947479836
9246444644
9449220091
9866873484
7207650499
6300414956
9573657794
9030374040
9848934422
9397108109
9000532924
9959002667
7989469231
8008112202
9052751666
9652731188
9000864038
9505150999
9052104222
7396358419
9963527758
9966178046
9989719043
8466933334
8332005053
7989472475
9133709571
9866710592
8500007377
9948514166
9603409925
8142042543
8041017534
7032877888
9059888088
7995180555
7660085974
7337338003
9514844123
8247056973
9052919088
7036828939
9008159457
8367457529
7942876846
9440373818
9966853656
9849107105
9916994546
9440076626
8019267026
9849664730
9441120170
9032433684
9553774288
9642296524
8571230988
8074241622
6302060460
9849556689
9398203986
7702337759
9032695550
9281014162
6301789825
8885344430
9848122738
9440796227
9059593956
8333830510
9949252012
9948253710
9440983668
8143199399
9848115162
9491115642
9346934619
7702981199
9849568810
9848121786
9866842671
7993402158
8331813450
8287515525
8519999123
9248022575
9959169895
9573636802
8309662249
9032845040
8886665595
9866725374
9000033709
9440276246
9000945008
8179661663
8790965544
9642509307
9110529931
7981198608
9010815646
9391577183
8647253253
9866826296
9908052210
6305902293
6305605748
8037221182
9160779030
6302413587
9177149549
9441563131
9281435996
8044939691
6301305779
9885141188
6309026484
9346873733
9848587664
9642424666
9849431965
7386248331
9393693938
8451999506
8632226100
9989620007
7842221777
9153182222
9966749532
9848116609
9908108413
9494310513
9885161591
7947479831
9885677659
9246456206
9700333363
9393020555
7093442777
7075077228
8309051412
7780755863
9290094078
9030212529
9989348737
6300961507
9010196493
9348566566
9885858033
9010501045
8074288676
9492174111
9666447007
8520055666
7386664014
9652337686
9246061124
8639045732
9959011038
7997466477
7331132203
9700872277
8643221066
9666016319
9440203036
8121223133
9550177746
8420499352
9440494746
9949897944
8885667070
8674248087
9533333457
9849276950
9966367057
6746172518
9705771444
8374242902
9573084684
7023778899
7942762703
8071889670
8500008888
9347101077
9000412227
8939469894
9160303070
9000516971
9849521430
7337331103
9885315436
9030985034
9866044596
7330904500
8885018954
9299994335
8558226789
8558225648
9492203247
9290573210
9949746237
6300249350
7780137441
9032115364
6301592627
9392160489
9989957540
9966040920
9888598789
9381581773
7942876852
9182858612
9493947865
9908738186
9603072201
9000868587
8074346181
9700636666
8071264593
9550469143
9866148909
8639836658
8801048564
8142144443
9642377888
9502141753
9293500525
9949395447
9494415449
8886424103
8088215447
9966300999
8099948885
8924225779
8235383838
9030685866
9985607427
9642799123
9491117622
8328557855
8340941491
8466905301
9440087517
9381667885
9390510107
8071326722
8505926464
9704708118
9948404606
9901766148
8178024094
7093265426
9490046636
8106716359
7997044520
9441104782
9110709138
7207307551
7013078009
9392295146
9491330504
8639394142
9492535939
9993398008
9866932499
8071326963
8688778749
9989456016
6309941512
9052516131
9493044031
7382926413
9393632666
9866441154
8121517773
7995969549
9989254444
9849193346
8121851551
8434843484
8501810137
9700047286
7671022399
9014486131
8019244114
7386146375
8500009671
9949123873
9966111468
8552295065
8309037115
9000034330
9302992983
8333019875
9177981496
9182480516
7993794949
9533441239
8552222410
7386939330
9848647057
7013746055
6303929276
8855232242
9494948322
9553324445
9390501981
9703682825
9951776571
9963515513
8919709487
9893844833
7095577773
9700137269
7989504914
9014263474
9490404841
7799892967
9030437031
8552223399
8374973491
9866228857
9949621123
9848616444
9848098700
9949627099
9573190459
9014652079
7997017851
9441302626
9441708394
9441230855
9395375456
7676600900
9550079708
8143353636
7702213569
9959452578
8497904704
8885020455
9441020301
8500177795
7680066655
9849786856
6303052219
9440554284
8121391214
8247257103
9849093817
8142208449
9177937021
9030998853
9440471524
7842206166
9866088986
9701417694
9949844635
8106531868
8073415226
9885926585
8121732666
9393828212
8142651212
8186883226
9492291980
9441794887
9966998762
9492241300
8374749996
9000054541
9908308390
8978272620
9959225657
9754222999
7013103704
8885333224
9502095960
7893541889
7942762698
8639263456
9966623898
8309571815
7337555913
9849555933
9440272557
8855333666
9182363638
9849653882
7799771021
9985019777
9000848676
9030098809
9885899911
9032242575
9010381456
9652271395
9030389669
9347074141
9299995455
7678522754
9848213367
9959092819
9491464824
9160097816
8463921075
6302877252
9133607494
9347872549
9441409642
9676893091
9972252278
8044939698
9440711299
9985188624
7780680585
9908387887
9951069431
9963052989
8978593837
9963039949
9849293595
9440622009
9652223368
7997750760
9985114466
9663461666
9000045020
9849140204
7022219966
7396141712
9886545199
8328088568
9492021739
9989337708
9550128296
7702513986
9963333123
9966997525
9440287414
9494817143
8004198518
7702681119
7207924365
9885649983
9963067390
9849507076
8816233273
9959496860
7032127025
9885172015
9346740314
7337338268
7989279762
9392078995
8639990153
9966261664
9959125533
9502071384
6301722286
6305883357
9346178922
9491672279
8647253584
8571220916
6301214419
9396895232
8309532666
8048740434
9885052825
8121764313
9866956222
9606979363
9004223740
9491855639
8142313143
9491532304
9701162333
9642866448
9912605461
9849214331
8832464219
7780334993
9030783178
8686112127
9290442725
9948233336
9866490389
9848112196
8919497474
9247862127
8639473098
9948839679
9849171385
9573669828
9490906666
9848164070
9493362598
6304934504
9392408999
8897827610
9885478603
9398535309
9390922028
8885384638
9063470294
8555044255
9000646400
9845773880
9966761195
9603907208
9848155516
8071264913
8832426155
9133135477
7989032856
9966202073
7995595355
9959817018
9030551110
9247741677
9030596508
8832475909
9347498817
6281627779
7661808835
9030050034
9989872931
8374671525
9701019193
9989695993
8892897777
9248766991
9848973007
8712016888
9885476271
9100393678
9908158561
9492336091
9866326565
8886665264
9697719999
9885539987
9160730202
9703258999
9490715891
8886201487
9603241111
8820782828
9966231461
8842344123
9441124815
9573771736
8890699477
7942762693
8099936664
9093868686
7013067584
8842361806
9054898889
9666228380
9993999865
9912698895
8247525458
8688604758
9848239001
9848022373
6305845452
8332939399
8977164744
8046512441
9603499504
9070702005
9542517425
7675878638
9347894174
9182983749
9642432423
8924223105
8074277024
7036190873
9440675258
9701424209
7842234444
9885061610
8247772756
7416500559
9959992373
9010516966
9010490375
9704264463
9666670493
9248094929
9908950020
8500182020
9381241625
9052588333
9494074740
9154334420
8645450725
9246666246
9010020281
9618661066
6301854354
8466099883
9705668866
7799918628
8309043462
6302275804
9030806185
7800174001
7730913713
9948588999
9494692044
9948618587
9381549995
8045952007
9666681786
7087659321
8790001041
9848377711
8143238979
7386944444
8121335482
9985775501
9542445972
9000770330
9963269997
8143653777
9014474455
9704393061
9988747778
9553345491
8856231100
7732000120
8019777178
9502874839
9290131327
9666404499
7411781297
9010405314
9848104915
6305732889
9494147104
9989985336
9603888055
9014488777
9440664929
7842591009
9494012348
9394041267
9618321672
9666287101
9440111667
7416398464
9642327234
6305846854
9441834447
9182822481
9000090800
8963221425
9063320388
7799771136
9515404080
8886635749
9491675598
9441039614
8309434571
8008443888
8008833999
9441745003
9885778188
9966126653
9000271948
8814275853
9493562798
9849243383
9963585115
9346675912
8095911211
8885550607
9542222732
9949722602
7207447830
7997211920
8688447830
9963207873
9052448844
7989939212
9246462940
9885982762
8620990999
9160100143
9246666457
9030208820
9908003555
9490983299
8374512333
9866747476
8309545353
9866578188
9704728042
8008007879
9502131252
6281369722
8819351615
7799011116
9398804412
8572245700
9441152276
9133302999
9494827787
7997797715
9346666484
9440273214
9948587774
8819225338
9030912982
8885819197
9949838340
9100939384
7799889972
8672220925
9441865555
9849114406
9110382362
9494386215
8074581783
9206211192
9555993366
9738777779
9052814888
8919546858
9606979372
9989968699
9848242167
9117289999
9052992048
8043694585
8044953852
8041017544
9848452537
8985708090
9963066592
8922251788
8041017542
8309696825
7702347432
9491233543
9559559360
9966305011
9640376444
8447746385
8309229120
9160388399
7337338019
7406546064
9030604878
9441467720
8555041744
9989019666
9640499666
8886677077
9052121333
7799989916
7997294959
9346090226
9989021761
9666916999
8096284193
6304200456
8044953804
9849296632
9490497904
9849665828
9581248384
8328163596
9705886333
7337338250
8297091555
7013206547
8514246258
8985385845
9148431808
9347126746
8520088123
9704268999
7013676977
9885432012
6302822195
8885759376
9059571757
7093456716
8712173339
9951491666
9885495638
7799172399
8341591314
8048740469
9133001009
9290000527
9949739786
9550180972
9885094043
9606049715
8297572555
7337336953
9154550909
9030937431
8556222751
9949917578
9135554432
9490281623
7799779556
8041017606
9848326299
9391931998
8309079111
9849139402
9966766421
9505320313
9000389889
9866504740
9700045180
9246766766
9963641439
9985954555
9246990999
9989035798
8644228961
7337336957
9502981213
8143890611
7989720745
9000981216
7989635497
9951707376
8672223456
7093569610
8885672250
8977014279
9533199263
8897979683
8572221418
7659017779
8048740449
9715959786
8886669402
9441217837
9989578460
9573844505
9177033461
9787266425
7032347708
9701200744
7997990968
9177537166
8047027153
8897116789
7548818769
9676102143
8657568515
9777677290
9866377661
9440265038
8019109999
9848810739
8803000666
9000367783
9246461575
7799965767
9390508431
8897765888
9789616161
9848060967
9440196625
7548803398
9848516096
9246666205
8812355442
8071889885
9704065699
9912861755
9949769156
9849832552
9618411199
9705878781
9885458777
8886121555
9888964446
9182975630
6309977779
9849135358
9121166920
7095178568
8106226953
7702228698
9885108000
9441662948
9182445579
9291599466
9908506119
8464999920
9693917688
9391602300
9908720786
8712457557
9884055415
8688837750
8662571983
9346459428
9032078033
8463924483
8463924903
9963324865
8500068486
9966221218
9849235760
7942762697
9966756601
9010557777
9346687693
9705550055
8977403551
9700555397
7993988755
8374186789
9441914642
9491925251
9859991991
8341888860
9440207366
9441854335
7901220777
9440664662
9490539163
9963699979
9491291002
8099933308
9700083476
9490486781
9865938306
8596222982
8328369563
9248011858
7942812243
9642233455
9490175940
8008803503
6301958505
9393840955
9391927770
8247630892
8886498882
9502568731
8331820242
9498080898
9885555183
9347411287
7702730030
8096903555
8825220163
7013789949
7942813314
9384805574
9848971796
7942877835
9704036658
8247382437
9182381368
9490789495
9640502024
8096818646
9703336116
8125302246
9642607979
9885079009
6301851915
9177519551
9133049268
8836666680
9000996999
8520807893
8832499066
9498054256
9505975970
8886296661
9985051244
7729029088
6281829356
8985403630
9493797319
9948202323
8832443335
6380026596
9492381308
9177852526
9542637116
9849520517
8919144025
8897622296
9248094455
9848377695
9949173883
9618971911
8143145383
9553887108
9908286174
7287049516
8626251188
9885026273
9000119990
9930646982
6305991534
8922235500
8291029584
9676712999
8459179307
7995277758
8516916916
8922252900
7416264455
8500303003
8099118060
9885875717
7842333399
8074896609
9398485699
9292459459
9052703828
9848163050
9848586116
9015964626
9989281413
9985786666
8037762185
6301241073
8978126757
7382333315
9902333311
9390019331
9849668466
9182212221
9491206141
9963361515
7989423639
7942762768
8374444414
8885858895
9493999983
7331192999
7420014074
7942845926
9849835736
9494645681
9347951605
8924221333
7004375488
8069248267
8924222900
9346050403
8185870802
7981317178
7901241330
9550921326
8977331660
8977599995
8019912235
9652757565
7396596433
9739588365
9246630957
9848520848
9032747315
6301042530
9396225293
9177930164
9381141518
9014312825
9059050410
9908968639
9885270817
9603554535
9492606970
9542099972
8019199129
7594002510
9704165134
9866281355
9885942135
8121212449
8879935417
9160126206
8674243494
9618627774
9505716269
8885909052
8919181844
9010144141
9440388919
8647254645
9391261611
9392939449
8328451389
7337206110
7947479872
7995959939
9849694560
9494504320
9059931758
7330900525
9133906563
9162828362
9985555946
6303817808
7947479900
7013006011
9010775599
9390593232
9515452478
9949894891
9505555673
9490592073
9866917393
7331112228
9849296408
9440830031
9247266674
8106802134
7794917109
9182075118
7842007827
7780663467
7386622463
9848756106
8978154033
8074256696
7382533644
8333997836
7829444644
9966336027
9492879797
9700929281
9704178881
9849229565
9573682900
9494543819
9505213766
7702714814
9014314090
9908020821
8647255466
9440712886
8019931254
8632231188
9246402174
9848613780
9866025075
7799385828
8520027510
9849665505
9966961566
9059459701
7036401829
9030751917
9866508657
9985882411
7013553440
7337256555
8040184450
7288978212
9346347625
9133533883
8068426654
8922233528
9866682886
9866193089
9703344483
9490231698
9441518705
9703575810
9000206864
9959225688
7337042340
9513480480
8556222629
8623242040
9603553355
9985761069
9030492829
9121650385
9030227759
9040069626
9866664517
8106818437
9866828983
8309597566
9848302586
8942227691
9440115686
9392323974
9440383409
9440937584
8985446661
9492327421
8660509448
7358897492
8570255202
9441774863
9494311333
7013371641
9290996681
8008123412
9052052068
9912693720
9091108108
6301817729
9133711823
8897584242
9866728920
9398661909
9866318017
9848357543
9441107642
6281252588
9247142035
9218169274
8106454599
9059493661
9492000876
7013312462
9959952358
9490882020
9441444639
6300872151
9848169811
9030329087
8978343809
9502078900
8071331055
8919091433
9966693997
9526953183
9490155443
7386767596
6383529821
9966322889
7416523128
9885022444
7338826985
9490165695
9505671395
8179719799
9248017276
8712338999
8897873468
8186919636
9441273879
9030400551
9352568128
8571224515
9989529034
9618918968
9866624660
9963977775
9618653325
9391838407
9856009856
7337586718
9000917123
9703859593
8080599778
9154222444
6303168466
9848930139
9866701426
9533329591
9848532644
9494477561
9966843406
9849614829
7893948606
8121827770
8639000687
9440215158
8044630730
9247382266
9440559307
9030804367
8572233753
8688720723
9440393023
9705493605
9441065694
7569870291
8309276769
9966805786
9581020193
8688922464
8985539537
8568286349
8978936785
9963716293
9966823300
9640177722
9908273744
9573466266
9553339116
9247008887
9959938380
9908732193
9398404095
9700275111
9866554055
9182637292
7386799999
9346346402
9347900900
8644229197
8644225159
9381378035
8672222688
8121746588
7287035967
8501957868
8672223555
9848569772
9182565321
9290187792
8886644868
9014163786
9848168363
8019895845
9030236306
8919200480
8099175165
9966744466
9640821617
9966236246
9396867779
8071655205
7075645225
9440372678
9966150964
9440243888
7013421109
9032735199
9390323349
8978837520
9494908820
8978578861
9573333945
8555898757
9553285959
7382559125
9959793931
9581454444
9848114286
9642284690
9490522477
9291277771
7382027643
9347897769
8073272414
9110771799
9848039909
9949334908
8592233315
9966281577
9618426422
8328381456
9182557626
7416166138
9486990928
9182763376
6281003735
9154708090
9154528995
9052486430
7995880105
9618798712
7386721114
9398687467
7036098994
7032525185
9866040174
7793908987
8498882088
7386048000
7569717461
9441956174
8790105868
9979939142
9848116222
8019324093
7396269495
7660806740
9959164945
9502386301
8812232427
9289922629
7093180646
9885519790
9490296667
7893657999
9652125555
9247462986
9849532166
8143695125
9440456268
9949908244
9966311192
9866129500
9030311009
9849692998
9143143811
9533337756
9492828320
9533338777
9494555291
7729011777
9030584542
9440823563
9177820924
9666653959
8004252858
9949961680
8592221634
9985424415
7702246578
9908826818
6302123252
7660938321
9848732555
9014974878
7661830260
8662974559
9010221494
9032528889
9490860622
9889889508
9866000440
8886567089
8008333393
9980454998
9849183517
8143815971
8121311061
8662422564
8662424934
9848343472
9948102259
9849560827
9912945888
9848560054
9182882112
9912387786
9440279260
8106018518
9052006555
9392545549
9966658346
9010163411
8001211122
9912698810
9848377354
9885190750
9573300064
9440019170
9642599105
7671069503
9618408176
9247712153
8977079082
9440686950
8985053999
9440353009
9701638359
6305478951
8686427325
8832444620
8832464144
8790521715
9347321354
9052232522
8919806671
8688850007
6375180108
9949351433
7989726703
8008847993
9490361972
9032921115
9440687221
9100970091
8369463500
9885500708
9121818866
9912099346
9440586570
9440664181
9985571494
9440607924
8500661113
9676190166
9666657567
8812230303
9492489153
8500038881
8121034590
9949947132
9848129143
9052741977
9885412118
8836677661
9951331136
7207555556
8046512157
9246654144
7730074297
9491048784
7702871119
8624222248
8624252419
7730088444
9063793388
9533336383
8897052386
9247465580
8832475008
9133226281
9182132013
8555885017
9949156564
9989609975
9440245981
6300922738
9440732301
9948430568
8500700711
9014452814
9704866888
9885155451
9246665498
9398977522
9010281111
7995495959
9908106963
9121405050
9030203784
8008494496
9848797412
7286814030
9849353500
9866714658
9030990900
9704203682
9440645676
8099946296
7095722973
9299998080
9703322215
9014088467
9849608815
9701803902
9849263103
9701268886
8096009962
9949966857
6381703183
8178025738
8792013447
9700693478
6281312384
8500300415
8885552977
9160345682
7989917733
9849542228
9966768411
6303588697
8897330643
9492224145
7337533005
9381516178
7386308788
9581322888
9059900004
7799990219
9494640462
9603061003
9550660670
8562272836
9182841278
9959999979
9010959797
7285962016
9849310818
7758995355
8331918417
9052311522
7893884757
8832438071
9032321122
9848840908
9440177573
9700833999
9247732075
9704586733
7702011522
9949050002
8047027149
8341726668
7997991397
9581239560
7780512860
9000340818
6305093535
8179334445
7799675333
9848060615
9052222695
9059511104
8019874297
9849397733
9030469830
8500559305
8832425741
9063072989
9885888909
8578221144
9642598987
9440224393
9700818420
8886553564
8297481733
8329894792
8500842125
8019990590
8554251234
8008594945
8754469985
8008891047
9959758324
6301136873
8890843647
9625575555
9895889293
8885806130
9640490859
9966263868
9676381463
7358258385
8555808771
8331034466
8106108827
8977057881
9441040731
8554274002
9849548893
9000203679
9441902204
9000060770
8500607999
9603222719
8518221500
8044953827
8125371555
9866629349
9948351026
9949472877
8886568555
9030054549
8008441855
8555923471
9948461966
9951171129
7780437077
8071889799
8037016373
8047027159
9966066777
8062916185
8071889917
8019201920
9885314555
9494689393
7995716742
9397916225
8019398699
9705959792
8328466128
7799955999
7799408166
8071889983
9948457444
9014907222
7548845042
9347155369
9985340953
7674079048
9840103541
6301457313
8919767646
9701368565
8071889666
7396377557
9177036975
9502496163
9154971691
9347423238
9848377738
8657568512
7981806555
8886224820
9789778985
9494099678
9849627474
9035554065
8074779263
8008445191
9542223362
9391550456
9581444014
9553397708
8885712229
6366952276
9959143212
9949201875
8919999384
9581666064
9059966745
9885919675
7306794388
9063630030
7981071294
8074230265
9963573653
8071889965
7097100971
8037016462
8019990007
7548805772
7207207247
9542719995
9392340888
8712609184
9030307722
7845363985
9182461033
8919525302
9393939513
9154364079
9493937656
8555832881
8466936185
8790157079
9848911777
9201010157
9160354410
9619633028
9052630009
8037016772
8044953897
9704740646
9989969724
8041017584
9885396143
9042267798
9347114229
9393871094
9248749046
9581622624
7799404755
7386440344
8985049497
9030196001
9885971740
9299999496
7032711094
8181996786
9494496105
9985018999
7548809274
9052508350
9963210055
9533381222
9392003875
9246483744
9948719222
9700420470
9063666310
9885193211
8632333369
9700976244
9515380810
8008360119
9494434949
9948617617
8297042555
9581494161
8977860959
9542722999
8977000605
9703113111
7056247365
9542785269
9107379379
9640767616
9676840909
9703133097
9840170703
9985007788
7337555238
9246697889
9849183683
9966699992
9652818079
7569254052
8106411741
8142399959
8977633400
9908036331
9030808222
9985258294
9440338881
9110325595
8341993259
9581943889
9701702620
7702799087
7032761679
9493566707
9849390490
9618858190
9948313972
7093393435
9949278777
9246395566
8048045203
7386665786
7448933747
9440247891
9959639311
9440285945
9177580401
9704362345
8071890027
9597552072
7396595929
9959214052
9949045910
9949940080
7893413847
9848000611
7013338503
9949784184
9032433345
9014771045
7731933395
8074147009
8886893739
8333891166
9392339556
9885457833
9985099482
9490658835
8002081234
9652427709
8512220240
8657568648
9963052573
9642666919
9849916756
9000748777
8074866103
9440324116
9494748600
9966650505
9949456667
8942222156
9133090256
8143672299
9030607016
9059036345
8712341473
8328256030
7097661786
9036454649
9848863236
8688123064
9052181777
8047027146
8044953811
9502059777
8041017603
7039001475
9700306777
7893939337
9010855118
8317678919
8340840897
8885638989
9848295244
6304502065
9985155555
7207299998
9866835102
8125634099
9848212453
7330723489
9966087009
8130181301
7386455106
8070743743
8885824288
9246277727
7948058652
7995002737
9393996467
9154281136
7842000070
9640755559
8885156688
9398617144
9537622758
9100373806
9666913613
9989120558
9849316984
9676504174
9247103929
9396705854
9885674466
9966665334
7416770618
8985276677
8912783575
8309354865
9959322103
9441598676
7396660211
8121363549
8672222728
9993378781
9966330014
8672227000
9291612736
7893432714
9492010356
9704442318
9866865117
9949057884
9652818105
9490503034
9440044337
9248155336
9246927282
9848121918
8897854252
7989229122
9951857317
9398223127
9182251020
9182079760
9948120705
9951150405
9866438473
9160223359
9246921177
9030390802
9989045686
9493008238
9505897269
9000833833
9440942049
9945157783
8562241676
9985246633
9441402970
8919039964
7569064317
9966393532
6300972292
8499969449
9849211118
9885389000
9959696508
9959275200
9346081444
9848872866
9492295224
9493579797
9550124792
9866844488
8977718817
9603266366
9355834351
7993885519
7036386999
9988787666
9615155999
8856232337
8856232496
9346971808
9494486669
9346993809
9391417615
9177437018
9676739096
9948773434
9866826022
9866775590
9440988025
9248133822
7995246413
7036179729
9542954449
8500081885
8186813443
9032081338
9908258888
7396684933
9866411390
9848682799
9390257990
9542522232
7942876769
9493704797
9985831850
8977054254
9912107506
9493772668
9959225945
9030929252
9246639009
9247478158
9573720839
9490904415
7702891260
8341512819
8977929909
7075867027
8977760748
9989811959
9849187476
6366667475
9642357589
9848048128
9550321383
7675032922
9290238883
9848903025
9247417099
9491929903
9160858258
8639767660
9951111111
9246651059
9951710101
9703033039
9949502144
9182520126
8639391925
6301361457
7997992636
7013101367
8096188777
9515071277
9440145222
9248419345
8341027748
9440578757
9848544422
9966051892
9100594499
7093747129
9014235192
9505520472
9848997777
9505345123
9901172626
9959247279
9394971117
7997918888
8074483355
7382342099
8645232203
8639159617
8639851852
9441294481
9177741113
8985952055
9177443615
9613456567
9494000886
9908437731
9246696686
7995859554
8309125122
9133442202
9949342799
6362536294
9989207479
9110588474
9666385602
9866270962
9177659470
9441589270
9866125577
9014703147
9866509312
7288955897
6300552027
9502845306
9110317345
9491132644
9989895491
6281482624
7670907872
9912699789
9848984457
9885509354
9000957727
9030210609
9848850116
9246985444
7993542605
9000078896
8512253785
9381559035
9553334399
9397056287
7896989232
9908379017
7358070080
9849417837
9032061508
9666392109
9014722940
9618769769
8688226240
8886520942
8247893572
8588807298
9030877425
9704951982
9885528103
9703196139
8919051038
9133610310
9240221889
9347077194
9849598314
9492757546
8185820257
9030333980
9992755509
7416414600
9030444798
8790488412
9963224177
9491586951
9440797105
7799975333
9848167591
9440247987
7947479790
8500050159
9440355060
7386064059
9959659704
8647230007
7989974161
8647220229
8374692277
9963934527
7731060846
9908632732
7702600272
9553776398
9440942066
8644225566
6302564324
7981563549
9390327744
9492982212
9948225874
9666314449
8978487807
9524571116
9000056116
7989176519
9700352020
9849987999
8106572162
9573649985
9948769276
9640586446
7995072664
6300171647
8942222293
9948263919
9618352274
7729975080
9494964459
9676704392
9963813486
9949021468
9959805754
9391283576
9440639268
9666917474
8463931721
7003292507
9440171297
9908700882
8121612187
9848647285
9441078784
9948803082
8555811855
9553369007
9100381789
9885651439
9492946080
7330710371
9440726539
9111988808
9121846826
9167835555
9866424509
8623244355
6303836063
9491692588
9989998070
6304480198
9848749161
8886688864
8554242425
9701491779
9187375578
9841707577
9441882995
8570256623
9701642425
9849796555
9244336666
8096977977
9866457490
8309684430
9866164991
8121266257
7207766842
9515544442
6301182847
9885037566
9030600794
6305211884
9246940606
7008480334
8179106488
8247273144
9573518698
9085916916
9848698916
8074477686
7075923420
8523018275
9573205115
9290087010
9247466793
9848752529
9177018634
7661943142
9000160088
9393935141
8074316455
9030953009
9948816318
6300433675
9187777777
9440420919
9848447494
9000240700
8819225333
8071654939
8044939709
8688340514
9666705703
7799844544
9949255429
9491925688
9885563555
8266896689
9848477447
9246664866
9505680687
9603539353
9059975699
7995014274
9133277752
8623242223
9866455457
9440287755
8068426608
9440907735
9059048555
8341214972
8886660108
9949549697
9479478471
9000385372
9948049856
9553850811
7809662658
9000902044
6303120800
9246222993
9398972115
9493771245
9059930006
8518352000
7799806143
9440292559
9949997018
9515036205
9133999989
8518246377
8518240567
7013130950
9010988388
9701904783
9490170452
9849139489
7989468036
9550752939
9908777222
7036088824
9080741147
8334973332
8963222100
9826807777
7671031382
9849303057
9441730737
9550801333
9948141476
9885144998
7386278787
9701176782
7331155455
9490845304
8912563444
9963505000
8106481111
9885655016
7675954177
8914056189
8916622444
8688132752
9247118764
9440254161
9701122111
8309385218
9133451722
9885581143
9014830975
9703058530
8985965598
9866667881
9550256999
9885424111
8247054587
9900464646
7207717944
8772222492
9392255280
8500020615
9710810813
9440984267
8071682127
9440646488
8184989612
8106268046
9440943418
9581537333
9866294786
9949999161
9440157499
8309595040
7075995679
8885861470
9494954218
8886422649
9676210261
9398686973
8890185004
9441725071
8558227455
8819222151
7780381624
9959257863
9150101999
9959957633
8121713009
7013039246
9652099444
9296953739
9886862985
6281404768
9444023649
9000207995
9182984691
9866856300
8885692660
9110371292
9505306881
9030905400
9440953593
9494388104
8309337421
8143318707
9866026794
9390457966
9966509808
9885533557
9391008776
9848926200
7416888989
9440867344
9966144003
9703065348
9182833437
9849136394
9000394573
9393628455
9704933319
8555818946
9440582006
9848246418
9502354460
9052507754
7801033370
9848546231
9986612121
9676370616
9010177709
9121922992
8885842585
9885534444
9966795208
9959579984
9392113553
8297311251
7780375361
9121993726
9502694212
8975119070
9515849005
8512256499
9849956464
9848737775
8185959118
7013537325
8008572629
9885233262
9949725645
8125245525
9030334545
8912549663
9966354003
8630000952
9885545139
7382012357
9493181317
9963333533
8500809550
7207453127
8919322121
9292009333
9494728222
9177666149
8096666070
7075451759
9160241069
9393938011
9618159662
9866654725
9885584000
8144224422
9000016217
9988593333
9177842098
9849670541
8523033222
8662573816
8340949959
7799779987
7036353948
9347234144
9440356731
9381564401
9000275716
9885758104
8688998855
9440384309
9640842477
7075703899
8096628888
7799990008
8498831111
9863636347
9491383444
9392187954
9550602045
9392933082
9494467542
9440673675
9121232212
7981574923
6300856275
6361513001
9966903977
7874816816
9966636687
7799720707
9441368182
9989033307
9652899496
9618961111
7799890404
9989777909
9247040404
9246434586
8919617211
7799444747
9966799916
9849150590
8639892877
9959596813
8374066658
8500554056
9642422223
9032123143
8500500065
9966337313
7416006806
9010649010
9247772137
9949935335
9397144555
7799242233
6281698606
9704902008
9885019742
7780769606
9966639960
8978886336
8668198393
9000881528
9949403558
6303628947
9849465401
9885400676
9963900692
9494980808
9966087111
9848692237
8772222043
9036334466
7075219191
9848780524
8500659544
9292005292
8686730762
9494776969
9985335254
9390908590
7222888440
9177263484
9666292029
9346821292
8331033222
7207399196
9440742202
9741364906
9959246648
9700643424
9652842056
8977196381
9666368629
9346885910
8801571844
9502216436
9000478488
9700778867
9902702351
9440722399
9963835252
7569244943
8282897899
9949084646
6281113849
9030409045
8885005521
9177722606
9014298850
7416963266
7095908118
9848608678
9533279289
9885296700
9440492924
7905419578
9642462856
9866645899
9848668773
8819224056
9951374000
8712959595
7013414004
8333094754
7702211500
9642818783
9491286540
9440419122
9030262673
9491592642
9849546999
9553990539
8332821379
9703201440
9989330326
9885097211
6309770278
9542424774
9985256289
9789357955
8885656701
8179497991
9394438879
6300716616
9676920797
9000919146
9110742008
9849322869
9908884031
8099237117
9959009671
9502461515
9390808700
8328372392
9949153087
9848861206
9108157069
9885028823
8328403432
9110744845
6302407909
7780593112
6303974896
9390346733
8106013131
9440312568
8856231978
7416102489
9849442595
9676760422
9536333888
9059047871
9000046380
9885534222
6304489040
9866109090
9491290697
9985999490
9491629740
9100750095
7893535399
8922224444
8500129406
9396978888
8978438292
8500508487
9885873976
9381625959
9000382815
9985585978
9966887242
7981100599
6281890153
9000375999
9966336119
9866853517
8978074808
9553527315
7671963346
9866963874
9440453668
9014355232
7013268812
9704037172
8639191975
9988686777
8367270187
9154443078
8951950630
8328373754
9492969868
9440204601
8341213052
8897791122
9849332519
9441072777
9133624781
9441887407
9884450338
9491324545
9804359999
9299992776
7036363914
9652791004
9666711555
8688118388
9941038999
8500933123
9989573006
8147090471
9985162727
8008019261
8309071313
9989333678
9441095004
9866151249
9849274508
9440727925
7032854592
8500791234
9550002000
9347031127
9553355654
9866141677
7997567888
8500002084
9676747674
8465828999
8832463981
8836666945
9848182373
8071640083
9949151523
9494003533
9246823001
7659999615
9988992886
9642771508
9966636658
9000920408
8341708980
9908511140
9492642244
9951284704
9849968553
9789033476
9885252699
9603915000
9290900000
6303506678
9989906763
9128599999
9502062404
9966680845
9059811225
9398867707
8150933624
9347151904
7702072615
9494651641
9246730407
9985373830
9885824878
9966688870
8039664989
9885331975
9866026305
9515433664
8309991675
6300704086
7382006619
8121424208
6303778198
9182430579
9848814432
8688126567
9989933344
8886332056
9441141633
9949840820
6301456610
9032329111
8309941259
9989360099
8977585199
7699911999
9966998000
9701594700
9032626257
7093075454
8885895645
9966687777
9494570570
9812559812
7382104808
9246632693
9493388818
7337007601
7995859917
7382529018
9866644094
9778489999
8662576940
9491830839
9290781622
9848134472
8662572949
8071889916
9392115327
7673977997
9393431796
8374153731
9148787678
9945196777
7989695234
9553008009
9550076336
7659061115
9394107157
8328121302
9502459012
9866501243
9502501054
9618954336
7306310999
9703481203
9441791417
9959818776
9550398699
9949903611
9640521746
9866040170
8341347809
8179120888
7893877766
9398323747
9866029485
8912541915
6281204224
9948474642
9652679407
9030966584
9000323210
7093011865
9346894569
8019873188
7780647818
8886252222
9246929964
8001200330
9951997766
9493385040
9118001800
7829400277
9392242666
9293943344
9032316555
9515155001
9133997997
9989000399
9848366354
9849180310
9533238345
7330242330
8142217380
8125267801
8125919645
9052252253
8001036910
8686677676
7901226699
9966532252
9154328807
9121104111
9550410105
9311587744
8977676677
9739272555
8008374725
9703622795
8555803150
8519904555
9948587330
9440669965
9848160109
9392981471
9949565730
9246785411
8047590213
9951988355
8712635820
7730992099
9553073888
9704108085
9390216187
9885311133
9652083260
9902037788
7893777994
7674981165
7993707399
8772223666
8772227579
9573717647
9704698889
9505704906
9000989124
9849115145
9491709311
9848074580
9030983000
9052352352
7207222022
9848652422
9705042921
9121103399
9505545829
8327775360
8500984320
9986662221
9177739232
7995628280
6281091515
7799747576
9704999933
7396666678
8885222223
9440329500
9030211966
9703836454
8886106661
9110752078
9398437256
9014790018
8367097091
8885888297
9299997909
7842379135
9885030240
9849966043
9989536666
7801089048
9618691316
8096629326
9059859381
8187875478
9676017721
9866995903
9703102482
9100137395
9705214208
9492515630
9177349432
7093540140
7013989429
7396025709
8374348940
8639862959
9866439620
8328082656
9010603057
9381078266
7729910769
7013421139
9398688474
7330872419
9581669946
9908822325
9848585176
8124644436
9989108841
8812238760
9703830935
9440166035
7013066554
8978194044
7981700599
8008700175
7331152200
8712127512
7659912385
8562456376
9550056111
7013729269
7013485760
8919960919
9701693014
9492759159
9948472109
7731850189
8037537165
9989204204
7013204313
9490077223
9642547777
7413500377
9966267412
8879242756
9886589899
9849111511
8142000099
8500219999
9441916446
9494410769
7947479821
9849663241
8074265748
9207200444
7095658370
8037513856
8019221463
7670901465
9000633599
8019478581
9951663661
7989086009
9393930056
9032100047
8359805980
9490761943
9100387755
8019776414
9346864074
7842966686
8985600078
9959850082
7989255690
9347330109
9963505922
9849482301
9618055055
9000411818
9849290371
9248148171
7702303030
9885082666
9704554411
9703579797
9398842139
9160035135
9533118695
9502850576
9951734987
9642416814
8633561596
9440494368
9492082456
7799182104
9154946062
9966711109
9912118585
9032044588
7396663154
9032856601
8985281357
9533569997
8886352257
9884433879
8686335393
8142225557
7997999698
9949860643
7997509786
9533375729
9392534808
9885089486
9032198379
8827698827
8885803214
8662560782
9177179991
9440421015
9398414289
8096772987
9573398233
9848068989
7032112646
8648222699
7947479834
8121320444
7989422819
9573029269
9912725156
8071936981
9949988788
7799544497
9100949744
9880690617
9949687349
9441143866
9533121111
9381569923
9345100136
8309446202
9573454058
8912726377
9440983094
9849133533
9441969334
9966040077
9959693322
7670901543
8912573515
9177655999
8121021051
8184913700
9989053046
9010267930
8812244244
9440145883
6302336492
8143530112
8099255355
8885557931
9705398992
9901298586
9100745576
9888193888
9951759666
7780711741
6301401250
9440605795
8004199399
9100645802
9032247867
9703131527
9052593245
8842354989
7378123123
7095045555
8985201818
8179233447
8675558111
8842375036
8008142799
9491997171
8328515813
9441090700
9912916390
8500565655
9849536908
8897992991
9515988508
8297742999
9494336953
9951762370
9553547086
9908636735
9849338661
9573334408
9899888765
9885833555
9581737779
7989904263
9440570629
9281014160
9014312414
9494145369
8842351515
9440167801
9121093386
9151525259
8374518334
9885558917
9705261066
8884444023
8062646020
9642708608
8886333132
9493231122
9966264345
8520958352
9989624553
8985501476
8143464841
9652762779
8044630710
9010170693
8886444698
8662425942
9912435959
8801138095
9885059710
9963333136
9346993740
9959556669
9849112666
9059120488
8037013980
8639789300
9573582310
9390212699
9014270279
9492956319
9985258458
6281522320
9550244311
8912592327
9348403399
9966055369
7989236795
9491787395
8886333708
9666994413
9542684789
9705230176
9959996555
7989234666
8885351779
9000616843
7794867184
9848871223
9440143174
9440433606
8142880888
9550077295
9000446556
6300401802
9160603636
8143905905
9440871701
6302605619
7013628287
8080260260
9705518400
9441643334
8143731713
8143334148
9493420975
7730080096
9666909304
9030873991
7569042337
9989589251
9701727683
8179302003
9000206058
9700092063
9866662191
9010991236
9652699146
9035916923
9885239099
9700275055
9030748412
9133813598
9700450605
9491049686
9849026960
9848104436
8712390555
7794902000
9059447687
9866025078
9000988847
9550051122
9603969786
9391561515
7997134445
9618837879
9440557679
8552250250
9989904880
9885228046
9000499952
7981780062
9440519069
7505333999
9441575555
9440021511
9440882516
7997818451
9912184578
9440626225
9849772533
9398899299
8816294838
9392763927
9393223390
9177445223
8712152789
9734117777
8677224377
8816255789
9705435779
8186822228
7075403149
8924230558
8886988724
9440373733
9398028396
9440134562
8249727195
9515301222
8121042526
8367092163
9505856127
9666426132
9959427496
9581818191
9666023456
8712278999
7893734638
9440613399
9502852346
8179665410
9505048897
9959141139
8912766333
8332996485
9550155394
8186089735
9440192185
9177732084
7799666418
7036770080
8500016789
8647228964
8686661234
6281288112
9652908039
9848222118
9703461775
9014439988
8942222400
8978393640
7579008008
6303231264
8367502551
8121998005
8106423339
9148657929
8556222575
8919912951
7993729913
9949011979
8499882494
9440938151
9618812665
8074486090
8922294068
7799966008
8564244744
8985618070
8147248590
9785286267
8555004666
8071178507
9493232666
9992223542
7594002639
8978550264
8639605441
8514242901
8686949422
6281260321
9502907447
9290050233
9966920816
9000688888
9866677314
7207403011
9502848528
9066151844
6353536363
9542085205
9966036888
9866393294
9440346661
9666454968
8071889806
8142222905
7680801690
9959494308
8309109234
8790604595
9618707271
9959795292
8297181899
8885286026
6301368609
9492200682
8099984827
9014301143
8099238708
9963344959
9030795255
8807227843
6304945170
8977773683
9346304698
9346555453
7013127665
9849114614
7842125566
9819501256
9553688577
9553726775
8572234746
9848974076
8882659999
9246662572
9849256587
9849506465
9849140625
9393909055
9652263367
9848442344
7989828577
9948206536
9014629005
9396666007
8422965638
9392252888
7995458885
9866409099
9866450546
9949270389
9441265886
8812221544
9989974711
9030183981
9989578030
8790551096
9515777751
9848724680
9494208765
9959281757
8328076626
9963592249
7396563170
9985425149
9573328870
9849446141
9440204373
9440204164
7674038979
9700019232
9550202244
9441290468
8019177334
9030000405
8297794333
9246653335
9908014859
9848938786
9885442646
9121242956
6281275015
9949566689
9849222028
9000870005
9515595571
9240222222
9988859222
8897226722
9908038829
9849005825
9490008474
9218101678
9866858601
9642566303
8125502710
9542888385
8143373343
9167318095
9999841766
9391107975
7989248422
8125749755
9052255770
7989626784
7396454233
8143530619
9866442649
9908254531
7675955505
9666705999
9912941794
8885907949
9966200006
9542495425
9429690338
9948236128
9346928141
7095212222
8466899599
9127430043
9966334451
9900253986
7207208230
9666800449
9246999777
9573944152
8978131666
8772264559
9703931315
9700505158
9030405050
9949606006
9959066966
9985208802
9491169595
9701111096
7997990707
9848691133
7075067555
8912556302
6304630063
9491813243
9866161224
8069351908
9849214415
9542045420
7036036035
8341848586
7023991074
7337218494
9182768758
9849229895
9391564829
8632331520
9951415307
9441249487
9010996846
9988809222
8019193030
9032122288
9160200300
9989207578
9848613118
7989788355
6300776833
9966881245
8045811724
8008100633
9000331710
9246413478
7842134160
9440544997
9949477772
7848812346
9291351444
8008333168
8977485485
9908203501
9542493322
7702186918
9014716211
8816223800
9030106037
8247712681
9441042973
9945569178
9676856677
8249638212
9346095266
9948233543
7893186635
8480002463
9866198428
9848418505
9032749990
9014641879
7416343119
9963378007
8639014774
8124194657
9866411148
8074150166
9000081828
8374516453
9704183210
9429690028
8121338903
9948835735
8885626444
9705325356
7799166696
9848165570
9848116755
9885118156
9494878758
7660898899
9989989083
9989584282
9866001647
8912563232
9392442021
9848104030
8886679166
9848110155
8666638787
9440675273
9985173731
7842211999
9701111659
9948697220
8297235870
9948985106
8143531101
9966551223
9390611276
9440380299
9666721858
9167378528
9247119854
9248017178
7032224608
9618051119
9705529424
9441878100
9394861077
9666264434
9618100633
7997139333
9848579000
9640979796
9912902999
9391884113
8008577469
9676786736
7997215318
9441212075
8886679145
7659057376
7997027732
8332030406
9346695799
7569002092
7411669296
9866146177
9949111114
9392703258
9030406056
7675807878
9666595515
9951415019
7013340522
8639714117
9299408323
9298906807
9393920870
6300856617
8801255255
8019943026
9010102024
7981901056
9848492477
9849795544
7981635306
8374767124
9704727219
9948846112
9440195361
9848122800
9133833718
9966649994
9441837807
9848607425
9182023397
8624251677
7997272501
9888905974
8332935333
9395578781
8309422525
9505333464
8106350786
9100357667
9515096495
8674294337
9182313915
8559221195
7036295954
9866999104
9550802831
8019995341
9966606647
7989007683
9052095502
9297201203
8497955620
9959984889
6281917194
8185007033
8897157037
9506065363
7406504868
9553354109
8647222159
9348810900
9177774444
9030118888
9014333315
7993975402
8688883900
8922225656
8367422887
9848810949
8639391711
9701299204
8522859990
8247716768
8919394483
9948230474
9849462952
9985093333
7799599729
7981759201
8331037777
8639647945
9885279884
9581183227
9052253469
9949347662
9030241632
9440759692
8096171791
8048103770
7075984422
8686678630
9966237535
8008568150
9440867370
9440796978
9182356489
8106633274
9059506364
9030853633
9849255513
7382222279
9000974434
9949660636
9550792892
9966001272
9492672705
9000683570
8500545656
8555845656
8885774887
9032577004
9959663984
9948014350
9959461888
9449010143
8019039369
8604430443
9963488152
8985403193
8977351993
9705338075
9666418688
7396333542
7842444857
7842494756
9885730902
8500229520
8096665828
9118005700
9347031106
8556221220
7396247001
8639426215
9553614245
8309985232
8143336611
9948892328
9390638285
9000688999
9966661615
7382771988
7780303257
9550633111
9949264599
8285256666
9494935555
7386346253
9032318871
9848538824
8664055222
9030070602
7386347777
8919200361
9292009143
8676232692
8676232933
9492845484
9502876748
9492847485
8886877338
9553487055
9985142624
9346466668
9885292434
8886373950
9573775775
7998033337
6303534101
7095544183
7709058837
9494995094
9885451185
9951786756
9346874363
9948366350
9248017194
7981011467
9247033343
8499029522
7995441666
7981654156
9052666786
9849457667
9849733256
9652547671
9398332666
9848029210
9396967656
9000460000
9652146555
9393844668
9440964589
9177888825
9491013789
9393232362
9396744999
9849520155
9703863459
8565978888
7013342701
9493300417
6301248085
9440866592
9110705130
7569623880
9491955508
9440311667
9133040414
8885986211
9849589716
7036153153
8500006500
9492743339
8632233469
8632119372
7893390240
8520008980
9494676120
7799817373
8662543242
8985811764
8662423591
9618383834
9866649389
9398787343
9440674082
8106988822
8295588602
9246615866
9030161035
9949413845
9154775980
9848191692
9849055825
7207851364
7893225939
9848186025
7093458255
9030908424
9362991859
8131845065
9402698166
9436227601
9862902998
7085689575
8415000982
8133085019
9862290952
9383080711
8974562919
9402997347
9436068891
9362811612
8974145480
8413834335
9954350035
9402685722
6033868582
9863499940
9383349853
9311298766
8258919962
7629841991
9383387288
8731039556
8414094377
7972263240
9362604319
9233433014
8259860125
6900378945
8119972570
8256902795
8794588905
8402087969
8822598257
9435640543
8851663409
9862915820
9436048273
8730065779
7005338763
7628988206
9863264393
8527341244
9362728747
8014232970
9862322959
8414801343
9092749002
7005019104
9863663547
7070261182
8798435257
9612481004
8730030696
8729881666
7677250250
8729902322
9615040114
9233798475
7005485188
9402449007
9954024471
9435106217
7629042235
8798052711
8787584189
9738584680
7896452033
7081641318
6009678391
7417374645
7005686536
8787773784
8798478115
9612116209
7044116778
8794989689
9366065019
8731811378
8732805707
8787321631
9366474872
9435702810
9612669855
9366925981
9957436624
7630060219
8653026497
9678697243
8414997591
9862174366
8259862017
9774807460
8259026295
9863525305
8787865068
8258957426
9531004998
9366125201
9863899145
6009978744
8084001288
8575735688
7085722615
8787862697
8794407927
7085972504
9650217933
8731979680
9402698700
8014050952
7005918956
7624818681
6009289867
9233428307
7005373382
7357401603
8119092908
8415924496
7085758570
8837401835
9863364683
8794137327
7005978113
8638286306
7099007444
7629820989
6009343568
6909180464
8794796816
6002025371
8118988462
7399974474
9233599169
9311946301
9862282369
7002717483
9612594964
7629081733
8732041429
9854234669
8258884745
8132945722
7005017441
9233097625
9233788944
9402222110
7640808533
9863743501
9402278141
7085947057
9362102700
8415812178
9436057700
8132012970
9233450423
8414969545
8729950783
7085441871
9863079170
8731046566
8794824688
7629985333
9856390682
9615109898
7005035426
9954546890
7002891847
8259030353
7630808166
7085722608
7085672047
8486239959
8413985364
7628083142
9862539890
8118910383
9436007524
7005662122
8062358993
8974141101
7628858538
9863445136
7413926777
8809936996
8794223209
9233431410
9602999028
8794482684
8256004777
9612200716
9362788420
9540698458
9233934484
8730045461
7627997316
8258827576
7002444285
8798050104
8798600994
6009200041
8132935458
9362865501
9678587588
8787673640
8413945544
8415865379
7896188200
7005674003
8822594090
8982884755
9089123774
9615033753
8256934855
9402677200
8794652253
8729929432
9101153716
8259903281
8004005093
8414038100
7896688807
9707476420
9366266396
9612218081
8798850526
6909738965
8729984528
9436634290
6909702243
7085160806
9402071827
9402607640
9612431559
9612983405
9856187143
8731084319
9402937401
9402055159
8486792637
8729838891
7629821239
8259080787
9233642917
9402477544
7085424040
9366346932
7411330903
8414984930
9612813435
7085499684
8798866759
8132892771
6909423206
9862920770
9401069606
9402869201
6001233123
7640954648
9856084271
8119901732
9118002000
7411864573
9152928718
9167118957
7357201667
9863329682
8071639258
9233301250
9362979799
7628064053
9401850274
7005893566
6009431212
9863831833
9366994261
8259865709
9435399660
7994264672
8258875033
8259012043
7005849014
7085427082
7005627685
7005239150
6909125991
9402045366
8258875750
8798092514
7085689905
8259046699
8732801304
8787609745
8415002066
8118953877
8873208824
8119858529
9366569596
8037377016
8131907142
8291952322
9233300917
7005669259
8731801345
9366949443
9862125460
9612239819
8132895488
7085865336
8413089623
8259021631
7629916413
8062646631
7002072461
8730029629
8119062046
9436898629
8729948235
8787833912
6909158427
8798053612
9362921755
7002369239
9233997178
7005046841
9383105826
9612981843
9612803044
7629960011
9612863046
9954102269
7896399571
7002312833
7002514958
9678633230
9864527272
7002072168
9365117625
7002318576
9101565719
7002097308
9435585726
9954169521
7086488647
9401321418
9854254141
7835076272
7002816702
7099758185
8638234541
9401049145
9401266666
9706117658
7002597668
9706511593
8486545503
7002552895
7002214663
9531184891
9435124020
8453778749
7002836490
9564795647
9957013760
9864584888
9706083442
7002187772
9864045777
6901078113
8761803545
8724061990
8448864208
9707554873
7002507586
9101267443
6901260106
8134072944
7637001555
8431737286
9864020531
6002986732
9954142950
7086189188
6002777247
8474063424
9854656649
7002900500
9954808312
7005658711
9127070222
8399966526
9476852503
9707524001
7086193199
9706249501
9864016999
9678700200
9864721492
9854017771
9436100000
9864305033
7086159095
9395101442
9864518660
9435002498
9957324359
9108790079
8822821001
9864434966
9707334745
8657568929
7002231101
9678507519
9435162500
6001881190
7002086275
9864490814
8486698660
7002209905
8720999388
7578006030
9508831264
7002599581
9577159508
9365184550
8011575789
9435080982
7002685476
8876543223
7002715882
8486592595
9513446164
8595450450
7002349740
8884336154
8638566282
7575966966
9513446092
9954104099
9435056444
7002064360
9707666673
9085308100
9864021699
9864015761
9101145870
9082702827
7002726087
9101933297
8403802404
7835807779
7002013346
9101699587
8486433945
7002606377
9435507040
7896295623
6002499101
8486295184
7002815696
7002815922
9101043121
9365530268
9435794650
9401346766
9707583507
7002045550
8134818625
7002453260
9127888919
9854690173
9854747426
9706377805
7637045654
9435149562
9577436581
6001565402
9395226088
9085183253
7635996931
9401806735
9401132156
9181365618
8486707578
6026602701
8638204266
9854073418
9854401635
9864441456
8402026361
9969383586
8876900903
9395405750
7099040529
7002949690
6000978530
9435164255
8899627917
9864449600
9101753141
7002246667
8472947960
7896415768
7002628052
9957631653
9435036063
6712255079
7002860637
9678343160
9101561064
8657568848
7578849910
9707333802
8486044949
8071890147
8399045417
7710097900
7428494657
9859955408
9643182259
6900099888
8486370123
9435205805
9435205747
6001622282
7002286324
9864614327
7045619972
7795361094
9854027171
9707495186
9401011777
9435022635
7942876758
9240031046
8486002588
6003710438
6026669552
9085223160
7003844393
7002715539
8287800623
9101278564
7517690157
9365033342
9101586803
9854038125
9864446812
8761068100
9101243323
9435512037
9864906771
9435129786
8471973427
8638854711
7099094242
8638026980
7002184035
8134082696
8822981839
9394826290
8876337065
8209693679
6901512173
9957899526
7002087038
9101676791
9435123968
9287999849
6002116402
8822559781
9435646462
7002516707
9678316700
9435064049
9954604540
9435845710
9954475777
9625215619
9395994394
9954497737
8486040133
9864127124
9864063366
9435113367
9957566738
7002055506
9181357558
7086945620
8638119897
7002409145
7002213952
9513180380
8002660018
9435097646
9435199011
8638852052
7637011112
9864988885
7099034590
9435549649
9435041423
6900523547
9864033551
8486466518
9864060722
9707521294
9678788386
8638113432
9954796299
8638848728
9401297243
7002111427
9513184234
7002471863
9706674963
9864044491
8473040902
9365487243
8402987238
9435541538
7002036424
8037240926
9401310541
9101039441
9416345615
9365397814
7002963733
8876329669
8134949752
9707893799
8876220656
8638274879
7002111584
9957896811
9057400662
9854290582
9167160437
7002141979
6900572498
6000016898
9101273129
7896801413
8876006022
8638761079
9101742689
9706692301
7002334029
8761060322
9864042724
9435422533
6900962144
9181068772
8011276390
9957601552
6000053270
9854026302
9513179789
9513179973
9435645351
8486529749
7002607235
8812879613
8256808845
9365293048
9854060401
8011810143
8471804672
9707195310
9864708447
7577007772
9707887809
9864525359
9555581581
9859646926
9957583274
8002083388
8638773657
8929031693
7002071628
7086827064
8011073828
9207123450
9513179551
7896319433
7002176194
8135053255
9864711157
9101356198
7002365005
9101468707
6001296388
8743028881
9289923124
9435054323
9954422800
8822830424
7578933477
9513445324
7086043500
8723822301
7086012478
8638557428
9957381510
8638222122
7002500523
9954318613
9706612093
9954034460
9707628882
9631148711
8983127579
9864902534
9101425986
6000544262
9395235764
9167837611
9101971813
7002069430
8876640193
9954182658
9365101997
7002412108
7035022110
9127055738
8882035494
9864246481
6900870859
9508343464
7002363490
7002412217
8876605851
9435087176
9395043981
8403961398
8486866627
9395430423
7636052575
9678694662
9365197733
7002426421
9864070675
9854054500
9435112507
8486321423
8638845583
7002335459
9531050555
8638790855
7002584487
9435031479
9864382912
8011103355
9508955022
9707124655
9707261514
9864335115
9707022400
8743820575
9401278657
7002210994
6003791510
9678005855
7002441530
7002802043
7002513418
8068434180
9854108259
7002074340
9864939147
7002972850
9513446150
6001992512
7002446010
8742965758
7002269089
9577533121
9706254470
9854320122
6003310944
7002685025
8761061396
7896022071
9435325605
7635803046
8135884255
9101244385
9096500123
9401115867
7577003780
8037781780
7002215695
8135067757
9435150474
8505822677
7605073799
7002702450
8472837463
8474079731
9435659459
9678766687
9401706986
9954934544
7002835672
9435568067
7002181306
6003433663
9864850288
9101688121
7896733916
9678897408
7896299415
7099030409
9101177981
8135094582
9613478091
9101349122
6001507231
9401046253
8402858774
9435069634
8486310437
9127365435
9954801826
7002923421
9401827964
7002405687
8011678846
7835806664
7099558430
7002622194
9435041054
9954030907
9365229147
8071889842
9830917015
7949125080
8486137851
8638900349
9864442778
8011354335
7002060076
9706222555
7002209588
7002059769
7002645692
9435082732
9854637128
7002020995
7002778972
9864021588
9435805030
7002473336
9435731481
9395735172
8134928702
8134948867
7002804227
9531202682
7002209913
9678766262
9954805265
9984468513
6003361167
9401005144
8638231130
9954452974
9101074462
9101125158
7635932084
9854142413
8876687524
9127248688
8638779180
7002282019
9435007470
9706859430
7635853032
9435184024
9954033966
8638730065
9435184054
9859909460
7002033861
9854347952
7086839049
6000577416
9854698831
8638244898
9435064986
9127358503
9387821078
9435250739
7086631247
6001031250
9101449878
9706283165
9435722548
9854975061
9082702817
7002029602
8638535413
9101241101
7002700980
6001500138
9085384628
9954224382
7002372160
9678209522
6901388908
8099505431
6026280557
7002353354
9181366916
9401238068
9101454400
9864076179
8011504693
7002587637
8638985738
9435507917
9954510050
6002094887
7086205244
8822724300
9577241369
9864576107
9864435353
9954752327
9957890180
8638311310
8638417965
9435108482
8638375062
6901320525
8811880051
9678928192
9905843551
8402877671
9365408136
7896013406
9395909657
7002359128
9101260872
6001325039
9101479069
8011317055
6900231249
8071640181
8474055655
9954368550
7099061773
6001099902
9954315563
9435038849
9864792137
9864620001
9101250652
8638904113
9435077110
7099160121
9957712819
9435077235
9678073911
7896690462
9435077257
6001817050
7099004522
9954059101
6913002110
9365515427
8638040430
7086773516
9395112203
9435069326
7670024365
8071655462
7002414785
7002211251
6026137385
7002177095
9395536223
9435515715
8822100967
6001096249
8471923124
8471856261
9394274141
9864777166
9435234680
8822077922
9706850873
9127811672
9706873777
7827968057
6003681698
9435020363
9365771050
9127458537
8638229212
9167994897
9859392341
9435239983
9365319951
7099481497
9435074955
7002439940
9706533914
7086880554
8638653673
8071629030
6003394059
7002067082
9101741660
9954396784
9957484571
7002045644
9435123113
9101777271
8638315352
7002038563
8638119167
9531248731
7099099962
9623396233
6375843327
8011663618
8638270241
9435085360
9577393737
8135055033
9864223079
9957366873
9854051760
7002704156
8638919807
9435555900
8720998717
7002804649
9435164128
7002705020
8724003343
9101204047
9864184701
7002213588
8471871474
7002831026
8067518068
9864174190
9435097198
9854129757
7002811369
9706727271
7099030928
9707729985
9435142568
9707823669
8125169053
7002514769
6000412854
9435727249
9864397247
9859486268
9854498391
9435123376
7002453415
7002434238
9954428092
7002602428
9401081677
9435123195
8472999070
7002510544
7002510660
8069641334
8638975704
6000085518
7577096159
9954241960
8397022088
8474029943
9395105756
8638658426
7002502102
7002080370
9706309645
9435320499
7002372855
9577957777
7002750785
8638608310
8638704270
7002416559
8486292910
7663893722
9957461662
7002095733
9957345436
9957351633
9707650392
6000928463
8876111522
7002211725
9706119567
7002194189
8011439964
9085225193
9101522927
7002607492
9435766601
9365497029
9101038312
7002745109
6003635652
9135571719
9101575011
9864257111
9954636076
9854352000
7002317180
8876076810
9085149425
9101324094
9181355171
9854092420
8291979541
9101157005
8822022925
7002520744
9706430022
8638700652
6002827913
9365325727
9658898445
9435946775
9954836997
9085161349
9476831733
6003925077
7002372834
9957547257
8847068332
7002676496
7638066094
9435222845
9854974240
8638687197
9859782866
8638027933
8753957448
9859980790
7002957309
9859365490
7002857377
8638836741
8638296081
9864398315
8069761703
7002187260
7896618872
9365001732
8638112240
7002789548
9706262571
8822777555
9854016665
7578942297
9957343013
9395265478
9957015499
9957795647
8471861455
8011612176
9435594546
8099464707
9706578475
8761068085
8638227300
8876785954
8638017327
9854059184
8011433732
8876425878
9854847131
9401706863
7002408110
9854041151
9954691917
9435524565
9101661836
8135808990
7079802710
6000944485
9957381406
8638653649
7578994855
9707272557
7002019998
8011858990
9101387042
8638853469
6002064086
7002040701
9085487001
6000406585
8876873736
7002807238
9401927833
6003759587
9706117881
9864361001
7002500648
7002425393
9085237605
8099918991
9864283477
9435575393
8638879835
9707314187
7086419400
8167692041
9387548908
7002058202
6000475660
9365946400
8011271432
7575950003
9864834684
9435746047
7387475486
9435014693
7002845046
7002714369
9954556972
9864175110
9706746279
9613159668
7002813955
9864210495
9954751863
8822938967
7337885262
6001069229
8638722574
8486119539
8486163717
9954684922
7002312238
8486330964
8812069145
8486808582
9365452365
8876909172
8011680913
9954303765
9365050380
9101398856
9435846733
8099340360
8011857996
6002405509
9954249955
8237784220
8638683445
9678082491
8486249925
9864183092
6901474499
8011397192
8876262291
7896805776
8135846467
8876962994
7896513626
7002311923
7002974770
9864377658
8811045865
9859971447
9954829016
7947165318
6002620081
9954736527
9289922727
8638993289
8638829654
9395961379
9891564622
8011128257
7002617504
9435044292
9875370663
7411959628
8037839443
7002063455
9181860511
9678523754
8638061914
8638791021
9706668676
7578087120
7636015067
9706165590
7002426238
9365288269
9435070738
7605850733
9435070493
8402080886
9678064500
9859905173
9365009083
9954110385
7002505482
6000074852
9435081856
9678043978
9957038466
7002871633
9612646991
9706160542
7099646554
9365846490
9954441590
9365049361
9365190327
8071325765
9127826826
9954996308
8472812681
9854016747
9854060369
6913817204
7002043811
8822664400
9954250476
8011744331
9957132421
7099189321
8471892554
9395405108
7002922651
9830036331
8812911298
9435015057
9859941044
6002393176
9706012629
9706432846
9854154509
9706771104
9864972096
9435150854
9613756544
8876385474
8724875473
9395713803
9613034235
6002348850
9127868136
9435887987
7635990714
9435071014
9707624042
9957453637
7002721227
8506064181
7002136608
7002618168
9854982121
8638082502
7411781196
8822462855
7002976794
9954440122
8071629975
9706321335
9706006842
8037839389
7002755943
7896849391
8453047619
9395406005
9435754461
8779338621
7002341140
7576862499
8062904654
7002131213
8472848208
9864762453
9435127100
9954044600
9864858237
6000120535
8822579096
9395115595
9957568259
9435035933
9864354539
9435044598
6000981707
9101919717
9864437293
7217888043
7086589109
9954425651
9193759655
8071629331
9395639741
9401369987
9435018838
8256050972
9435171449
9706585420
9435376484
8011002949
9678256865
9435021225
7002641131
9678109385
9706430986
8811096395
8638836853
8638489842
6913349749
9435702729
9435030376
7002023858
9365775610
9435341555
9435029874
8638978550
7399051141
7086377035
8723031166
8002095678
9401561851
8638894669
7980169014
8638943200
7002683674
9854225594
7002919245
9435117379
8011959088
9864518219
9957642865
9864582586
9954383933
9707602137
8638227428
9435037936
9707137450
7002814759
9085112349
8133875728
7002041044
7896503845
9706907133
9101377719
7002043674
9678973572
9435053760
9678377774
9954564336
9435131612
9706967139
7636034478
8876964151
8011120191
8876164484
7086719741
7002450833
8099198386
7002804843
6000714841
7002612913
9706036257
9435053902
9167797065
8812099857
8812993610
7636815166
9954807195
9101922327
8638923635
9859343272
9957067723
9401910053
7002577258
9435326720
9854337650
9577449810
8037908062
9435861048
8099871800
8723054717
8638001751
8402937093
8811033037
6900298266
9085582331
7896326257
9864081643
7636885300
7099078880
9864063410
7636043024
9435500474
8638750225
9954355067
9678137398
8071499779
9101456047
7896605582
9707755579
6901484084
9706440801
9365488525
9864971380
9101173336
9988118077
7002393279
9435080571
8876256964
8638033549
9435083689
6900525308
7002799049
8811034502
6003762926
9101756294
9706934551
7002732659
9435515751
9678864610
8723099781
8822011115
9707528239
8822490291
7002201464
7002007653
8812989283
8638033783
7002907267
8638019537
9706116405
9864567416
7002296502
8011151717
9707755622
8638356161
7002312490
9707075100
9797839578
6000051141
8486544922
9864741544
8638079820
9435185528
9101051070
9864741276
9372764636
8473818025
7896919355
8011661379
9864128575
7399897481
6900110413
9859640360
8876496924
9435388046
9957744814
7002110182
6002091770
9101543031
9365093680
9862228577
7002401296
9678387164
9864984600
9678006793
8134837332
7002381401
9613301078
9864057351
9365746895
7779992886
7002381703
7002335054
9954273260
9082714051
9508159134
6000658604
9706432487
9854898111
8472077477
7636809363
9613025747
7002783980
7636096306
9401002472
9101155114
9864970564
8638167314
8340577305
9678027023
7002616461
9854786162
7002094848
7002073279
9854041082
7002839937
7002210584
7002054091
8011640106
9101773181
9957187257
9372757759
7002489831
9101762069
9395374788
9864735239
9957281259
8638552681
7002699059
9401521814
9435121369
8486076527
8134908327
7035245270
9401805684
7002744568
9854185867
9864387140
9707775000
8473869526
6901967224
9435035293
8876565005
8011253102
9101547227
9401883437
8638734479
9954230812
8042300975
7002447965
8478881698
9613044877
9101138213
9401491476
9085825505
9321004825
8638387211
8011269979
9707773432
8638052770
7039002133
9854108866
9127753905
7002715200
8473993080
7002826859
9954923557
9324805191
6000490150
9435293934
9954070249
8069199817
9435111566
8402807234
8403993969
9181082366
9678768026
9854089163
9957202161
8638023173
8721043024
7399055525
6003863879
7002276223
9435239564
6003812416
9181012194
9435176055
7002443314
9435071459
9957448551
9854698719
8048794796
9969221018
9864939919
8133941647
8638150946
9678084481
9435658375
9854726366
9706903599
9101373827
9854072268
9958839303
9436100121
9859933092
9864092048
8638083941
7429139869
9706483691
9435042076
9706341859
9854105822
9435197462
9387123362
9864055240
8876371871
9435016110
9864327042
9706738294
9678008688
9854638874
8876635836
9706080228
6901348123
9531017620
8133993179
9101172314
9508003327
9706130141
9435337222
6206314427
8486789891
7002326540
7086072300
7002556774
7099034071
7577091494
9854083725
7099255106
7002636503
8779152839
9401944393
7002518418
8108145110
9435015073
8876243492
8126540059
9435545967
8135914745
7002538235
6900277360
9435659524
8453816062
9101796679
7896300105
7397095711
9619885653
7636081150
7002679126
7099598638
7578008005
9830640004
9678401932
9365598730
9395331873
9864952493
9957651453
6002991161
8638957319
9954382492
8638346250
9678056025
9854643314
8638894776
8638126196
9435323114
9127010044
9101112972
7708015151
8404014995
7002321108
9957123501
6003509312
8011591844
9957181929
7002514782
8134067358
7635895125
9864223172
7086832609
7002691744
9085366819
9854242918
9707648703
9864141033
8638559455
8133810814
9864767066
8071264001
9218101677
9954893715
7002197130
8927753318
9706485170
8638395780
9707785767
7002702544
7002301995
9678794838
8876889977
9401407128
9864766044
9101693643
6900377078
7604006354
8402964388
6003369497
9864364159
9435389825
9101474832
9678863743
9864232443
9365314607
7002295558
9435053877
9394574392
7002368423
9101866640
9830634556
8638090554
9507176135
8822666444
9435101433
9401689062
9864016070
8100738987
9287951489
9864218442
7086750909
9101866533
9854449449
9394020122
7576096325
8876728527
9741187827
7002604403
9435809039
9395825499
7002267462
9854162712
7099023434
9706905062
8486139810
7002923822
7002256039
8134805488
8876450280
9864051910
6026938971
7002871037
8638139445
6002521532
7002656906
7575901298
7002868297
9954122762
8453542480
9854026353
6000971168
9954065132
9435729125
9435095689
9577126943
8876006559
9864049254
9706096191
9864820942
9435019357
7099026842
9954251995
8486819723
9707077188
6292300585
9395807784
9954971275
9435736602
8399913123
9954485390
9127321329
9101583799
9085875469
9706899892
9435544440
8453705603
9591972785
7259672680
9319995347
9957896037
8486121228
9365276313
9864204814
9435076822
7627953411
7002565995
7002029895
9401281375
8638730704
9435108236
9954012626
6001588604
6913649961
6003898533
7978115561
8723974834
9864099919
7002954340
9435398736
9864142448
7002262857
6901463131
8721037701
9854412903
9864011792
8638190724
7002831003
7577846733
9954621537
9435088812
9706111111
8486024166
9706663277
7002556614
9101961002
8876348673
6001447170
9864894034
7086270020
8822495374
8071326883
8638293380
7035430001
8167541947
9101932224
6000390814
8876179806
9435008662
9435168254
9401069901
8724823280
9365964757
6002417691
9127239622
6000943171
6002078959
9706960803
9954825070
9435601821
8011640105
8822354478
9101892070
8876951989
9101088681
8472818900
7577005630
7896620363
8638191756
8638118855
6002294415
7002212095
7086189448
8099344179
8638761355
8638130647
8133961269
8761943569
7002755133
9435665193
9864490870
8240576150
7002491247
8011688401
8822533066
8486331244
9678655099
7896138397
8638300149
7002516802
9707341153
9101554767
7099003169
9954734855
9971620134
6000847202
8876812480
9241941296
8486372086
7002405139
9435054056
9678756147
8822476052
7002050995
8638535265
8638518208
9435128640
9864105042
8402098999
9101670314
9707812773
7596072377
7002115710
7002875944
9435088735
9101132303
7002862988
7099510012
9678943491
8011951232
7099785385
6000765489
9435233424
9706283321
7002439714
6003306277
9101687534
8071640179
8403852909
7477788168
7002055054
8402025053
7002549419
7002552194
9101094726
7002446485
9365987434
9954836711
9085481811
7002837152
9401932242
7399304561
9706237037
9864250999
6002027590
7637815335
9954143390
8486505126
6000891083
9435152251
8724960636
9678434415
8011526735
9435065216
9678382435
7002537872
8486355607
7099294934
7896760917
9706256680
8037150000
8472092361
9393917059
8486214111
9706024381
9395911250
7896642230
9101544868
9954447099
9401554616
8638752118
9954375324
8638165714
9706602293
7636022244
9954012074
9577013338
9864190845
6003238853
9435599944
9365773939
8402096509
7896219972
7002105625
7896032347
7636909444
6026313035
7662934461
8134035333
7002034507
7002751942
8876015466
7002301382
9101543154
8037267207
8721937386
7086679336
9954484066
9435158456
9678479408
9707506603
8876947101
8638249025
9957447303
6901251717
9101849540
7002913140
9706039084
7002802695
9365751265
7896043312
8011214894
8454955555
9864425430
8638660341
7086283073
9435474808
9706144218
9365191979
9957563903
9101744081
9864256030
8486420227
9435726133
7577992901
9435618915
8721914978
7002509424
9401349494
8876220425
8876695712
9864062166
9401916359
9864379191
9864458976
8486659030
8638779638
8453913039
7576097257
8011022535
9707663756
9365119524
6900653952
8135984189
8876634559
9449889624
9401714122
9435071030
9706426574
9435173661
8723823463
9101656476
9101107790
8011227460
6002808589
9101958942
7002231432
6003212785
7002870198
7086497192
9435032625
6000143708
6913346466
9957891673
9854244236
9957053697
8473908372
8638873118
9435132807
9365498787
8638567528
8069156703
8638579494
9954011312
7399087874
6003424739
7002322160
7002719992
9957177109
8638445350
6913332761
6297216803
9864762909
8486034810
9167144345
9916338593
8011356974
8011230958
7002382338
8011087132
9954329549
7577062553
9864154565
9181081043
8638061811
9435494949
7099213901
7099063700
8822121048
7002981516
9954190205
9731134174
9085478716
8638713964
7002231038
8133920081
9613394005
8135996800
9435138270
9954639228
9435875025
9954037895
8822170186
8011621186
8045873943
9365812212
9435071485
8471822264
8638991768
8876332050
9954266275
7086706596
6000920970
7637952512
8638750748
9435033922
9435034012
8011815622
8822997070
7002815659
7086319632
9706183199
8638014031
9435091544
9435091640
8011538618
7635806471
9435090293
9862849067
9435092139
9706241465
7576846163
7086513281
8876332696
9706994332
8062844170
7002809182
9126488292
8918779218
6001830789
7002825460
9864363616
9101794297
6000370770
8071629805
7636889486
9957137563
8638529745
7002346569
8724968143
9706884638
7002925286
8811089343
7002426188
6001660742
9435058011
6000367687
9975295242
9954729782
9101085201
9401555804
9706569044
8473827722
7478383549
7086321195
9395277528
9401814742
7576934255
6003669780
7086644084
8638678408
9678574119
6002834460
7002510166
9854497595
9854201376
9954493799
7086432546
8133828044
7002417442
9854299409
8310019840
9365251804
8011446603
6003367116
9101084490
6000462833
8822164805
7005289882
7637801245
8638044937
6001281166
7667931267
8638507015
9365290963
9387467674
8876790351
6002610318
8638072616
6000715526
9085345735
8638384965
7002742321
8724040929
6002839905
8402082321
9864369696
8724872895
9395038403
7399410657
8011716300
9435322426
9957111429
9706482398
8011335591
9854624231
9230988063
6003606979
6901640279
9101745200
8135013775
9435666777
7002563175
6002671703
8099554765
9854081948
9101630166
9435026585
9706233498
7035549676
9864086207
9147100675
9435519366
7002509365
8761865300
7002097218
9435649701
9831334567
7002825442
9954148386
9957979020
8811851953
6001224185
8099083250
9577427370
9954650369
9706438061
8876206109
9706239094
9435026838
9101197909
9508769787
8638152861
7834868691
8876011458
7002020083
6003985481
8794772192
9476712247
7099940590
9678587549
7002502795
9101158857
9101213707
6900834462
8048103337
7002052472
9957992615
7578002645
7086335388
8876579642
8069351660
6901329678
6000891057
7399302753
7002339015
9365930018
9954532640
9954487972
6900686823
9395177758
6002575954
9954654065
9394606820
7896862003
7002175093
9954361908
6746745866
9508812127
9864062993
9401606990
8071963572
8037150384
8724847410
9954832661
8071326449
9435137070
8638573677
7896054082
8403886063
8011733624
8811968640
9395689330
9137541260
8638021151
8099174720
8471916145
8002660123
8822306589
9954559738
8399049966
6002769235
9311453632
6901367415
8638519873
9101153547
9864068373
8011404385
7002648256
8134981439
8753091106
6355109813
8486975892
8011003225
9435110851
9859462046
7217888041
8638997196
8876068512
9957047243
7002498521
6900922155
7002059384
8133023889
9706370352
9132213852
9319697762
8721929363
9435089972
7578942157
6002539722
8822474132
7002854742
9401835218
8822358146
8822880888
6001383232
8899164600
9864028600
7002525833
7086354062
7002908129
7002314226
9101696949
9101499207
7002306551
9230775834
9435081989
8777501188
9707656422
9706011836
9864233444
9957999854
8399052336
8472899063
6002816499
9864548441
8011339543
9435076127
7002533250
9101073603
7002770485
8822599194
9957069702
9706054505
9706103175
9678419708
7637906431
9435134451
9864032866
9401779096
8486051962
9365248113
7002474967
9101127759
8472969380
6901759253
6002169127
8099203377
6000735583
9957337672
9401758687
9101367408
6002110475
9147078122
8822086865
9854080052
9957734204
9707774844
8101559957
7002191515
7636830018
6000270029
8822819525
8638274630
7002655819
7002540493
7002879350
9678585749
9365471057
9435109072
7002378102
7002999746
8486027944
9101971499
8135828417
9167172544
9864091563
7399007537
9435555100
8256044676
9707515556
9085308549
7002827957
9101046479
8062985915
9678179003
8724091627
7099028806
8069840335
9365135543
9864071489
9859867350
7002666757
8638271317
9706302443
9678288159
8011175539
9435018716
6001963719
9954059094
7002549389
9435051891
8067612345
8822634752
9864036860
7099030047
7966246160
9435081330
9435374055
9395123769
9706993273
9380425453
9954237149
9864307473
7002859965
9401138138
9706459817
7002058281
8638419202
6913035704
7002120320
7002584171
8486382536
6002731054
7896839386
9435180622
9101625191
7002413789
9957008405
9435452155
9101110948
7637004820
9957614931
7217888089
9854798157
9395313663
7002978569
9316970498
8135942960
8042783391
9954614157
7002744427
9435057388
7288070858
8133032829
9127187257
8011781181
9435521951
6009248733
8473090930
9435754845
9957617391
7002815387
9435031279
8135059783
9830334676
8723053211
7896046700
9854020464
6900513083
8876340675
6000802120
7002066532
7002848809
9435031005
8486844810
8876765573
7002462027
9954660707
9706845654
9435006781
7638077950
6900964106
8044924777
7002549218
9706359094
7002482084
7086335733
8723097654
9954179468
9007757793
6026897377
8135901826
6001394001
8011553482
6026746494
6001351963
9864437296
6000122388
9287981482
8925897803
7217888134
7002638079
9864401499
9954337271
9718144975
8876843608
7002423652
8403861009
6002538508
8638100280
8638375977
9101441265
7099275412
9395665395
7896218181
8099197889
7002972868
9613748416
8638207408
8037710243
9395052646
7399268601
7002503884
7002383394
8811072200
9706069706
9435085323
7035221285
7002203906
8046076790
9395987966
8011353181
7002604131
8876467858
7002716430
7002328714
6002935282
9435364485
9954761751
8486498656
9954056021
9365654485
9531217969
9954262661
7576007018
6901265320
9181030066
9365000168
9073973774
8471999167
7002777839
9903104988
8876278142
8486718532
8721854123
9435194704
6900848062
9864044677
8133851476
6900463357
6002444959
9864301928
8472977941
8876702520
7002088050
8794723211
7578936640
7002388682
6002810649
7099064625
9218051439
7971172247
8822382254
9678179369
8752982903
9864241508
9435742326
8723873925
7947165332
7002200992
8133954699
7002952647
7086016005
9957079702
8486805554
8638280042
9395137872
6000879350
6001818809
6002240715
8638873027
9864016936
9971934721
8011257880
9401554844
8638082112
7002406956
9706164293
9864225042
9362547945
8830084423
8812047567
9818043775
9435092215
8822686666
8822645865
6001798729
6003106835
8134957225
9365476611
9864783172
9864704650
9706496989
7002310810
9957690222
9707315318
9706960230
7002057020
9435375550
6001649708
8638005600
9435037032
9127233785
9707379911
8067518066
6001155653
7002904266
9287956046
8822939343
9101254447
9365894677
7851975599
7577086510
8099149135
8473890609
7002218406
9435134471
9706128815
8399925115
6000410743
7002100525
8879133730
8067335552
7099075928
7896318435
7896984056
9401078318
9365738266
9957534931
9395429159
7002315301
6001415707
8638621824
9954979166
7002408490
9854239121
9854029916
9387598717
9707918272
9864469464
6900999323
9864097158
9508088088
7891745793
9265269081
9706161625
9435146148
7002616077
9435040525
9365086386
8486477968
8486254701
8011869878
8071406511
7002360620
9854225467
9365071036
9707600673
9365794485
9612156969
8099605156
9954982611
9864097726
9101128352
9707923481
9394506983
8037267217
9435086020
9864770033
9101087107
8402933536
7629965320
9957446987
8453290837
9973333442
7042615454
6009805693
8453167324
9435061102
7002201990
7896494254
9678266096
9706254307
9954840557
8822485842
9395424006
8486121333
9435020314
9864900515
9085081111
8638681451
9365353745
9957651038
9774020668
8062646652
9126462724
8638759405
9678337739
6000913734
7002705292
8473050317
8403801431
8876653532
8638085308
9854000789
9706121654
6001723243
7578004277
9435910769
8133055360
9954011800
6002268554
8002094949
8638618833
8003949108
7002032703
7002319450
7577987002
7002507432
7002482007
7002064301
7002055858
8876437004
6000505868
9101730581
9435156168
9954907757
9706204933
9365264055
8638133802
7578040931
9864676167
9435102864
7099799471
6001551101
7002412590
9854033173
7099345037
6901130076
9435127534
8638470441
9854001122
9954580715
9101421311
8099312502
9101236054
8486371761
7941056669
9859623890
9577982688
7099997080
7002247062
9954793112
8638847659
9954474229
9435052600
8822090930
8486960451
9435083677
8721030893
9395827174
6353599821
8638571407
9387947102
6000640457
6001745902
7035669320
9435884198
9864012533
8037267065
9101907931
8474802688
9365076389
9854512513
9101379123
8638362757
7002725247
8720936632
7896008175
8884371293
9435555885
7002868411
7002952636
6000053433
6001937714
9859608739
8638674035
7099442882
6000350558
9864062199
9678548295
7002376566
9954919644
7002213943
8638429144
9864623040
7002217429
9707846345
6000059672
7002393553
8822029471
9508255177
9082229728
6000104026
7637847634
9864250543
8011181524
9101036244
8069874143
6026801607
6000341406
8011166663
8822186723
9101089848
7002690597
8822020860
7002272526
7002058562
9435081494
9085952175
7086582105
9435518767
9365956481
9435166499
6002748591
6001500443
9953250703
9394635311
9181110231
7942845407
8822116600
7002819018
7002154077
9957333991
9957271916
9706844579
9365775210
9435389509
8069351763
8473822261
9435021491
9435242850
9365686415
9207412030
9435071215
7002709506
9678015226
8134024011
7002106929
7002607103
9957553950
8037267216
9864928117
7002864496
6901223411
8011909030
8638129767
9435124067
9101345856
9435543593
9101135184
9429690455
7002334131
8403057036
9365488698
8062368527
9864680920
9365109873
9101524586
8822651135
7002338478
9365528813
6001924442
9707660309
7002562832
8135028104
9864751600
7637020855
9854261416
8011268392
9864012475
6002268717
7578914027
9678783616
6002668516
9435023497
7002282322
9864649956
9957586393
8778667657
7002389405
6001574552
8638686253
9954428902
7086772628
9101612170
8822992042
8638786045
9864938233
9678632064
9706722217
9864264905
8638318943
9859238698
7896710934
6003274746
7002928541
9707211884
8169892013
9282636208
6001455470
8638257526
9707677870
9903742011
9954485918
9678446386
8753079799
9435765629
8134879632
7002955855
6002503318
9864031382
8011071838
9706981902
8822810939
8800699823
7002060043
9888223388
9957089150
9613506775
6900380595
9101535125
6003750232
9085287365
8812832713
8638393064
6913525113
7002557631
7399033340
8720954325
7636871684
6003372780
8638749321
8011726150
8638740590
9864108606
9101591329
8638162906
6003744781
9864095359
7002005078
8011259933
7002386271
8453997917
8638027102
8486581192
9854903316
9706434257
8811968628
7903944206
8011998525
6900968674
9365545582
9954022863
9706179055
9435199628
9854050567
7045274951
9904575203
8486037184
7664941000
9435087019
8486444045
9101240560
8047629948
9706462712
7002715405
7002665728
8638168354
9706955024
8822135679
8486634397
8133809640
8876109748
7896669944
6000298436
9126482214
7002892704
9365765660
9707727613
6002350052
9394937200
9365200410
8062216518
7002007050
8638488308
9395660361
9954453882
6002104346
7658919293
9085617022
8071326528
7399199408
8638978271
9706901353
7002658406
6003540817
7002310613
7086114441
8403986538
9706812443
9864495278
8798024987
7086360378
9127155555
7896450441
9706687732
9029352707
9706850744
8399062717
8822874777
6001849533
8638616498
7002843893
8822922060
8011619141
6002866194
7002541842
6001746874
9957087741
8812031332
7002953419
9435155338
7002555059
9954580784
8638054387
9167298117
9996668351
9707794373
6000858046
9957334515
7086519510
9435913292
7002593969
9435104717
9613235388
9181839706
9864180234
8638330329
8822123373
8876061062
8822033082
9435076180
6000825860
8447386182
9101507416
9854054157
9954952313
8638505962
8638757905
9101503760
8876874325
8638119250
7906467662
8876866321
6900212414
9435514204
8474846090
8486180715
9854008143
8761988342
8638826235
6000217541
7637043908
9365403825
8876804986
8638871151
9101180754
6002116162
9706776165
8638250060
8011728602
9678971175
9706611069
9864783620
6901240660
7099067999
9101528422
7896512437
8037839890
6000720837
9435428204
8811847796
8291043091
9706547922
7002973002
8011261202
9476555928
6001831464
7896026660
7002301102
8062515009
6001637843
8037840004
9435240011
8291132849
9101345014
7002454122
8638005271
7002658606
8638546335
9577275275
8761905228
9864535943
9365483698
9533769188
6002939158
7002424413
8811036653
9394716602
8638301967
9435159113
9101525918
9859785408
9954122827
9854199110
9508850999
7086014988
9365288878
8976018559
8399036573
6001068627
7628805708
7002622691
8135041638
9435038206
9769603552
8864095116
8011767240
8473063196
9435596132
6001395405
8486044860
8472924215
9706629066
9181624585
9435623902
8812054538
7367952026
9435274530
8638061175
9181206349
8638048103
9074317512
7002056136
9864066445
8638276721
8638399431
8638859690
6001262008
9954146919
8071372487
7001265187
7002156514
7399927611
9435019277
9864048749
7041805212
8486168808
9706099482
6001628522
7099309922
7086077099
9864096955
9365481267
7099017123
9677201155
6001689811
9864943784
7002536481
8254056301
7002053561
9167912675
9394516601
9101407607
9832062997
7099835862
9957362369
6001735756
7635864968
9864685620
7010506932
8876439053
9954118192
9864016924
9854316812
7002953235
6001662167
9435042250
6900654342
8409277204
9678823770
8067518071
8811835522
7002342482
7002336098
7002602288
8638939973
7002357422
9577300527
7002945553
8822558707
9707505468
9101776881
9365475857
8210433213
8638507574
8250352141
9435021892
8399886494
8638773207
9707050918
8011500525
9864130705
9101403993
7969285739
9435493464
9859047752
9435080162
6901205255
9864136152
9864263117
7896253030
9864520766
9678881117
8011121314
9854343121
9435087137
6003833325
8474851022
7099720409
9954318371
9957911845
9101126247
9613039480
9401723991
9864413879
7578004298
9435029188
9435182156
8428502612
9282103878
6001664325
7577980081
8638181625
9859993420
9619982181
8134071909
9854004531
9435030964
7352529691
7005374011
8638908031
9864369529
9008382279
9717146641
9508387358
6344463267
9263634707
9546036233
7903006670
8051558571
9835232347
9304118738
7004561005
9905654765
9939302628
8521712418
9334122762
7283056501
7004532481
9234515891
8750055735
9631250693
7739516067
6201772930
9955515445
8825174916
9334224983
7870350206
9473016564
9934654712
6207953182
9599433235
7942876686
7979860874
9939252380
9431493056
8292105551
9064575703
8809964001
8789483605
9934262848
9304917389
9308136731
9113411258
9308415986
9431818071
9939103232
7669645505
9097979997
8271776978
7667011465
7631457089
9835269411
9576664666
7903385646
9572048956
8292455994
8709083341
7011033008
6203775474
7488356266
7808063765
9835601504
9263313279
7004629149
7678652280
7979009221
7004355693
8825350124
9097085476
7004876254
8298599844
7870774460
9304036920
8409078722
7488320233
9955655759
7766093973
7277762350
8092873603
7979834311
7070325175
7870590734
9972361594
8210536160
9123422268
9199322026
8541960389
7428755545
7562992681
7982696472
6202965214
6204002011
6291969721
8651442769
8051458756
9835445346
8409418288
9241922351
6204182245
7050731000
9431413048
8340687097
9873928561
8709901734
9386448444
7970636340
9065575878
8084447775
7385942163
9613419419
9570015258
7970615942
7488436335
9905075450
7280055200
8709715302
9708704283
9308489790
9031971855
8002798605
7779952224
9523818143
9471630667
6200286744
9939077850
8409999087
9028416285
7632949143
9835694669
9304754871
8676993999
9322315452
9739881290
6200816771
9288447478
7301960834
9905533631
9804516257
9523101809
9513445312
9717875952
8804981786
9304834608
7070525077
9619982625
8051161718
9955381212
8920852237
9968007377
9234388100
8083208407
9905943085
9031044156
9523987514
9430111000
9031243094
7677355469
9572958196
9811082788
9958255977
9835230185
9334338989
7070000736
9386183342
8789094144
9234052600
8406004300
9708222719
9199088448
7217805425
9939488450
7070804799
7087613949
9709518708
7042825302
8920930157
8404983879
9431860296
7761923249
8757570858
7282014973
9199933828
7004387994
6412423531
9560805022
9110900400
7488589445
8360353391
8678020293
8521118878
8252509275
8757278673
7250350784
6455295786
9142064131
9973403991
8603399672
8210621893
9939579699
7543003232
8210690259
9263436862
9934291332
8292085613
9090110755
9717020412
9934457707
9334154001
9934447929
9117171790
9334125186
9534444141
8929111435
8521050164
8210344609
8879976934
9771439773
7004731654
9122776626
9304335375
7903424720
9431487909
8879931757
7257894108
8877755281
9661366466
9386334446
9431287521
9473464799
9123187633
7979766792
9199930104
9708865003
7209304874
9973759368
7667584378
9470090621
7260983512
7707006004
7352368570
8929111298
7290880801
7834980900
9355522981
9934084546
9199792655
9472614342
9264472137
7763814652
6203843748
9525802341
7643068464
8484886419
7541046737
9748380012
9931642880
9835877430
9431259005
6205847010
8271907045
9693952561
8409228099
9123838145
9431401028
8809850361
9304223294
6182222008
9798901341
9852212239
8210522352
7739448534
9123173305
8252504908
9262720898
8579936094
7370041283
9334101442
8084029999
7217887961
6207841350
6205936901
9199338949
9504718915
7764057646
9430524452
9304743946
9471423175
7011800080
9772031832
7011291430
8084961985
9472812677
8541875999
9507143569
8603057428
9939128883
9934660390
7903112530
9973473434
8700177325
8709076865
9123139917
7303066164
9835070190
9097806695
7484056233
7949213815
9931035218
7277414573
8873412501
7545001199
7654979121
8709236283
9017359181
9155332222
8651660879
9431206524
7643825497
9082708223
8340466025
9508730383
8505803499
9934499205
9470745145
9304378587
8757986961
9334708714
8657568933
8298348005
7004970152
6202441094
9860219103
8047027204
9431438652
7004980118
8409266071
7004421046
7004611098
9852822022
9534805991
7070876566
8002186273
9955462402
9507559169
6200293499
7004966118
8484886508
9431296743
8804761711
9162490624
7277330356
9916469446
9334954263
9608840667
9771665372
9835098388
9546965424
9709245640
7209556049
8447144646
6200542115
9661680126
9240038358
9123198597
9973471977
7004210880
9711828730
7279819601
9852478510
8634687777
9905120820
9097036542
7834805353
8882877626
9525951045
7717730068
7352438082
6207252681
9065585051
8540856020
6299580806
7004829510
9661716291
7488105380
9546515766
8657588403
9304457108
9430007295
9973360001
9939881065
7250986462
9905146097
9386897326
8789215886
9205700466
9470222450
9234982827
8083220924
8873065700
9905245864
7004706286
9693810092
9955848368
9386910621
9513445187
9031613037
9471672996
8051925019
9771407476
7004559540
8789938278
9576842639
7209773784
9065566118
9543765666
9304218570
9835079513
9304055873
9661240404
9973317044
9444534097
9905785216
7992363532
7250226947
7350880853
6203991926
7004096313
9955302440
7004101738
6278220846
7909008207
9934763900
7870956776
8987190254
9355522486
6206229236
9296961359
9969941862
9334848129
8292825353
8210013367
9525412929
7654764050
9815492756
9229551007
7295958408
9431897642
8789138561
9708009456
8873058499
9031516866
9835996776
8877626163
7631558293
9031061133
9128400732
7530831905
9431244012
7546906980
9304217114
9472155555
9771222492
6203658924
8229041444
8877011275
7483250486
7070989870
9771653227
9801085006
9117282257
8292922352
8045999445
7631661620
9955353543
9262354410
7004469121
8271218500
8603450944
8210158422
9693082360
6201466687
9470057988
9279813614
8056119058
9431015965
7091133056
9199697128
9555246149
9229174988
7366860900
8929111537
9835240041
7283064495
8409968643
7903548773
9464944755
8438296582
9508332822
9934974045
8757778111
9931940464
8001037386
8873515466
9504228222
7004168144
9973915082
8877883633
9304786138
8252813330
7254819803
7254822470
8860640733
6201028167
9672119898
7482932509
9798306372
9135149205
6299784079
8657568682
8986020610
9430951980
9313018130
9507539869
9355523090
9472148143
9354196784
9308560647
9612942489
9334518306
7903377391
8443026265
9546995776
9546293066
9934751834
6200826551
8092349030
9973745555
6299958138
7004865243
9939255130
8447090039
8877396631
7979860332
6114357830
9431271220
9262228333
9892841174
9431858960
8544207704
8264100981
8083849209
7481068602
6299471003
9852843917
6206335965
9334948275
9693604943
9771035702
7352092956
9122168471
7903671221
9289922712
8298661742
9162455029
9472689867
9507030355
6204523002
6289644211
6122233333
9910863960
7209711961
8789568094
8291973329
9507395333
8709492739
9386122718
9693573171
8709495758
8084241216
9942087157
9326940215
9931886065
6202562502
8797251031
7033263486
8409786886
7858955931
8210101223
9082702144
8291974185
7909046529
9334400556
7646048949
9135714040
9006606090
9060735479
9934658217
6122504045
8709688506
7827375347
9891652133
7634824056
7646003334
8271523368
8825239505
9334512030
9955347764
9835441250
8789923375
9590258605
9852548180
7004818903
7979741995
9852140795
9199441002
9513445980
9304780276
9308345004
8809688719
7033097829
8092352627
7979030399
6202611554
9113195569
9153267531
7991143183
8047642577
8076536378
9798090584
9470666466
9708205139
7004909614
8873609623
8037837548
9431241451
9431435902
9513446324
9768186411
8929111602
9523065824
7295970737
8291974034
9523172888
7557731082
9835494200
8879238021
8292424574
8002760502
9289922791
8873559342
7480057737
8210101436
9471454931
9771137513
9708350579
9288169651
8657568865
6272222076
8434826666
9619934108
7544060607
9572590255
7484875586
7079537790
9955777199
7004732788
8291972988
7091966998
7903753291
9513446341
6207490700
9334475188
9955555585
8789559692
8409480668
9334759525
7488805311
8804067732
9334165209
9135554000
7834963599
7070074836
9945608687
9304493585
9973350820
9113416937
8291973585
9296787356
7903031970
8882525151
6206334663
9122194521
9162443045
9955293948
7283050216
7004459889
9570535353
8863062158
9931167770
7903000290
9654161778
9304165515
8340136034
9470210620
8521542244
9508502105
9513445612
9507070946
7004735726
9234921558
7949213830
7256836548
9472923855
9934443007
8271010438
6202788534
6201993484
9334766760
9934654122
9973343993
9852606846
6275222224
9308993899
8789264079
9155057311
9523909033
7061075777
9955594369
7209114447
9905441266
8789133510
7320027661
9955555676
6201833667
9167238550
9431653080
9122804205
9205810100
9801084700
9661222455
9122930276
9513446577
9709941046
9801792207
8271353092
6200852717
9798999988
7277352542
7004435166
9431890143
9534868300
7835053865
9955732704
9167416882
6206657016
9325516832
7004252398
8651409270
7492976949
9534905428
7870117077
9117011928
7463860485
7779998883
9334836474
9241291123
9431032748
9990141929
9905878253
9472852131
7717777140
9372764709
7544914357
7320836982
9229234848
8271707549
9931073315
8409663255
7295077208
9934410611
9473354310
9199533111
9471283151
7292066552
7321090480
7322954009
9709090189
9162285292
8100855899
8700230443
7004175890
8271029770
7482042595
9548000088
9431415162
8210753557
9386162590
7004328831
8292915185
6204425971
7781815217
8271039382
8544210600
9430431190
8825323717
8291974210
9065901801
9798207255
9709709833
9835217615
9910192319
9934961656
9939927078
8709819926
9006004499
8825113907
7254811555
8587836436
9931295474
9934229011
8544154455
9931044341
9572242528
9470857194
8210504421
9798106980
6201439358
6354718978
9122899170
7982973010
7631688271
6287065429
8544301002
9572271499
9631893705
9801030066
9631803627
8709822272
9289251941
9142620833
8709142841
9708256535
7992467573
7301170876
7011346578
9931309448
6153242066
9334267165
9304686339
9508533219
9934692875
9771711047
7463843106
9065008100
9334453558
6132313258
9334661805
7091300106
9308358511
8789800584
7949213884
7061630501
9135584684
8987186944
8010322725
7250788068
8210121902
8340712226
8409821589
9430000061
9570737433
9934984374
8929111536
9431091136
7870569905
9031006223
9939936136
9097800700
9122048797
7371061988
9835662532
9852630864
7767815886
7739940303
9708421998
9771053333
9771666333
8527455069
9955523071
9304415323
8936096869
9110955579
9264254144
8083032988
8709779341
8210095015
9123209231
9262788228
9709793908
9458250428
8051279056
7061501016
7654038987
7870101971
8538937007
7562018338
8825311721
9801755635
9031400553
9631429719
7387990500
9155248584
6124564582
8987199249
7759831921
9353992574
6203654103
8240755644
9596046290
7320939658
9104370833
8227004447
9153342032
9619529926
9801355056
9006485455
9315020763
7906114422
9771858729
8226901000
7250535785
6207397057
7562920937
8709777527
7782830379
9334235567
8651932972
8969030101
9304184722
8757666304
8210256976
7979734750
9264110363
9570506222
8406068772
6200978643
9801218786
9155733300
7482820423
9798627276
7762002103
9430085591
9905187051
7979025585
8340798479
9934092068
9955322296
8292941029
9576930185
9304112041
9304964797
9693501571
9801816205
8294159274
9142535416
7004337978
7992348394
9700331111
9899226045
9899800575
9304022264
7835049589
6204569692
7301533333
7545975725
9110963692
7979805643
9931853022
8809514264
7870408548
8340255561
8048170690
7549808771
7667049008
7631594768
8271293282
8809101000
8934961791
8210265979
7783897928
6204757951
9508588356
7909071396
9709520193
6207234869
9060948120
8401215607
9473027272
9931093156
9430806140
7759026786
8809377936
9470407506
8603205052
9525203640
7370033457
7856010945
8864056664
6205856520
7644944744
7001989026
9471424994
7004376098
9430881872
6209899035
7485090885
9798092345
8008890688
9334265955
9264499211
9472423703
7033313565
9031365560
9263621619
9060001200
7033444568
8726273233
8936885730
9693743840
9122834995
7903451848
9931012522
7667100638
8210986905
9296066626
9572504524
9709704785
9334337871
9934888896
8252181948
9973994312
9155596583
9155511029
9430890693
7320083821
6122225411
6232874384
9709769910
8825246150
8969400913
7549459996
7026632688
9507032370
6328229578
8804475030
7004934221
9934657964
9471955219
7061600001
7717720229
9431461394
8210048391
9708011998
9576324245
9771523423
9113165838
8674940384
9771154448
9304722456
9942000193
9798764340
7903071356
9771498806
9525815301
7903612828
9431092381
9431474185
8804577101
7546837549
9472077777
8603064877
6201129428
8709147067
8434977247
6205409392
9973717739
7250070794
7480964722
8051720412
9934057042
8744004437
9835970933
7280999373
8521352334
9334909048
6299547413
9007430758
9835068731
7840862199
9852833282
9934284530
9931943004
6182232058
9661170049
8210611923
9097335327
9911345388
8789658474
9523480617
8340146120
9525010050
6122350859
9304673290
9931846621
7250330790
7033066595
9852376253
8002655666
9934058981
8709544754
9905667217
7779990946
7323935732
9631324307
9693989933
7992242294
7541027515
7982702423
8804006538
9634088041
7277380581
9905607591
9693252813
9525885050
6200443836
8757904969
9097687085
9142988123
9955431298
8603851659
7970997707
9835090009
8709411286
9525748872
9102726858
7091011208
9934828788
7870371843
7678369654
8804500125
9504578504
7903767004
7979948317
8540894472
9534002582
8507219786
9308063961
8409047223
8862939081
7759984551
9262963847
7070270383
7004756020
6205565180
9931596707
8037150005
6202525048
9279856143
8581017502
8804778177
9934775300
7250363191
7210050006
7301073020
7645089706
9931727513
7004255239
9006463503
9835794348
7739919594
8002563652
8709861227
9852009318
7361912872
7979059727
9097165014
8409560506
7277629203
8271769467
8051676576
9852550861
9835258859
9990222379
8235278783
8434387423
9162414178
9334206762
9334047275
9931924970
9279261097
9122433000
8051180511
8581909536
7631176499
9334730111
9971364952
9835291073
6124077197
8071889601
8071889862
9708097552
8840081368
9334143034
6290257589
9472196287
9211414618
6200277021
9854234785
9471206155
6299537629
9525803817
9334482624
7070707491
8210800754
9534818121
9934792490
9986788734
9709010072
8252004471
8002335360
9265082872
9334196747
9386453695
9835449825
7480094847
9117941749
8521072019
9570000323
7779997575
8210680716
9334010110
9386744477
8809998475
9934070148
9431684900
9334027722
6122672962
8271330910
9899087003
9204789998
9334255685
6122230156
7070000694
9334442401
7070894786
9334202173
9234568750
7004737505
7673814361
7352550220
9835892227
8877771149
6122262642
7992276136
9939573798
8291566813
9473013242
9135800892
9934138772
9934957724
8095267150
9798450390
8002626356
9708313708
8210649934
7250894899
6203487490
8409897881
7870215845
9334144232
9334948775
7903290902
6207246449
6204294207
9708770045
7739966788
9771684940
9471296937
9934260786
9835616165
6200761955
9031541367
7781929580
9955354442
6204255695
7541901653
9955135552
8046808803
7274930940
9097724395
7004682426
9304493635
8252488533
7004633492
9801655548
9470657522
7260060092
7368087584
8002615732
9162388642
7676266087
7635000303
8271632291
9199066523
9457988797
8507081786
8935874595
9162000150
9431870100
7654443125
9608072179
9798229246
9572597228
9934726709
8102377105
8298246519
8804365175
8789555928
9661011111
8789802915
9973735870
9501442828
7277466773
8809106140
8541909378
9576267619
9279074616
9619443282
9082711941
9430245555
7949213784
9939545294
8757323686
9572089539
9572607978
8969097005
7547021956
9709742072
9534285350
7061282879
9934078980
7070755534
7004172493
9534754004
9031129322
9122445795
9534252611
8001039139
7070070095
8420077645
7991167912
7488178062
9934491805
9931853468
9934141900
9122068461
9334211143
9334288533
8269505757
9934493286
8540976592
9288004312
7992251763
7717770897
9128884488
8076077830
9209300233
9905279742
9431040477
9771690350
7277285998
9308782500
9934675496
9507640675
8879921984
7808986227
8651240872
9631160764
9279999965
8114546029
9933363433
9608983178
6454244411
9973497420
7004482286
8340692424
9334337211
7707006024
9852215291
9576300472
9852292885
9430008761
9006408386
9771716161
8873355398
8045811661
7563971613
7479791734
9504136684
6201087842
6200565729
9234383464
9334158963
9334336014
8757969008
9798201359
6122206172
9386544005
9234205593
9572958015
9263989723
9234867213
8877415111
9431239676
7654381437
9470018832
9102004428
9430242490
7808752542
9523617499
9431489591
6207039383
8409499002
8789769548
7549887591
9386316677
8340348787
9708888288
8298527260
7870287183
7542949443
9835268804
8541996759
9153971535
9631645811
9801111551
7903405170
8757704426
7260816020
7045965416
7352581905
9122215708
9570242030
8809999887
9334577730
9693199428
8210122673
8084383036
9041413082
9599074645
7488385558
9905441548
7004733881
7273954108
7979841519
9308699736
8368511471
9334029111
6290525741
8521899123
9835243950
8047027193
6272242546
8879479250
9835555182
9234757307
7004162936
9334510660
8825135869
9835492839
6202744741
7277777821
8207722577
9508909028
7870571186
9263242044
9060244405
9852486514
8757441331
9430200740
8002117999
7277117118
7091592219
9122230611
8603981987
9241853614
9128432420
7004332909
9708889603
9304690259
8210653535
9835853681
9835219946
9771366185
7482897150
9570001113
9570007777
9304795769
9431280043
9771975443
9334731665
9990382050
6262847777
9334707718
9386802229
8252299808
8048069476
7319942747
9386253381
8271345803
7667004617
8826652056
7463076216
7273092737
9241886397
6202022619
7464000408
8271724340
7717747458
7070703990
9852398124
6203141472
9835089707
8863954883
7764045666
9534511114
9905444441
7039003449
7050127504
6124007853
7542025431
6353564543
7903052329
6204607478
8657568723
8102516939
9123445660
9241970915
7004268224
8789710408
7070443388
9708777041
9097345455
8521711038
8047027218
8071890000
8071889599
9570060060
9204847433
7004619686
8252782123
8797044243
7319915766
8540847732
8084343434
8084889591
9308532320
9304935726
9798323228
9334201043
9584135604
8657568701
7949213847
9308880808
7667651713
9304268007
9334442775
9835608090
6200838351
8409447658
7480859301
8294021926
6299329350
7277338760
7763813942
9801980589
9576336233
9199044666
9973544880
9801819786
9798401211
9334167700
9319154842
9386608883
9572976346
7764920193
6205941810
7209621567
7717739215
9931070204
8757758478
9546989850
9709473464
9818600412
8802334642
9973337333
9199453519
7224009918
9341981643
8291022170
9304723030
9102157683
9334269256
8651000008
8002208550
7781915714
6205343251
9334852582
7781911478
9507979004
9572739103
9931600161
9304190744
7462867169
9810090740
7004431988
7061532053
6200715034
9973435824
9852325454
7277610800
9934041079
9113324226
9934057517
8001213648
9931603603
9619049542
7367943474
9942897095
9852348595
6312200901
9113163618
8340421040
9308094536
9835651622
9304978003
9472822222
9631280600
9931727222
7250061277
9955444550
9097963373
7492802230
7277808748
7991144532
8102558045
9472393941
9097803694
9852981991
9386345969
8084071265
8398828933
7870161510
9939210907
9431214881
8873793800
9155096582
9431669995
9934777471
9472060403
7765027305
9931702831
7004973034
7050037969
7004544434
9153345655
7250657446
9973063332
9065628786
8709718046
6205224367
6207816501
8434596777
9576227415
9334203174
7678347983
7281001075
8051337296
8252561618
8677002778
9142049883
9708020135
9155329029
7870544724
9661316448
9430962024
7979945178
9667367040
9128001111
7488571057
8291148165
9304169079
7903775027
9060555340
9334125019
6306023551
7257000113
9835250287
7209641194
9939417059
7888510051
9122994957
7488766651
8709131649
8369995651
8809862222
8084080837
8936000330
7979879050
7004120243
9431247118
8877650366
6201613653
8503773919
7352070347
8083403246
9835318178
9507294448
9234399312
7979749100
7766017844
7979826408
9162883752
7766832227
7903014469
9263403091
9431626642
9430619801
7004658817
9304221190
9334867435
8797834860
9113768172
7949213819
9102367131
7091228747
8651726130
7461086601
8578077527
9334902350
6214505004
8340289020
9431845739
9431867170
9899965630
7531034028
9525226722
9263876136
9771398830
8407003651
9973931009
9798206180
8210713806
7033096291
7076582390
8862894080
8102007336
9229293009
9304852124
9576455583
9835620114
9835811099
7033024107
9852137976
8709203550
7979012552
9386384741
8102426971
9082706931
7033190127
9693781591
7903128788
6200239562
9334288889
9953006892
8084641300
9852100200
9835060833
9334980792
9835445915
9334645635
6272233241
7870741265
9887068889
8001038583
7903316028
9709935636
7209286362
8210067809
9155517444
9835865897
9334337975
9939810092
7979838385
9771370068
8210870800
9334172421
7273816033
7970337107
8789145854
9334795860
9060126063
9835294646
9241869073
9771438767
9331913100
6203008075
9431218046
7645987456
7250183847
9006906540
6200564859
8441998959
8892192357
7984340441
8447147864
8294343955
9939158172
9135870680
9155562786
9835451687
6206892448
7903226249
8877000131
9470228644
9263420760
8603916190
8920310622
8340376810
9308752022
9199915662
9608465093
9973693833
9006595549
9334247054
9297741111
7070865155
8676888498
9570239620
7479528208
7004656699
9431640334
8539052427
8084482389
8404890749
9931960397
6243274256
7277225176
9931257745
9199456975
9371573095
7544022967
7370061886
7518023971
9931580488
6122664600
9304894349
9262699981
9332494900
6202530551
9031424370
9167274627
7277675873
8935871756
8048421993
6452245191
9852758581
9304431752
8879908577
8046984893
9354532286
9973488653
9308185283
9471218693
9431087972
8809746773
8709062326
9430905621
9835294961
7717772077
6746172579
7004847879
9771834271
9534447777
9097394489
9315171559
7272907060
9470251208
8084007920
8540890786
9955506069
8271005218
9955372600
8291498872
9431466655
7992366833
7004755278
8092876810
9939285258
9608077786
9199490300
7050940544
6344243167
9934223303
8084215102
9147750473
8507643348
7549273868
6200835817
9608846858
9523257444
9852242500
9831176665
7763818426
9708783921
7004653770
9939890060
9162113250
9934062649
9350752275
9577957748
9835990243
7352567450
9153763916
8969786763
8409277193
7870325000
7761919160
7004411531
8709458523
8340256532
9546203521
7488992578
6200257368
9006024009
8092396131
8825126508
9504168176
9472940360
8252685388
7903176124
9708079251
8539938899
8789691975
9835235682
7004534283
9431224846
9102783333
9304168919
8539885364
7739809050
9534630889
9155706557
6200236624
9905981648
7050420485
7739516262
9810669922
9835461710
9334141401
9334527224
7903473920
7542884531
9709502950
9142837681
7209476096
9117350529
6206958191
9341433713
7707095347
9955745929
7039038897
9594071058
8047027273
7314851533
9525002700
7762884225
9304719330
9525959921
7209101928
7314621200
6126711206
9653287029
7004494818
8521172910
7903868588
7856960675
7320933562
9801236853
7070707080
9852635799
8271111121
9576432446
8877667666
7033349549
9905511755
9128555690
8252316401
7004514987
9939208550
7091031045
9213009348
9413440797
7004281895
9199258014
8709659368
9631638581
9431050230
9905878589
9304820610
8936035195
9511240811
8271238686
9939700475
9430054961
8102379736
8877978760
9431605819
9135555151
8862888555
7033191347
9155398837
7541806035
6570475439
7230926996
8294567168
9955320999
9334158930
7909028429
7050943837
9738262330
8709047712
7782999491
9955724624
9031005991
9167496152
9931073462
7903741494
8044938954
7779956964
8210769683
7295876883
9717071726
7903303077
9135755830
9122366140
7004637985
7061905518
9934819735
7979880393
9934250083
6201397382
7631335444
8879129698
7759933444
9570833321
9708970680
9835654377
9798896675
7542915033
9572537242
9546349090
9801216698
8207664021
8044938921
8002780384
9934258936
9315572369
9135579700
9229316924
9546931393
6206386443
9135572530
6206606906
9262294847
8804684786
9065566366
9234628677
9572799464
8271997843
8292247080
9546392277
9431404536
9934695370
9708137640
9709519457
9304104094
9199031098
9798901056
9931015359
8210027925
9431053769
8507714780
8804922930
7323823647
8987210551
7314620767
7949213790
6126711207
9798545861
6201453016
7091490695
9852664145
7488688422
8292429958
8002966304
9431223286
8210916337
7050707087
9386795683
9891346268
9835429844
9507483205
7764942500
9031676786
7004897517
6122504745
8544477777
9608153410
9709700220
7061009844
9386732221
9931024755
6201570115
7277362661
9430524783
9955880092
7033027991
8037784134
9508239078
6205395069
7301414400
7488311990
9065387777
7281001038
8233753547
8294367023
7631045312
6206950883
9308568822
9955500880
8789500037
9931373063
7763080408
8292520220
9199761277
8815794076
8447191377
9769638625
9090626276
9304882768
7413907539
9334279375
7209652777
9507346272
9155487551
9472480100
8340322576
7004282221
9572295780
9470204080
9709311613
7947166813
9905608689
9031440058
8092183522
8294152625
8986983110
9431423189
8062914414
8102196024
7296079835
9340789150
9162662065
8757558223
7368969796
8051575667
9709945529
9334118060
9122220753
9625273437
8084542906
8507047055
9023062396
9955005117
9955601888
9304010727
9766499077
9431225387
7061311374
7717389642
9234065342
8873331829
9431292449
6203309251
8210931799
7739095476
9264447068
9341618234
9135667005
8409827172
9341508378
7258959760
9522555004
9102758331
9128479941
7543910475
6122672661
9123207148
9431081248
7091664545
9934927614
7463881864
7477242266
9334505999
7979078884
9631836718
9508402080
6202678780
6183222567
9129329375
8863839000
8073703463
9835093901
6207335487
7979736427
9955948475
9431446615
8084262437
8969172000
9334088892
7282994711
9015948861
9128444870
9661838430
9199346124
8809398664
9931923918
8541900695
9709152742
6114223077
7782818596
9521894423
7949213822
9471404252
8210758714
7004805005
9708172722
9955540475
8541955393
9973128046
9199098087
7903144730
8044938941
9905241127
8235689601
9308017781
6205267549
9431617038
7870788338
9110065965
7050044337
8757789060
8709093052
9771196699
9430210185
8084924834
8002625794
7033953843
7982661224
9771634687
7294191482
8409606737
9327678246
8789014446
7301515368
9304814681
9939059247
9955809037
8210469209
7273046969
9576809466
7903248170
7004737447
9546879423
9939099590
9661615786
9931218733
7004567670
7632084135
9334827350
8235571314
9113327534
8825162508
8825381397
9110191741
9473231456
9006962380
8210788310
9334231061
7061823283
8409436663
7322877217
9934890700
9234937452
7633846093
9504948485
7281001064
8789889790
9470650010
9942239922
7091483618
9430032992
8051333747
9572611626
9162734847
7030901161
7004937243
7260953558
8002057440
7739461460
9939480000
7903671058
7050241878
7546888696
9128712345
9534319426
7050825617
9135467175
8084873327
9264456410
8340553287
6201708842
9523606847
9835601831
9771392439
7004100406
8051677258
9931672157
7870984017
9973646464
6206184302
7779820900
9905466094
7779820701
9431289592
9430874430
8298867808
8340277259
9576072888
8071639256
7979820433
8986905393
9123440832
9693501229
9955426786
9525243170
9006122222
9334003537
7677464363
9304293799
9608874945
7979754335
9155352173
9771459378
8804327529
9262686999
7970979797
9835998274
9334109795
6126711209
9122793497
8235123350
9905479950
9931927300
8069156806
8294177060
9060894988
8757825029
9934249393
9570201009
7008622726
8809359533
9334444897
8862856522
9852287696
8603472559
7004187060
7324096237
9123134349
8540069354
9955591266
7977232219
9953682111
8271625211
9835654569
6205796743
8210128160
9334383636
6205833138
8709815131
7903056542
8292396825
9284557842
9122103330
7282038195
8285125792
9135908609
8044938916
8541966562
9529607164
8969947537
9631883800
7903336899
9546725083
9471916400
9570356623
8210177463
9939180180
8544616892
7677257537
9939695070
9835041809
9167831523
9801610582
9473454724
9031992211
8804085560
8809322992
7808008081
9955238611
8409186147
9934466746
9006519487
6206405292
8873319088
9135472654
9534380555
9470026488
7992264892
7309166425
8709102544
7033091113
9990665155
8084076786
9934808460
8045476003
8071325913
7488213346
8651130048
8809943098
8368143449
8789374479
9431266620
6475223712
8877831555
9431657022
7903378164
9431269753
7858903884
7949213914
8582038873
7004302622
7782880605
9771459288
8521907877
8986484143
8292121531
9931089307
8540861250
7004180876
8083203228
9386281415
7033339468
7070318099
7677321818
9835462102
9199863101
7004875590
9576487090
9016532469
9304566087
9082704619
9308719040
7631320200
7257910005
9708888863
8069456299
8071889600
9939813785
8062904571
9546774174
9334835197
9082711070
9304714641
7739467811
9204713467
9006685747
7277148926
9308851552
8540852785
9852749549
9731102761
9122604603
9334986600
7079222212
8877934816
9470871670
9122188258
9113302418
8521907204
8579986820
6200268840
7367812133
9308155702
8069496700
9304062999
7903200248
9122291700
7428890305
9711867596
9097503446
9306117148
9661042574
9122329733
7903622461
8862890768
9570809126
9471603509
7654276833
7870127560
9060782800
9431863157
9905935018
9821573808
9036634720
8757304280
9572233850
9508235646
8409875761
9631028225
9162430963
8210334537
7488409253
9110941458
9472902929
9619051895
9241433483
9931869931
9631328810
9905733001
9430061256
8252022776
7261879001
7260924342
9472817335
9835879610
9128788904
7903526031
8709659685
9304846632
9431094093
7979092908
6112232323
8106385787
9905480010
9102444101
6206078299
9304915042
9117564830
9931200092
7903733683
6122557912
8001200945
8071639686
9110139653
6205583370
6203140894
9973299657
9939960516
6260677498
8105777785
6205125009
6205589899
9507331193
8879980863
9431444133
7903417193
9835450804
9060610595
6205361623
8046984891
9835267744
7546885566
9560256247
9973353334
9534713536
7257003322
9852972303
9798753866
9334287253
8789211476
7004893129
8709315179
6205792667
9507393264
9814080385
9619153561
6204148015
9852468319
7654203013
6467226101
9905301936
7033730182
8123891374
9931888881
8851159125
8467843488
6204823388
7949293461
6203991670
7763814658
9471885589
8527683453
9308106663
7700001998
7322817847
9931437195
8002050020
8229898575
9334968403
7488487518
9934752370
9693887800
6204496932
7979043042
7992334966
7070895141
6201268418
8709198770
8936843825
9934697222
6299495106
6206066468
8448280190
9102173787
7870919986
7280855624
9572112381
9852147156
8789592757
9835254460
8709478396
9693922731
9155592000
7903310960
9801945693
9430568990
9973275985
9999769982
7763813955
7989843623
8051431020
9508146405
8789448067
8789423233
9523895017
9334227829
9234535439
9973030589
9980995198
9304002728
9471446626
9472651130
9431254982
6201920145
8235914338
8084578107
9304907331
9135035810
8578898327
9893657024
8037908042
9210809343
9835602728
9534342941
7061254694
9850442267
9939614597
7549954530
7654482533
8071936768
9304705867
9534208175
6355797084
8271145780
9934452785
7631207494
9431214487
7979731525
8102357570
9113822166
6201987274
9939531767
8757183144
9835234171
8434630364
9431471326
8037002409
8282828928
8271049770
9240030955
8071655092
9006505248
9905309434
6209612532
7061365904
8071890021
9931596767
8069867420
8044938929
9123320730
7992475409
9162821531
9955496789
9939220631
8602002987
9153615511
8797384769
9431864765
9472245786
9431867253
9315563925
8809945940
9504166598
8084540819
9931267521
7070207177
9939057408
9431255321
7543061639
7033282999
7091923342
9835729952
7549000828
9088747836
8071404225
8235221283
9353796399
9162883257
9308712840
8128404340
6429273230
9934244970
8299584810
9296888256
9546981717
9431815446
8826226679
9167076465
9263750882
9942027772
9431648749
6200470139
9973096243
6203103539
9341989628
8083209915
8757305645
7631373611
9341511401
8207488272
9297775544
9304444794
9430412372
9472315404
7050622748
8406978108
9304924659
8037002423
6205171480
7004774201
7903513636
9905266432
8879124631
7739680922
8863907383
9097511382
9304923752
7463071124
9852202110
7250650654
8409912443
9122400455
9852759583
7065430081
9708670791
6200123696
6290821150
9473293058
6243243191
7870189517
8405991617
9304962243
7008324801
7739462294
8809460007
7980633948
6202106513
9431326347
9572473436
9534434409
9988788689
9334759576
9431235017
9431482082
9204021420
9619973261
7909073097
8210433710
6201700820
9811629952
7979776950
9650318824
6206936725
8709113610
8044938910
8603202051
9289922177
9431412020
7254911225
8936021850
9304314441
9341744360
9102809287
8862828257
9661253820
7050000906
9354847429
9525742377
9431229206
8434972852
9113183391
7488213491
9153666796
9771236666
9334470344
9065518207
7488579644
9507701569
8873102702
8317704414
9835283873
7004212543
9999053171
7764878787
6201675187
7283084295
9798493491
8864004836
7808881555
7050888188
6452291029
9852488400
8298495154
9801480750
7260900637
9934257451
9031832490
8404861633
9122738311
9525306638
9031199228
9122868127
9631541106
8037002438
9294929226
8044938917
9097600850
9031558267
9098222032
8002538329
9122576466
9599430579
9142309326
7070112900
8290683082
6299572785
9316832226
9234212929
9771068652
9570712880
9031830594
6001672374
8235120369
6207002245
9939453381
9431628150
9931380820
8917321523
8709466080
9229457171
9386841417
9334166950
7004131880
9931245369
9934614141
9431276667
6206818358
8071890049
9311841437
9576737000
9835359286
9931030511
8092776098
7903928859
8158038153
6455222208
9931175332
9572943870
7549610918
9135034805
7654563078
8709021383
9341905578
6203471199
6299063139
9296308038
9570965374
8789325505
8210852613
9905465113
7250056918
9199180666
9334487888
7260045368
9386970229
9060565511
7779961588
8603052607
9931223434
7004996588
7870751095
9279376405
9031084291
7717739082
7541063887
9835668223
7061741164
7004328077
9785000225
9430066948
9234532977
9572805079
7266076615
8210775688
8754531843
9304382203
8051433227
9931855241
9304732179
9708455460
8863926336
9931771196
8071498313
8757272005
9334008386
9142781102
8002805273
8292212005
9334998318
9650607159
9334499167
7091209991
9304129550
7084137416
7759905533
9990138678
7870121718
7050365070
7070339348
9939435425
9204031774
8757465786
7004913094
9123201679
9430453565
8409496206
9934876507
9508905746
7991121963
9835404772
7488105434
9430285986
7277090919
6200209870
8409899719
9661301695
7070282454
9431888714
9294929475
9973218494
7371069605
7562968943
7549218161
9801982453
9939406815
9939995342
8860001775
7870764239
9939697441
9102816202
7004594443
7004787351
9801827336
9934903229
8340432307
8700774612
9955333545
8340439171
9431402507
8825266419
9973581306
7050194014
9709423576
7870363414
9835278516
9835772862
8071178172
8071936760
7717773641
7004831706
8904161550
7903332486
9534718371
9130591672
9546789555
6201298387
9955533794
9939994752
7991143450
7717706583
9631502629
9801725413
8291640679
9905272906
8425086851
8409264330
9431086383
7645033504
7004321144
9905023808
8935967743
9110039344
9955265188
9334157726
6299575574
9693370626
6205906294
9835428990
9310493202
8709084628
9006068334
8092214211
9264456130
8709975986
8700850070
8789979386
9241857228
7369050933
9770049445
7004355811
6204560927
8002039603
8797494752
7004228053
9693396400
7257979941
9852997070
7398158018
7717737523
9122711849
9835415819
9570988886
7007901542
7004964270
9805676767
9471418967
8936881610
9128741075
9031163334
7779949453
7949213786
7717749390
9289117289
6200303562
9958821354
8678091057
7992301576
9431087821
9504938135
7992327092
8210127378
9334372282
9504223831
9431677415
9430031833
7766915627
9835610107
8210725676
9431251837
6206677224
9263840915
6122323883
9355522979
6124510050
7014896779
7500986524
6202224214
9708435470
9006631564
6205209942
8044938952
8102635593
9709345123
9031409786
9580200554
7631301094
9835261752
7631264959
7370848461
6201127957
7294954624
7091769453
8825312490
9955295907
9608398114
8409798229
9110121732
7542002635
7004493208
7488897031
9934447674
7004825906
8677028698
9546335302
9931432886
9771282873
9122490082
9060678678
7277956534
9708121245
9838705074
9334260445
9065182759
8210869595
8709938256
9304613726
8863059054
9386867845
7033095819
8037002495
9534831111
9939615208
8340532166
9218054906
9102664522
8479908821
8208836548
8340755803
9931836871
7019928695
7352848472
8539005240
9122643444
9801227221
8071265560
8084591185
9162298271
8935884031
7004684028
6324264018
9999537686
8252239546
9801381104
6206576707
9122662339
9031532595
9546057703
8863082242
8051355981
9155493603
7870835934
8071370380
8084247647
9931438830
9279898284
9262695920
8409476824
9905077275
9570411966
8252302314
9430052788
9955294487
7415499438
9801342114
9162333777
9931333785
7947166212
7411781402
9955925400
9572495451
8004251122
8409558841
9122585973
7004263244
9167239775
8044938950
9990983092
6254246789
8002944412
8071178184
7491036617
9431498210
7479932786
8409889099
8102568613
7949213889
8340323428
9661983482
6201251656
9546100500
7004702978
7033135571
9234371796
7543822229
9472272260
9470245311
7061340992
9264476701
9708780355
9228836223
9835274068
7595053595
9472576993
8540051572
8653719166
8232888754
8044938905
7485047468
6207098282
9162863138
8269792983
8210468300
9097031527
9534606164
9430837445
7870416647
9229281599
9430258922
8789271823
6209477614
9934122846
9709818280
7091630451
9661607460
9006518976
7004255961
6361885814
9958501193
9817976571
8044938944
7250346666
8044953192
8210244852
7488172477
9097936631
9934217886
9431846114
9122599910
9835064641
7091479950
9507435130
9113187996
9939938858
7079778234
7870789472
9934975837
9625275716
8879975038
9572031045
9296349191
9142350358
9263784102
9709822817
7979020105
6207084252
9199120110
9619188249
6114358160
7549235504
6202135515
7496901034
9162662082
9971026967
9334743708
9801948298
9939862785
6114299968
9430246913
9576836000
9576118978
8252998823
8877058764
7942726852
7050473708
9122307610
8294311491
9939659563
9835800184
9973464817
9031638001
9700088209
9304710599
9835667512
8291458828
9507635307
6114222257
6202844674
7004831593
9334810798
9873032026
9386034007
9304283178
6202863602
9334059887
8292190336
9031416861
9934222019
9931543921
9801892522
8340397908
9934107771
8877434845
8969998233
9308889797
9631379361
9162616184
6201257612
9934412059
9199085990
7991134475
9065603983
9939195425
8037002483
8744060205
8292298941
9939042551
8210169561
9431270241
7903095655
8434146173
9576437316
9934976871
7870000593
9939055000
8789249594
9334803229
9262383350
9431236307
9386565301
6205117199
8757509965
8935915685
9334343532
9341667644
7903829166
9119009692
6203123606
9771648833
8579904667
9708082759
9430842216
9939656515
9835210617
6202916620
7739137264
9871913281
9431870701
8074914582
7979838991
8541918585
6202084210
9955488854
9122477337
7857924051
8084993048
8084306700
8603507411
8044938946
7564046713
8340499196
8083418123
7004870160
6209406683
9304972965
9910482442
7004627087
9852232255
7779878958
9313023944
9334115483
9934628632
8863805714
8804545656
9430878307
9931906600
9006327620
6202099493
7645911704
7667347832
9771273068
7488507516
9318477122
9835063448
9835400338
9334068704
8340246633
7870030650
9555770254
9162453200
9430405040
8084856424
7363808281
7004200919
8507383422
9709555394
7766067299
9113320920
7004060153
9142412507
8809225249
9262739999
7210648327
9934422275
6204271615
7352267319
8677911714
8271943229
6299292479
7033163891
9525980887
8804772137
9709892695
9507970667
6204892342
9113796081
8757883118
9973932387
7488632168
9472027600
7979005605
9608703803
7070550655
7261094627
7765888430
8084379697
9661695904
8657588802
9117727852
8929937978
7004236081
9955792520
9431068781
8083408253
7631214000
7545954730
9102281958
9934910782
8804564215
9431691252
7739069822
9709962200
9931083084
9576987316
9939257208
7050340956
8750621159
8037016347
9955404327
9431291610
6205500716
9304039341
9199236355
9771713786
9708019786
8210753328
7761801887
7070503956
7763815544
6201504611
7782884734
9006371135
6206262412
7282825757
8271890901
9430600225
9546754970
9279755837
7541006313
9798489262
9572953027
9097886137
9805320588
9931643222
8405956581
9525900818
7004675155
7634806942
8409790196
8434404575
9934997271
7717784838
8862881232
9135368582
9097909000
9092168265
8521693866
9234690728
9534777765
9709841113
9113128204
9608631852
8271229803
8071372035
9205097566
9006629530
9931335320
9534525974
8083814314
7903147313
8071639785
8877143508
7070709044
7368981713
8044938978
9060211918
9155198557
6206432899
9033101470
6209938376
7739893303
8071629108
9934071923
9934224904
9525998301
9102508889
9955556679
6323222021
8340633269
9123440445
7004474599
6200001554
9341784494
9102368824
8789610550
6122522694
6456251000
9335203030
9473349039
9955699515
9568045654
9801140714
7361033488
9631401323
8409757356
7061870878
9911720247
9472353594
9805699966
8071264742
9555420848
9905393719
8409493562
6207161104
9576985489
6124157522
7739211666
9693022057
7488279007
7011154542
9508799465
9142285020
9199992223
9470882374
9931864935
9304167797
9473294715
8037002550
7947469551
6183357243
9835446470
7678229673
6200727072
9006258991
8538969078
9708979001
8882925412
7562011013
9110988172
9576186150
8825276109
7463869531
9199425004
6200487038
9801677685
7761021594
7004872162
8521222640
9939540981
6204472130
6201867620
8696804754
9931064692
7968268000
9123119856
9835435364
7764873736
8538991774
9504826548
9608942608
7011829731
9709702241
9304739857
9525138188
9142919041
9570380876
6909726203
7004377617
7295941329
9709455133
8809006900
9523814903
8789587614
9570661288
8044938913
7463902572
9608058244
8046984371
9470292762
7970710653
9471025256
8037016719
8826858209
6206413138
8102240513
9709974535
9006990379
8090007754
7795288098
9334637311
9798722340
8521389546
9559025050
7004642917
8051513500
9631972683
7979946649
9973486854
7004383014
9565688301
9097198198
9934935833
8340108264
8298940402
7667193206
8051309026
8987257293
7295090909
9431016123
9905379591
9308327111
9931256184
8409136397
7004836279
9835623972
9430233129
8294511873
8071178332
8051586383
9155654099
8409609696
8825255138
9939064048
9955158027
6203387247
7949213885
9709728726
9973016167
9525555455
7070531919
8603097402
7407022881
9264192020
9833663100
9334336424
9470829938
8879115340
6203630560
9471476340
6200721329
7209274180
7004913845
7256890145
9939029495
7050500194
9975605161
8271272385
9142707842
8797322344
7257090173
9471296735
9931648201
9608083677
7484020318
9934748162
9431223769
7667633465
7677672481
7004695138
8757526589
9708253053
8294682909
8406979899
9155487357
8037781242
6206633796
9771211779
9939745706
8789610791
8084000710
9006167088
9631867108
7250790584
8824766347
7646069935
8044938914
8037002492
9718590778
9507272178
8340274549
9473445378
8434683934
8071820402
7261072018
7870870957
8655418503
9471047232
9973625227
9297878969
8879850278
9147372808
9546685556
9576936172
7503812405
9152007558
7949213850
7710955555
9288667634
8051634253
9504357513
7295904272
7209655886
9709734013
8709688713
8809914111
6232632731
9234343666
8271812244
8071681857
8709336366
8409838300
9334406888
9709139283
8540856935
8071640299
7079466759
9304526731
7992438023
9431293441
9852058491
7765063860
9934119295
9942648936
8318074405
8062914508
9334470866
8709950394
9334064131
7488979621
9097015266
8539911412
9206108200
7250093888
8210783288
8862876911
9507025913
8406088218
9473223773
8292542818
6341223030
9504375923
7631471327
9955695121
8051601791
8271030509
6123296232
9263905443
9308430316
9097288311
7980550229
9801560687
9939631179
7367968009
6244358819
7463946931
7352075420
9570383435
6746172331
9113162679
7011981083
7546940988
9142805071
7479734102
8862946432
7045052098
9097255659
6203410543
9097190704
8340192550
9523666008
7004255424
8789927711
8084576096
7717750574
8797578716
7004722343
7947166924
6201625480
6209260049
6299537336
7783041341
9643186949
9835629420
6206816017
7277729391
9955449990
7004304804
6202810722
8002876048
8709003661
8109679627
9199991123
9470641731
7542920006
7766087769
9386281048
7479948792
9572956060
7070731195
9973343625
9199233314
9128848264
9431087782
9097669047
8083023917
9631087618
8287774476
9019762237
9955125772
7004831164
8873760517
6203986653
9934758658
7306932545
9142322312
8210715494
8873616241
7765903519
9135713567
8037002514
9955677228
9142047599
9654015179
9504704508
8207435181
9308896411
9167253409
8797224226
9470663596
7033151437
8294392145
7004554035
8409971892
9334991874
7903115511
9430445113
8084365600
7352670661
9931960837
9234731134
8044938920
7061009102
8920114456
9470870738
9572775050
8071681405
9122444151
7004218641
6201964043
8227934571
7050134447
7759800772
6202965944
9102131776
8102693291
6204254853
8789266990
8071639700
9525203738
9240030829
9304290035
9631132271
7703951098
7903441473
7966247249
8037002508
7870892114
7277512786
8287755795
8044938915
8603378578
6204016002
9934459100
9262339593
7541999251
9934983382
7763821696
9631166763
9471938086
7033871745
7488920961
8068635312
9507528553
9031109280
7870854055
9771879898
7366903317
8298654400
9773989143
9934400953
7903028982
9308679900
9199012855
9973430521
9241500946
9934959585
7209938838
8252144780
9288632433
9931079894
9006103670
7991128556
7256013420
7979974522
9386043300
9835701171
9304055892
7764878246
9570603314
7632044156
6200035143
9958947585
9939542858
9798663264
7947469384
7023233994
9934813278
9934735538
9097164128
9097777764
9687609229
9708228977
7322972098
9990362415
8210556149
7903987144
8210972759
7004359279
7762043256
9608661312
9852143158
9534300531
7494004166
7631377186
9430564166
8002029481
9525399096
7903059096
7050014494
8969957940
9060766743
9122405340
7004100928
7991169163
8709155963
9939925049
9771627889
7277800274
7221078130
7992471491
7763999333
8407062625
8051470504
9523688968
9031015854
9523825078
6205209109
8298361601
9430030255
8757273056
9939379137
9709792428
9798012359
8067519045
9334955120
7033817606
9504272722
9031844853
8227919478
6201629890
8102681568
9334351601
8804894377
9939306620
8084465717
9953407595
7667383648
9934022197
6200084758
8252629092
9931488128
9472665224
8757356094
9811858898
6299727510
8294561617
9097726977
9113376708
9939733585
9708040970
9262242508
8083721859
9504473845
7991104232
9771203000
9798248921
9122846122
8271379130
7004553862
7061943533
7061631390
9155710256
6299650482
9031313116
9113736329
7908131994
9386285858
9835863550
7992374877
7979814014
6209620789
9334404732
9507626989
7091617310
9525956752
7544072208
9304665936
9504332478
9852228998
9608487110
9771995020
8541010111
8084159716
9973998299
9771095644
7903152343
7050327754
7970524754
8294604570
9199133606
6255223728
9939389511
7700822407
9431318866
9955408100
8807104268
8877518011
7272941762
8540986311
6341225031
7764945025
8864005025
9431287491
7050900312
7019243492
7319681367
7979033150
9334443450
8409416602
9931414109
9431242584
8210124883
7250942226
6204663729
7488556302
8969381179
9931480134
9570398010
9576514207
7646069904
6207278636
8809703132
7520131302
7042830300
7091701777
9204484445
9939955853
9801070040
7042544154
9191000091
7488416166
9006123163
7542820292
7549535780
8800721272
9709546531
9304948297
9142002245
9934000030
7352457211
9334273199
9835046059
7070232859
8838201842
7677005253
9771345745
7004133524
9534090390
9699367879
7050915070
9430222737
9135230384
7004307632
9973233729
9934075520
8071639253
9661070134
8935841459
9636182045
9088849994
6112450187
7488134981
8766550173
8709948165
7070753764
9570695807
9973332117
9631962104
9472164024
8294298067
9334728403
7549171800
9939353435
7479856174
8340724437
9135430174
9931497846
9430024416
7808885656
8709044941
9934248465
7033697951
8340502437
9905699505
8409519481
7004912296
9934003096
9128372865
9570441910
9204468098
9708812155
8405892781
9334280048
7250786999
9471815712
8062913999
9113726767
8130889210
9709441258
9931450604
8108102065
9608518508
9973931250
8521313434
8789347790
9631697342
9852717372
8863054077
7870760066
9693742663
9431454359
9431452311
8804378494
7979748917
8757883488
7004156407
9472468860
6202879158
7987125288
8434827530
9334650026
8340552008
9693587150
8002592969
8433569887
6206508692
9262704697
8409943347
7050545789
8709942273
9199362006
9801847919
8210971378
7255952148
9570198690
7631415666
9708135415
7909093522
8001968001
8873023754
7004687007
9467343721
7763003337
9065518218
9801879584
8002800126
9955341199
9264192025
8210540772
9525444307
9608598140
7004916752
7277540529
8409666043
9771442600
7646047704
9471022760
7903000485
7765082398
8709962384
8789684680
6204370915
8409401301
6299673294
9431024215
7903473161
8210555838
8873418550
9661375593
9431891033
9931795082
9155820168
8102532329
9973778544
8789015827
7488835627
8071629254
9304952922
9431435548
9955925231
8291643107
9801088881
7261022059
9431268117
8409780678
8804481733
9801835935
7942875290
9572737464
6207033565
7004470016
7033226976
7004990370
7903712616
9431070434
8298992935
9128557820
8873790275
7835005499
8541922577
8877570021
9431847469
9334440011
9934985743
6203484366
8340326096
9905049151
6206605285
9798260973
9835257741
8104532353
8409363617
8210000214
9955511348
9430644106
6200036842
7766919201
8076827881
9430238030
7903235401
9341020016
8986169015
8071639107
9421194618
9931053553
9523550785
6206060869
7033123717
8851290963
9155626431
7281947968
9304725017
9839733445
9334311217
7763819360
7292022117
8062703426
7549636561
9934177178
7766935419
9810615940
6456222958
8804172309
8507740024
9431682923
6294292530
9123181879
9821853792
9939545245
8873446666
8789199897
9835655945
7464088446
7543000889
7070991221
7542002306
8863849256
9204712600
8071629668
9525511444
8084486505
9934994350
9934030631
7004192872
7903643432
9523962786
9934707745
9939571222
9934293613
9709604746
7061616003
9708764000
9939818001
8229055123
9801748933
7488014099
9162997085
9955592212
9523974107
9135621314
9852237000
7991195939
7970901219
9934820871
7091459205
9122912422
7762055544
9430998224
7004014773
7762009485
9852065947
9693735495
9431056466
9931456896
8789937580
8539015907
8540040433
7739928377
6252291503
8789962701
9771519549
9955412493
9971440445
8709498539
7970845558
7903861537
9472284764
9234395706
9430094600
9122928989
9939689321
9934924742
9471234794
9431883504
8797310411
9934090920
8877045356
9852618445
7903943434
6203710463
9709606768
8540056786
9430999101
9708342417
9031856301
8210790164
9241057728
6205012455
9939546194
9431446017
8287533585
9934613394
9835910401
8384017575
7070649239
9973871572
9431030574
7004008401
8291282264
8102918138
7763043101
8709403517
8207672090
8757891608
9934497330
9973530700
8071639712
9431250660
7320858058
9006117060
9570842858
9430600143
8084904660
9931594136
8409908029
8083228363
8797855167
9504483288
9431408277
9504009702
9931240667
9693746774
8929538422
6205116535
9534370312
9973735857
9835621445
9470882999
8877563400
7564082244
7634978072
9934264192
7003413248
9931421738
9771340872
7007681114
9693213443
9661629884
9122476605
9122913435
9310825086
8002111328
9835061265
9801830429
6202122355
9973209847
9470249446
9102902867
8539894595
7209969738
9508718383
9835287600
9431212364
9631497915
7870888281
8651267943
7909017297
9576730985
9430206065
7739247747
9113438133
7004656392
8047027241
9534611313
8051714176
6202022460
7277702324
9931085885
7949213880
7763813974
9334555222
8409783763
8804871039
8298808949
7903336018
9507610004
9135114546
8051838991
6204545673
9430825541
7091085191
9709497307
8271162247
9065389090
9931874786
9200920082
6203714949
7371011925
8062906764
8860460463
6206121969
8595004349
9229206562
9931467989
7765838411
9155307250
8651104086
8409310316
7277742501
7033138002
7004110728
7277777930
8651029580
8603190010
7209567169
8789046037
7631707962
9852997524
7061335749
7852974016
6156350002
9973345391
9122220836
8709181412
7301434602
9471082322
9905612090
7004011043
8084273489
9934060014
9973987527
9852585045
7004084867
7004507494
9801555530
9934240161
7780568536
9304836942
6202410529
9431434346
9801655753
8651480191
8804493400
7519998766
6207445295
9831363298
8986359367
9523891813
8298800030
6478224208
8037221176
8002816162
8071371834
8235134111
8374638787
9304474574
9153989671
9931638262
9162824545
7255004426
7979875630
9999919438
9110987773
8071639687
9709626856
8340608966
8986931464
8071639709
8271412300
9431642899
7252940120
9431601400
7541989517
8071372869
7485055524
9871681403
7870301730
8071935323
9661347524
7209014850
9939365222
8071629579
9572120555
7870322790
8084521844
9835450001
9973732762
8969241577
8224000389
9431057730
9155762440
8789574731
8092216555
8071326666
8071629685
9634391146
7739539525
9717793087
9820701508
8539805282
9606112399
6203622951
6200986398
8800188334
9507298941
9771194639
9661064633
8340684625
9097008900
9534439916
8071640979
8071655014
9835007247
9709884059
9135233436
9931264964
9973045698
7282826443
7717794816
7739293006
7631803227
7763815325
8873831650
8581050540
7782893037
6203844705
9708416526
9430622245
8071643612
9631442299
7782971097
8064526085
8709952331
9709788872
7903203154
9955990333
9785280887
9939944039
7909085883
9934738631
8002229100
9990886321
9934005665
9097393060
7004845516
7765802200
9631048221
9873406777
9334040389
8102325151
9771111150
8071640196
8826918346
8986461301
9934673089
9473114673
6202082280
8409457590
8873573086
6203653342
7544015272
9576172217
9852110622
9955012013
7783880696
9934216201
9661244637
9875491007
7050269101
7979984818
7870711000
6207969398
7050008706
7009887473
9097271382
7739313774
9570407078
7367027777
9240038337
7673002372
9801150206
9097815561
9097962866
9507777795
7903057809
7352887728
9431822143
7325008880
7991184064
8830933943
9934205117
8969350677
9905998085
8252695702
8298978175
9334193000
7091603354
8809198732
8863831915
6205435892
7808849522
9334115749
9472286910
7257819956
8071655156
7488548581
9113119527
8804006694
8678099057
8789809357
7488911101
9128304751
9431070089
7050933633
8071679928
9431472022
9973050688
7979040501
8294317648
9472358451
8676072771
9304146850
9315678026
6206491849
7004375740
9031880765
9939493677
9631804663
8252447750
9570642532
7782084147
9065630391
7371064686
8409788176
8072877653
7783056569
8789599775
7840899191
8114576179
9304925296
8083133259
7870013992
9135268131
7739992525
9661238150
7308583714
9304101881
8340122128
6452243246
8240290685
9798347202
8541090494
9097993360
9523829553
9939767374
7654693534
7759833567
9431284430
8935968106
9608314893
9798784649
8002531314
9534941858
8802273895
8434779657
9934814119
9990995031
7632993197
9931916920
9534923191
6200854342
7483906825
6299946907
8434657950
7463986608
8521880786
9122382000
7545034450
7667004820
8271012402
8969831162
7654959305
9934095832
9304802930
7870770092
9297937431
8709622402
7004570587
7462858529
9167023708
7979809594
9060626566
7654776920
8051758681
9308452900
7254868782
9122876391
6201565795
8969200446
9973600520
8935966820
9234195111
9661872661
9204163761
9546483598
9708839648
8935905720
8873031354
8340722302
7903989552
9122323881
7004318689
9958274340
7070232439
7398773098
9431027434
9308540550
9779153547
9934957550
9262648770
6253244163
8789487236
7903007712
8539985285
7979976583
9334051489
9835418348
9262877198
9852522854
9939594119
8405070478
6200887237
8873036880
9097400410
8789418280
8709016093
7764997816
8037220929
6206281275
9613396033
7004119460
6206693500
7282912509
9110036428
9709906001
7979783900
9471057199
9939217227
9631192138
7667350560
7541850222
8700021820
7562803201
7004291020
9006734998
8002238454
7318488285
6205795140
9835216167
9504285125
7295900534
9279015955
7301855756
9334638844
9525842109
7903819201
7004630779
8789224671
8777382307
9798875991
7970501671
9279547542
9386645326
8045950083
8252889224
6200989651
8879891081
6299489303
7296089881
8527721098
7070095644
6203604925
8044938918
9123265591
8071178405
9430655215
8071640575
9262869788
9162873060
7461002416
9430231148
9852537382
7366953201
9297799921
8507125250
7255855855
9204040633
9334601000
9234878021
9709996071
8434844444
9708816323
6204749642
8051346439
8210263998
9304550100
9708010116
9801439591
8210909938
8871245869
9122882827
7546923539
7970440927
7903758008
9097072517
9934433951
7320929056
9931980328
6454356559
7488524817
7942876697
8757341453
9031412509
9334024658
8235560060
7033672662
9939291599
8882238634
9693534626
9931477257
7004283365
9199964268
8210969571
8434634914
7979919133
8207345548
8578814856
9142560524
8789577027
8863924275
9693042319
9304457915
8863941337
8084570266
9709898803
9934824640
9379711476
8409111449
7004963395
6207626203
9102515960
7250804844
9708119408
9113304323
6202960862
8873805008
9041712233
7903720030
7563054462
8051697652
9334753722
9693700095
6123225700
7004820021
7004110459
8809186651
7009565834
8651250339
6207031654
7765001122
8271122481
9955991549
9835659660
9958713071
7717734244
8252747547
6204573321
9431055300
9708913349
9939119403
9798639727
9508663974
7717783671
9304419365
8092479202
9234448494
9122779988
9431455232
6202094385
9931824334
9204571472
6299388051
9931483036
9504382246
7050377757
9304490504
9973343266
7480823394
8507224032
8544049784
7949213813
7004100208
6201616399
6203781056
7903122531
8084800746
8540857074
9110087962
7321908846
7979881414
7061893354
7783022301
7631059137
9122286736
7011058947
9264456115
7631714417
9162898947
7654448567
9693024184
9122915786
9065363276
7319741890
9470217930
9279211216
9128208393
9939527310
8340587894
8051262606
7449724740
7310691098
7004542243
8434566838
8709305507
9110192898
8657568868
7004773247
9661603124
9122917229
9570952347
9304808350
7301004209
9693813629
9334811462
9430653994
8048158699
9142509208
7091155377
9534266644
9262571787
8433944656
8210126908
6345224731
7979862104
9060601333
7050837260
7519998770
9852937488
7739969436
9546221067
9540282049
9798913430
9430000984
8083061430
7004469408
9386360826
8409305903
9934039820
8002820020
7352931195
7070383835
9304207685
9852008256
7903657006
9334117628
9082702908
7992486880
9504893863
9939397593
7903175828
9953940245
9934045639
8210202378
7061689011
8864068599
8071639615
6206225495
9135993817
8071679931
8789048912
8071629114
9973364285
9835259890
8851506896
9934457050
9279240327
9608864742
6452241619
7903852283
8877015256
9334075149
6364569442
8340401700
7870476454
9091790917
9967930559
9599534186
7320923601
8071326615
7479493339
7279924170
9097019186
9386415795
8809349495
7992487554
8102532116
9264497969
8409993253
7250502475
9304294633
9234005750
6200381356
8434389523
9905060178
9142200879
7767932000
7761998088
9111881999
8130505304
9297909192
9934038998
7654838815
8002597415
8579029087
8071936755
8252080139
8406871214
9868561242
9931229400
8809023243
9135426736
9955723818
9534389371
8252139595
9507050667
8092236651
9955087227
9934038948
9955141414
8804518263
9955591102
9503467257
7976165631
6429273640
8340375005
7764894235
9871201353
9608789994
9334845024
9955430702
9934799906
9771358537
9570874964
9155147600
9110033897
9234918001
9709393443
7982561432
7042920409
9534507922
9097271510
7549851260
9931597121
7903554767
7091159053
9955077665
9768512613
9801866648
7909024180
9835259079
9386281080
9939682085
7858872717
9386644955
9931344134
9709829415
9122955123
9572995426
9473289549
9934795213
9471969658
8890614766
9471002293
9823708229
7277162720
9204875513
8578913148
9508747463
9472093913
6122295004
8071681359
7970637797
7531076014
9631997340
9905336416
9693163672
9939393340
8434276026
9934089718
7667609390
9334339238
9431421116
9919755523
9572030559
9472522222
6473223370
9304168688
7050767609
8065184757
8002727100
9852572801
9905401690
7004330759
9934222915
8936861661
9507822073
7763069699
6244222156
9308575763
6299924717
9852559968
7781013133
9155583376
9431068692
6207926580
7004100807
8319300399
9097027756
8002888381
8677002344
6201493998
9142153714
8929692772
7857883833
9334228897
9708130394
9955672413
9996019555
8520639411
7033563378
9931003122
9430012057
9334121017
9508848230
9471433676
9162897185
9835291686
7717793416
9631867276
9308670604
6202502861
8709842346
9534774555
8076726199
9570471753
9006634066
8044938922
9973648295
8340620886
9939034462
9931640417
7979991428
8540098265
9386595588
8002951590
7250040444
9304665488
9334338544
7282888844
9546665153
7039001577
8447745709
6200153294
6205000105
7870615550
7256857260
7870834182
8002100881
9570771707
9128011399
9304458820
9008176201
9934047707
9934821686
7004301647
8271788527
8084102227
9082708238
7979016041
7085460984
7004415492
7979016428
9570557281
7061499077
8409007888
9709720019
9582807457
7004582090
8340369941
9546838673
8585865610
9304556645
9471434414
9304125058
9525939565
8851185219
9631634598
9934111363
8229075012
8969821440
8092775925
8340794326
8044938923
9693749718
9431612901
7903541149
9693772744
9288290495
9308639856
7903045749
9708085585
9455450004
7209686046
8879158163
9304530925
9835079996
9097890330
7482082609
9661263820
7541837500
9304604042
7903825092
9334910177
8051709481
9430246812
9892365959
9471474255
9835060640
9311990003
8406888007
9931962101
7004960936
7004868962
8002221110
9097909100
8544027227
7004561340
9709002098
9122889313
9534249901
9470813325
9470272883
9871747405
9967744367
9304991375
7870184848
8002800400
6287076307
7004185090
9304706489
9123490676
8298974455
9934677480
8045870571
9334970428
7859008072
9470272391
9973598322
7018400559
7004708833
9334487916
9229191464
9523470548
9006303448
9472071694
9955472001
8409313479
8298302732
9431212691
8877445758
9304026881
9934672621
6122262693
9905815487
8252450236
7250408358
9708810333
8210639345
9619946719
8757124726
8877769410
7979038101
7717708724
9507004989
8292766730
8789463749
8292418642
8797192245
7209922310
8447003443
8252354739
9842251211
7050930024
6200094510
9288307860
7759970351
8709530684
9508062890
9931079945
9155928242
9771944444
9430524198
8873701044
9507424199
9431288824
6203379754
9709261050
8071889766
9661765584
9608681781
9709519308
9241854503
9693676338
6203340945
6299063855
9006429629
9155203438
6183356582
9507875148
9931621365
9430272180
9308408688
7050226573
9135431000
9304104539
9576262308
9470074347
9354614520
7004100113
8434367534
8447945098
9346872608
7097039425
7039002358
8651843651
9304323675
9852646568
8002001841
9546406032
9525210210
9534557533
6252237469
9334112231
9472636600
8873405939
8709250899
9801075925
8863971464
9431075702
9631610950
8709182814
8046808852
9868343233
9934461998
9934470300
9341081106
7870727636
9234256100
9507451725
7050686786
7046973016
8252361729
9262682626
6204668446
8047027199
9835245791
9031836786
9576724891
7004678722
9835412828
9410125452
9031401213
9955035222
7091581595
9852100900
8797858558
9771107777
9122300875
9852280067
7277044150
7903132436
8210847385
9835050478
7413940777
9939284408
6344220030
9798682510
8709311892
6200858956
8863077638
8409501642
7004972852
7541083246
8709926450
6299225229
7979054708
8936069060
8877925926
8809910584
9534355192
7991101372
6206943584
9934079711
9835268918
7368913101
7631000019
9973343701
9934071849
9534881344
8460424540
8709555256
9334923123
8210838118
9304599132
8037016480
8657568932
9205976688
9334397837
7039003431
8757848264
9117176967
9801252661
8002330222
8051774896
6202917669
9934361635
8080026474
7941056818
9060008194
9386530072
8789616665
8521412673
9135870801
8368871573
9619422705
9507348360
8657568970
8037016451
