7715971555
8850687739
9820824822
9769112748
8452854777
9167539095
9920557806
8045248100
8652143702
8002701950
9998497292
7875676252
9768772716
7045464718
8828010397
9019029029
9769354957
9158934318
9967913755
8097639013
8062916803
9820362982
9819975818
9082087611
9152004949
9152002004
9867412334
9892272816
9324516326
9922689225
9819570211
7666816882
8329115090
7798234598
7875294904
9823331155
9823744239
9673008748
9049395723
9204888018
7276015298
8795091295
7405308000
8237200888
8888861619
9082177034
9834672816
7040294514
9404118681
7276411414
9137429205
8451876786
8451820012
9136488855
9833716071
8070676161
8097386318
8976001191
9322946978
9594068358
9602331668
9004090941
9833058239
9136501678
8046043312
9833613327
9819559035
9322284599
9920633891
8356950628
9820211269
9867388881
8879685207
8433842619
9619771158
8657900860
9892973721
7400498525
8655589422
7290092205
9967522424
9167679535
9820710499
7290096076
9223373963
9305401469
7506716516
9820416375
8922900168
9833411532
9321390986
8467812345
9819029200
9545533461
8452988178
8652224000
8104646651
9975404685
7350139444
8879741241
8898940707
8850084755
9167004856
9820320086
9769713539
9820090968
7021408384
9930788126
8655857606
7304790978
9619162010
8976144102
8071889621
8879049682
9322447570
9137051322
9867747779
9619773983
8233731642
9936894526
9867217879
9322057597
9699791601
9702861969
8767072226
8779773878
8693870004
7678096887
8291084881
8828963655
9594534316
8591261746
8879909854
9167349950
9967908921
9324868580
9769001749
8104683604
8070222333
9920345658
9702935768
9967477530
8433519113
9004638435
6394550380
9833763204
9967065070
8260731670
8591541103
8691033578
9359677706
7030930186
9925504007
9960569078
8999088594
9158809245
8390895643
7021479216
9935816446
8983437748
7985601477
8657858138
9850976451
9028669433
9325309859
9561480462
9209302403
9784722993
9404567698
7718832290
7715851034
9890455991
7410145141
9028616844
9833121160
9867146034
8657875606
9920116612
9076103325
6746172566
9819295757
8767939182
6307332407
9702098685
8450976115
9768169330
7045790998
7208035513
9284219790
7977424851
9587695470
9920140311
8071889960
9279245095
9869834411
9221868089
9137986923
8591249731
9892765021
9653363238
9769002188
8380816707
9323896903
9320041010
8888282272
8451908916
9820777993
9579210500
8652364258
9224838383
9011760622
7559266162
9323239706
9320962333
7038106006
8071889778
9637641364
8605904245
9867030253
9699097979
7066520970
9322329038
8767781818
7021294658
9820488656
8080405055
9921114548
8655346068
7028592398
8956576901
8080069300
8956359973
9833453458
9226773408
7972382009
7276707978
7011840337
8975515221
7057771900
7565821062
8983445071
7798225480
9320950116
7385270687
9004399555
8080885588
9004986555
9320137512
9022480825
8071889870
8879395843
9960784569
9763094488
9158351847
9324603058
9136225480
7021905981
7888135577
9029129193
8087604067
8097471738
7234039488
7040275840
9764174769
7385656683
8888556665
9075810041
9699760260
7773911829
9307983955
9319501503
9975767567
9490652106
9490007223
9822069548
8121558377
7674903802
9003179985
7989361372
8071889802
7794955513
7780370647
8071889668
8008891048
8555926817
8712237815
9493772263
7842560046
9440764104
9989759399
9700545146
8071890054
9849065457
9629437985
9989085049
9035297538
9394109414
9247327864
9248920945
7093196444
9247447116
9032575555
9700778873
9502110504
8688870172
7997003379
9963982143
8008910001
9963183171
8555954199
9494477297
8688814183
9500706985
9030565681
8071890083
9963762296
8897075659
9885889344
9052604111
8297682238
8712655625
8886889796
9515329119
9920506304
9290301301
9346642121
9949004464
9381283935
9581355112
9908207195
9087872985
8071889811
9848817554
9399999063
8143014164
8555884287
9502541362
8522868333
7386289808
9966990234
9393714714
9493448183
9160909666
9513158091
9397679938
8121990116
7816036167
9440323427
9642301945
9908073358
9985402289
8556220899
9550147098
9000489738
9663451827
9912311289
7989240673
9581004630
9666678693
9502654830
8071889805
7200908985
9848257243
9440097758
9848105620
9440531632
7396927188
8977578001
9000797190
7893739175
9059491542
9398452849
9347080542
7995512995
9704598004
9246946424
7207108562
9642955828
7989028686
8008891045
9789959985
8512250407
9440268829
8071889808
9440823924
8186000090
8512254567
9440027878
8106327156
7674066369
9515568652
9014604182
7845552985
8071890033
9866024230
9676516935
8008534507
9666978606
9885630530
8247742576
9985910727
9705145590
8218244238
9923511222
8071889963
7569085565
7845571985
9440844599
9676606551
9441255884
8816235135
7396615665
7013341239
9000822778
9848199297
9059598489
8247875375
9963522888
9866222013
6300422994
8816234474
8978567449
9866056097
9177096020
8071889797
7845449985
9703572820
9912210876
7997796443
9346130027
9505777143
9652158235
9032281002
9848199398
9705262666
7036094107
9581313690
9010524234
8071890069
6746745348
9440520541
9440195798
9849402771
9440710567
6309867272
9491935545
9533585515
8942458766
9440251679
8008101895
7794075850
7416562666
9063002286
7093350435
7659845121
6735823562
9848168108
9440289878
9642566531
9440383488
9108924933
8071889964
8106883874
7286885815
9885980790
8922453582
8922228866
9848304037
9392394105
9959381796
9395533355
9573947548
8688555636
8856232504
8071889664
8925557985
6309147999
9848424159
7659833666
8856293046
7207981995
9912943388
8919552773
8125818131
8071889663
8071331840
9441210935
8143355502
8639387121
8045845678
9052510199
8924225109
9393094203
9441108144
9966860736
9581369348
8639157700
8801363435
8121365759
9043916985
8147731624
9000073676
9440166607
8341627695
7396050658
9966308382
9550083888
9440282992
8944255499
9440105447
9966229367
8108138000
9908882911
8985485421
9848198449
9849127732
8501010727
9393111886
9550064791
8106306606
7824812121
9849199779
9885603618
7045457770
8074797081
9291244874
9705917333
8069867570
9298355575
6281901080
9441920401
9390399793
8639471172
8639922925
9000951310
9963498652
9908333000
8919617664
8071264861
9390488898
9640648999
9553550477
8333000555
9866049933
9248017375
9177986981
8071326901
7780705750
8002587555
8801722428
9885448768
7780205660
8069865888
9246401807
8309150295
7337333342
7416411901
8666993058
8861096126
9392111995
9030321047
8666632123
9490884577
8885513619
9247894177
9873567620
9248192471
9392034900
9182563503
8662574798
6300455025
8074771531
9966032786
9676427241
9966822871
9652124433
9912714786
9704505678
7550055551
9393779988
8919900394
9848246429
8662491044
7735282131
9866224405
8662433395
9342967344
8712232323
9246497262
9542066789
7842116103
9985837387
9885347440
9440001775
9441051206
9632561008
9618858303
7799095321
8328345004
8071408350
8247479969
7386006066
9980689218
8982342346
8037002687
8634059223
9848286408
7569197439
8143843716
8790496562
8019887926
9393023736
9032255571
7799357327
9873546782
9963392372
9849123299
9121345123
8465061964
9963122526
8037002387
9133338691
9133338692
9948265234
7993184643
7095429977
9704770379
9440210910
9866437141
9642612143
9949643219
9000980887
9014909010
7338117138
9491827704
9959964648
9885836045
9167984737
6281711405
8612377666
9989980815
9014932336
9849096647
9281438587
9440283217
8977918118
8125464938
9916027378
8019190319
9912475116
9399911099
8247498760
9177368284
9912200000
9121014232
9676999711
7799234567
9700071345
8071639210
8125586098
9704824156
9949252444
9949945071
9701694139
9177628278
9963014388
7842418136
9381557508
7995467054
9032643637
9392929223
9703560177
8341346134
9100389588
7093344200
8886679171
8005997800
6305716311
8121046777
9873568560
9959900814
7093405887
9550038885
9000886595
9441684279
8978915344
9986499853
9441782272
8655610773
9700271446
9160160192
7942811882
9703195540
9985345391
8500250505
8071629665
9866283786
9885839505
9840346985
9959894725
9441206986
9440846513
8688668099
9985042889
8328493040
9393979794
7019398570
8143685353
9966221286
9160774777
7702062456
9573461270
8069867572
9440250863
9885228950
9619086037
9429692121
7569015511
7671868003
8772251677
9966771121
9866868853
8977716851
9966129199
8071639207
8885336488
9866243104
9246350543
9866604616
8985674728
8428045537
9618138625
8639437411
9133642272
9505445555
8885412654
9347519536
9550113499
9963626567
9398079379
8500318226
7981893136
9491929210
9000988012
8328169150
9848087109
8046333629
9866546118
6300065986
9440205326
8099822487
9848984598
9966000798
9963191769
9494412466
9948369057
7674903083
8309800600
9873498534
8885322283
7842415527
9949074312
9966916700
8341236954
9381467382
9849794317
9397888799
9849905294
8048740473
8071640074
8019992800
9347149457
8328577669
9912864888
8309645014
6281831149
8037002434
9100566503
9177731139
9247832426
8639508222
9553011305
9445888336
9705676561
9542103111
8886989992
7774948777
9700236387
6281168697
9167076203
9440047081
8096657572
8069866711
9848152177
8518241234
7981493529
9985208077
9849599517
7386126234
7799368546
8328620921
8074414734
8096751369
9494414989
9493660909
9493536996
9848768351
9948151548
9494403737
8037907640
9440383269
9663415366
9032638173
9490615039
6309797477
8500773434
8897887885
9550122759
9000159651
7995607080
8499901653
9885250915
9949379737
9873498481
9505600402
9293789489
9885898203
9949202441
8518259004
6304903878
9247795546
7995099582
9703122432
7730831722
9966852286
9030709768
9167984835
8008002792
8037002541
8341723230
9289062307
9491186637
9459451991
9550550060
9133403039
9014116724
9440014617
7995182555
7039001496
8944255403
6301050436
8886443866
8041017532
7997923262
8562251214
9246941444
9866693615
9494509890
9440564635
7416390066
9100080102
9246642333
7288999999
8071889798
8657568649
9493449392
9246634589
7680803368
9246624406
8886841999
9963866664
8885557678
9533393738
9052360516
9247871397
8639909690
8500504333
9866869296
8121555503
9550299953
9701810326
9642418070
8922270799
8944252244
9951832346
9652010423
8008937637
7416173449
7995122234
9912568200
9247269900
6302741855
9948118782
9701490190
8376888888
8328446681
9985338955
9885655635
9281020919
9177854868
8501007511
9666788501
9441894258
7036338999
8497979185
9491947792
9248017126
7070080883
9448216228
9642079903
8002103311
9440073709
9133551082
8247253669
6302709901
8884375559
9393814182
9052779781
9059624943
9700683678
9963222340
9603058345
8179271359
8562244456
8985798523
9618126552
8520028580
7411781318
9866351153
9494582202
9949101106
9652765766
9440383214
8562456260
9703261888
9949990277
6302386028
8037002315
9160960012
7842707544
8106962752
6301174565
8041017538
9963505108
8879934386
9885046589
7304053032
9121141021
9885925758
9493023038
7904812147
8554319747
7901311123
9550171714
7416462317
9849981825
9441072882
9440073448
9110368918
9704209591
9849540079
7013502295
7013258506
8099822001
9505600430
8555969615
7386665666
9885552457
9966449628
8885552888
9703368890
9440951999
7942844896
7989233768
9577566999
9133338976
9292252880
9949758743
9642424299
9989554567
9293953266
9848398483
9393333665
9298112244
9533667666
9291341333
9392113293
9346226884
8048982832
9440535848
9581108999
9848788399
8297551818
9182872153
9581223311
8803232323
9704051420
9247505570
9948611116
9052597366
9063857857
9346840209
9866026648
8247048766
9966004406
9339338339
7330859003
9014453708
7893846301
9052523360
9849555848
9502681629
8897163840
9014998262
9160691000
6300678826
8951642257
9700241009
9912711043
8605005555
8522037680
9494365558
9398784262
9121212121
9989872073
9949630620
9030265187
9441511122
9441444991
7732007739
9177304599
8071640571
6301158488
8712929919
8106811171
8554470382
6281290822
9866062139
9246666211
7702775499
8041017608
9030478802
8374567323
9885365634
7997667111
9505777297
9154777773
9640969701
8554312331
9908591140
8554221314
9989319069
9182782870
9493504399
7416295942
7729080222
9010048930
8500051811
9885185617
9160672762
9440216388
9849360925
9000085868
8978265777
9000664439
8291094468
9948403625
8074176733
8074870109
6302849387
9014507363
9295708960
9704642560
8048968282
7331124249
7842811325
7942762702
8836662291
9581207550
8639634996
9440532918
8044939699
9676716340
8886657985
9963126567
8044939690
9059444559
9966437927
9989707906
7411781317
8639811195
7598074707
8578222240
7989975299
8578222494
9848117262
9908758148
9848365993
9553751507
7286869666
7893871997
9985130979
9391450660
9848497964
9390336339
9703519828
9440593938
9169849999
9391364250
9849563496
9848392609
9704346123
9494046530
9701606471
9494229192
9493767680
9502759549
7093327534
7337555896
8099927877
7947479761
9014206868
9989816229
7702730242
9849029273
9908232129
8639498197
9666618459
9948533395
9392436480
8639044990
9550814224
9121179864
9246589252
9246464641
9360779999
9873573220
8977211242
9440363487
8499985152
7207202170
7075176974
8005995555
7993527535
9177145424
9391996060
8688603428
9121811233
9133004444
7285919381
9550240828
9966227622
8179653458
9885773633
9030985551
8247298018
9885747552
9493524718
9440352185
9392653750
8978812640
7730020387
9440255545
9032902468
8885645550
9949767383
8291093658
9440455087
9110715599
8686611666
9440936999
9553792299
9000162206
8019993450
7331122985
9000624429
9035054467
7330834446
9848535481
9989070554
8846667666
9441274374
8500121003
9030989690
8037907619
8071889672
9553469215
7396804004
8978380437
9951587060
9666968665
9025424477
9490853348
9936784588
9704021188
9885680280
8008663335
8019459855
8885401242
8121934811
9652545426
9494652523
9885444523
8612345444
8686764964
7306111133
8885805500
7780126778
9873560825
9000992991
9581117722
7382926465
9246466266
9848388175
9966637552
8842955295
9550455757
9676595999
8008877299
7207244404
7893961550
8500651117
9848848625
8500057116
9136935555
9398419494
9848802082
9391254958
9030281221
9640707387
9014908165
7093565754
9182779142
8044939684
8497933999
9985023838
8886222869
8505937171
6369706147
9030303111
8977441997
9440094362
9440447020
7601095976
7893904599
8367585797
9515342222
8612330462
9618222233
9848154861
7013848282
9704555177
8885588256
8639776677
8812235057
8612320645
9666373132
9491708833
9951333296
8688072281
8048740435
9700878092
9052206830
9845577591
8897201851
9951671969
9390598091
9440953794
9849493392
9908890513
9505129999
9849393848
7702443270
9381776416
9848473884
8179771242
6309666789
7416831816
8341733606
9848065131
7241122333
8367053765
7659015999
8806666888
9866644425
9652966144
9566271994
8656236789
8688425875
9701034803
9652405547
9848518532
8037016328
9848894899
9492340919
9885198001
8008577333
8812222468
9573760879
8812234977
9704779640
9848335659
9032660333
9397684691
7337441951
7989714518
8776679999
9290208344
9553316799
9959384684
8662570005
8071889801
7993661399
7207505370
9666066973
9392973265
8247745344
9848607110
8019244255
9989772558
9100455666
9966600050
8836662944
8812241848
9700414116
9704450408
9848536633
8885500669
9066373163
9505130953
9908466099
9490677131
9398311004
9533799933
9856525999
9393626989
9182894285
9966062884
7207267226
9133895969
9963670555
9493990837
8978192347
8143119677
9908379577
9553320446
7207733335
9177723335
9393769996
9441109327
8096903000
8885757155
7995678997
9908401192
9122721098
8919680708
9490003311
9989575290
9603999039
9701037176
7328912345
9989343866
6303077504
9848688593
9963172828
8686858126
9059329121
9167071738
9502212283
7036091744
9247681652
8367217327
7013609740
9494404318
8688782900
9908327126
8985691818
7893764524
8688194881
7981298221
8552250444
7942845837
7070569742
9133448419
9666692349
8886657987
9885582512
9866252014
9949107184
9248641777
7893160714
8985089224
8247514148
9731103515
8500362936
9700700909
9603155999
9666831220
7807702595
9985179917
9393600103
9177441933
9659625555
8019773771
6304165312
9989514282
9440511287
8885322888
9292157157
8130302708
9248389577
9666466795
8121434696
9121093621
8143999680
9948796579
7552658822
9989492409
8309107736
7602224449
9985558488
8071639209
9959460778
8518442525
9848599242
7416162763
9030406787
8074933765
7382289902
9951133784
9849350328
6303683142
7330722338
8333848666
9182045083
9581378999
8790768865
7013819342
8106724151
9873570193
8552200421
9533371797
9948381517
8247572758
9441005963
9440813381
6304051793
8897945452
9000670746
8590076831
8495252029
9491118786
9000954108
9491460606
9885332911
9160033309
9912121290
8121288008
9490348969
9885307787
8506063948
8885665780
7659927777
8048740441
9885812827
8686083408
7075425750
9059465655
9121634576
9391510414
9440569106
9160829786
8886657991
7569680826
8037394929
8037002469
7337338251
9246596777
9505004844
9182351795
9790331299
9000372695
8500140841
9740737943
8897708567
9154793851
9440729131
6300968941
9597835978
8048740464
8015898780
9154540792
8812251227
8008200620
9111442294
7204667968
9032949939
8071639216
9866965385
7013373600
9866944516
9948152365
9550500999
9966875037
9908869896
9848377522
9652395356
6300273806
7386045091
9010708064
8885757199
7993062971
8886663002
7569944444
9515355831
9000422205
9000222312
8309146032
9014330381
9347314037
9704414300
8125343499
9599819940
8790208608
8071889667
9848012326
9908819442
9959989891
9052552023
9952352985
9247277353
9606979366
9885091189
9642490425
9490033067
9573686633
8985336905
9281477765
8074669618
6301113940
9290028915
7382237855
9110734815
9063387665
9618492630
9989033822
8106298563
7680841444
6302625835
9490345399
9581977999
8048740439
7702499666
9248886789
9441800687
8008340800
9052026999
9666167495
9490706666
7013530004
8816235314
9866536225
9052332555
9959345624
9989394981
9441323760
6281207934
8929293017
7989134235
9391392872
9440312562
9000934897
9000999740
8106606551
9959112400
9010509747
9963095103
9866937169
9849979140
8500764058
8686393619
8333899696
9885073717
7799768855
9701944279
8048740461
8816234511
9440183836
7288877300
9701461152
8019457468
9888422245
9676664177
6363459473
8374890057
9944878985
8309045672
8686120023
9492621961
7207067026
9701554245
8041017551
9440017711
9652330777
9676478710
8500900119
8088553031
9966691011
9924577556
6309554319
9440188135
7702997929
9848218760
9347812380
9705722858
8977702611
9441723977
8578220330
6300804190
9797976333
7799787474
9441616189
8328020155
9133059659
9885418899
9646856666
8639012555
8142565113
9398145057
9849995302
9533221135
9492491919
8048740477
9949164777
9700650603
8801555549
8106488683
9963356777
6303332380
9705556669
7039001492
9866143194
7386890121
9849520278
9885113599
7989211216
9154824543
8143240751
7013748688
8985916999
8879896089
8688953118
6303908889
9618316776
9989598989
9912908405
9849131146
9246651499
9440550230
9440793339
9553093399
8897240055
9700615003
8143500779
8978315222
9581561309
9032367951
8008945278
9985551697
8008332233
8879654556
9515250201
9848274128
8099480995
9390611285
9440177618
9885348743
8790759727
9849822423
9912679767
9701332707
9640012828
9603752777
8008159333
9133877777
9550033111
8688312772
6300421102
8220035985
9182754598
8886760888
9490767804
9110791343
8099423456
9111408111
9848350671
9247400253
7845593985
9177959585
9948553326
9652525353
9059745600
7032412479
9642113333
9010855614
6302336167
9491850018
8047027148
9346866608
9160177888
9390247084
9440193810
9848075759
9032195959
9666136683
9704788061
9121192999
9440674755
7386762887
8500066550
7708414857
8046512443
7013928737
9849639697
9492524164
9299999564
9246845554
8977768131
9849156644
8842362341
8657568516
9440677896
9642440652
9550732628
8977760871
9848302444
9618049444
8367478131
9948925267
9848160445
8008577338
8922232653
9100027741
9912917877
8922222916
8842302266
9490544693
9553389090
6303958078
7075552666
9010236226
8374493331
9581095590
9291233360
9640550964
9397032686
9063840667
9246675588
9848986703
8047027179
9440620575
8041017577
9866176556
9396969998
9494086655
8500577733
7416450555
9615211234
9513445580
8922272676
7305040985
8099734567
9703792889
8662436344
8037002778
9705870707
9856123777
7601084532
9100759100
9848965645
9705036803
9010738234
8885615181
8500001912
9959459059
9441152170
8885607754
9949315550
9848816966
9345452912
9059456736
9786284786
9502645080
8814224158
9948151912
9888827222
9989258333
9849913992
9248199999
6366529614
7411781304
7680909714
7337555900
7569892565
7330617555
9246636544
9989806143
9949772251
9866411943
9618555744
8520944933
9848049273
8977332944
9985558680
8309380390
9296001511
8688602073
9866646258
9866635621
8500294949
9666009199
7569408602
9885512932
9912226111
9618667474
8071639360
9949598018
9493764001
9963093639
9030662409
8008181099
6371591420
8977232278
9030537657
9966095540
9014486872
8499943212
9666744444
8099926669
8121812391
9030668705
8885255554
9299900441
8686350340
8341585210
8099108202
9640007015
9292701101
7013744450
8121241178
9966186666
8688804444
9440439030
9553541477
9959833129
8328252243
9912633667
8071326931
9030494999
9393608760
8985987333
9602426294
8882206944
7676538883
8341665770
9281495550
7780723481
9490306713
9900764595
9490730066
9573873648
9989360688
9397079677
8071639211
9703696752
9885077362
9866542205
9676268919
9573035777
9100412345
8048740459
7729915599
9010640417
9000267085
7729925599
9964366815
6382375976
9866933908
9502502440
9246786386
7993038888
9703104253
9082708180
9652040060
9440162427
9246746746
7780391571
9014842412
7794898989
9949701222
9494585864
8096682445
9345670043
9347116323
9959446828
9490196609
9848792495
9966918866
8125466080
9553288968
9849635639
9985353853
8686362695
8074533406
9100900830
8001036065
9866867082
9494848114
7981675947
9963425888
7328956446
9392045302
9281029460
7661087976
7842699516
9030625797
9849136933
9440073656
7989006624
9133224464
9885643959
9030482348
9491549798
9849465863
9381621521
8556222692
9701870796
8008063737
8309065471
9440429556
9966268995
8500603157
9491946945
7013719151
9581971876
9948646583
8143424012
6302894668
9390000945
9036485519
9963364478
9160058005
7337338256
7330731888
6300262721
9849442930
9985831616
9381005245
7993819427
9043973985
9966928706
8332908650
9885546511
9640464652
9121730211
9441388225
9655998135
8001025438
9000360640
9030414041
7989316123
9849443666
8501967408
9505359991
8142781007
9177424212
7207838398
9542490686
9000063898
9167086344
8048073992
9848157991
8008508456
8008631141
8466847572
9985658087
9948017322
8985540705
9440813336
7205818999
8125770082
9573065444
9494032244
9849400331
8686404824
9030706786
9849831911
9133756808
6309473981
9848289440
9848019964
9966737657
7093927490
9731141435
9393620412
7207781699
9059412576
8885607046
8251825179
7780776788
9676395331
8643450515
7330701116
9550057096
8602331234
8688879267
9866025061
8885366606
9951505854
9505099881
9395366811
9866041388
8341082943
8297551898
9182023295
9182554967
9966724316
9059209171
9346800524
9701719596
7382069427
8559222613
9493757552
9742993339
9440984143
9014362298
8074952744
6366952275
9949375590
8374390072
9885214306
9394211212
9600253985
7989301636
9000410010
7075663333
9885441319
9299995262
9618363347
9502220225
7039002884
7013204964
8674293467
7702893460
9573374412
9247234364
9985321513
9440948383
9989372797
8624221515
9118001601
8367762563
9490143214
7039002041
8106607348
8333830999
9985023900
9908363651
8919716836
7200786985
8071889804
9866135112
9739454877
9618669212
8552226060
9848596900
7386230283
9908718454
8008891049
8712183828
9542947456
9505047927
8374009550
9849411416
8626250955
8074083545
9384042985
9542316164
8247561319
7386161094
9948020830
7845559985
8071889933
9492806125
9848666385
9606533976
8185994662
9550083266
8985748946
9398628722
9000082876
8571222303
9704862977
8571222677
9490976181
9482803070
8571226005
9652334474
9100190021
9972893335
9052656699
9441241146
9515195339
9052522448
8341081284
9676016667
9494944947
9642422192
7386942431
8897651007
8686633333
9912324533
9849189416
9700040143
7036043221
9848611502
8985338028
9959849384
9705443324
9502880954
9949761356
8919719159
8712786967
7032610432
9640915593
7013070030
8186073359
7981494981
9490046388
9063507777
9440231484
8596222444
9010085075
9542649480
9581868186
9866887271
7039001986
9290045366
8074458223
8886957572
8062913286
9030044668
8814220052
9959877577
9908511375
9398561757
9550797747
9966446481
8686668020
9948438828
8816224690
9866717243
8247548707
8247827673
7989655074
9705143926
8355891286
9581432456
9010779595
8922228730
7942553159
9985272079
7396980626
9908913347
8041017562
8041017563
9063407023
9247292665
9492289238
9951544861
9010866928
9577957723
8041017610
7013377500
9772093035
9951703469
7013638096
9849256724
8309505114
9959120471
7382777098
8643220564
8041017554
7418849737
8328046081
8667528147
9848352518
9701264228
8309024760
9059056228
7569225301
9989585622
9154500080
8048740433
8341342545
8897240687
9985757057
9542563661
9346954724
9963044483
9848146793
9505686253
9849259276
9951323031
7396647111
9640252025
9676300111
9966753468
9177232224
9492874646
9849254708
8309246789
7993894938
7337481818
9866664755
8019469452
8925593985
9888677775
9985666459
8885108501
8919165829
8309182156
9848112879
7217797548
7207201819
9908554066
9502095007
9347226265
6303244789
7997993407
8037014087
9849287798
9666061397
9010470667
7207282828
8886832030
9885021403
9355010316
9966400020
8885822280
8885562333
7337408241
6303737288
9440745001
9502528121
9440216901
8870664851
9392546044
9866826900
9951499510
9700535555
8895418852
8374412001
9866791078
7032501666
8945241094
9669578999
9494741463
7013841990
7075176485
9492792792
9177783944
9182248509
9848434443
9666867796
9154682715
9459924444
8002581800
9440740837
7382283370
7680810239
8978117380
8008575292
9849894220
9963225338
8143361885
9319371038
9030723200
9177243299
8688313641
7330811320
6305701665
9666311663
8500569099
7569019916
9676746753
8886553017
9347073935
9848223913
9000314933
9290100149
9701288229
8505866422
8041017550
7893534260
9666566650
8297549555
9951134622
9848123669
9393184487
9705770255
8074989146
8814228586
9949229336
9849625143
7337338059
7207027000
8341137716
9247452865
9160273633
9912931250
7200227985
8879194803
8071264836
8187003525
7729071038
8647256832
9703114507
7207353493
9492279422
9440984984
9989777662
9000575938
9177113052
7013443395
8977647009
9296108665
9700607143
9346441976
8121813140
9849627791
7032699328
9290439927
9397876970
7288991599
9849052930
9704475316
8121904562
8008878038
9441117278
9989758486
8500890225
9603156754
9640368191
9160915366
9849424218
7337555902
9505226123
8978737873
8074708162
8328182690
7032313546
9885780809
9010157999
9676314940
9553703737
9985052659
9849263883
8814210444
8814222221
8947231425
9866128363
9642881418
8885111789
8041017605
9966802709
8096181205
9494085959
9502254822
8143199406
7799889333
9291339133
8142244255
7396132748
7337555237
9908957143
7794993530
8041017596
9493212655
9100991708
9866347483
7093907762
9110399437
9989993055
7942845880
8010622622
8090905900
9493137318
9666517507
9966611337
7671035679
9494405688
9014700637
8068935614
9989379777
9736919191
8297079555
8019121297
8977575977
9010274460
9866457041
9247708799
7995659999
8626241144
7036155488
9573386005
9247125746
9985608857
6302832726
9966682677
9492772772
8008029399
9581116558
8855232084
6380754841
9848480679
9177194589
9491212222
9100656371
9989215656
9000033143
7799973338
8885694930
8929333993
9492143663
9440457488
7673941507
8855232078
8333037071
8790307992
9032777886
9700361888
9494395954
9133885433
8317602465
8341924145
8885111557
9620747979
9248599477
9700882441
9177267450
8674249900
9000878588
9985148616
9059977784
9618612292
9866059999
9951012456
9703403085
7013834899
9703164713
9885050181
9704519037
9885849596
9440525689
9701223349
7989106789
9642892153
9440400337
8688177402
9515089949
9502774315
9150175985
8571222547
9440249087
8041295616
9431333999
6281056519
9966270009
8500220333
9991118301
9032500575
7095245851
7013894678
7893444111
9392901553
9059505650
7997993421
8071326890
7013364594
8019300611
7674985356
9951735320
7981400740
8552358462
7670910555
8048740484
9494896652
9848586922
9885258585
9398234647
9966628888
8812237664
8812220550
9490960054
9966874687
8499966490
9849546805
9441332999
9949749744
9866739329
8855232180
9133583344
9985689999
9849812177
9059050175
9676233445
9949565275
7997747999
8688888843
9490839105
9100042430
9703713758
8500222480
8624220455
9700768383
9848893851
9398704213
7989798294
8106279555
9885009632
9849777469
9666848224
9703104858
9441599784
8977484847
9440919276
9014551298
9553366066
9393979269
8978431114
9441119897
9347186110
8185818147
8142594889
8790269996
7989454897
9966977879
8333855550
9959596391
7036512365
9848128498
8645232689
9849323300
9959111977
9866909807
9396661247
8096055922
9739252329
7569121205
9908498933
9966113691
9581477944
9959517774
7093445476
7396352482
8008590559
9494797847
7780684275
9885449384
7997730908
9848862060
9133210563
9885133663
9866155645
9959111936
9246783817
8688885851
9848413124
9490615329
9177416037
7997004332
9849589165
6305601091
9581818143
9483849658
9982407407
9700046614
9949193534
8044926540
9542863536
8886149777
9505167633
9154912446
9494705353
9885945463
8106129088
8520972737
9290578781
9000455105
9948259967
9347344140
7036214666
9703429849
9490202008
7729081524
8074959882
9955524433
9491508001
7875213794
9440736689
9014848533
9949500070
9866411194
8919280402
8074055285
9000878860
9397918605
9949250555
9908569555
9949229036
9493713638
9949210555
9542871374
6300033477
8317619026
7036783117
9032276541
9963650958
8309272269
9652793529
9291112237
8247804680
9951564594
9121509663
9652516656
9885779060
9701970177
9440704117
9014085611
9966031000
8886249949
8885886455
9440349333
9000296148
6302839852
7799304202
9440292440
7013134001
9505000916
7661929353
7780751363
9000858915
9030530933
9550507517
9980766014
9553061872
9787630216
9989759516
9440281877
8977538936
9492120087
9573621690
7095712345
9705006699
9701594847
9701849412
8512228248
8004107711
7337555892
9346524123
8814222567
9966996306
9912026084
9440739915
9100935655
6305411877
7995231113
8328275779
9603333339
9397090457
9849267559
9618154119
9515557999
9866456814
9502519092
9154675610
9010815477
9989429662
9010534486
7036973250
8985938654
9440814192
8813221093
9291688737
9000410075
9949940094
9666962121
9885622563
8978904564
8945243288
8626244493
7995854999
9849267226
9856867777
9666511470
9885783717
8674249691
9849289845
7396171888
8712375131
8008909023
9110343543
9494293999
7095545554
9442329734
9949666735
9866422613
9246629129
7549997999
7416498434
7386301676
9182766448
9440744232
7981832783
8106090807
8945294469
9618353932
9573320921
9030473526
9440556725
9160201110
9743424588
9143143197
9550111314
7288838685
8945241111
9985494533
7095123657
8297066060
6382546147
6281530233
9440829644
9959706978
9246299930
7416341615
9290813666
9381663926
9989945579
9848282380
7842275434
7386021448
8903186783
9700567785
8645235990
7386517704
8985627284
9966190455
9959036366
7780174149
9100633677
7416495269
9885012999
9949395915
9666432375
9441393147
7207955655
9492940956
9326719291
9290527835
9052221002
8500006130
8897941357
9866126354
6000860008
9502279229
8674242703
9848064567
9480661093
9100034433
8121906301
9581435362
9000192412
8919366322
9396795461
9866866125
9703335786
9490518931
7386465465
8688618982
7672016211
9440917639
9966537207
9392329618
6366550495
9948092574
7780576290
9440729534
9603432766
8626297555
9266767323
7702377666
9440268188
9848970577
9000666419
9494626418
8432781111
9491204553
9542620473
9494504674
9848182086
9491000910
7299667892
7386048524
9989855342
9550612526
9010208571
8978853330
9701707087
7799009925
9912968195
8309552554
7396518259
9963623988
8143569800
7794064939
7995452990
8125552129
9700508030
9985299123
9949619305
8555077491
8069248288
8978585787
8019808294
9542092555
7095123892
8499874630
6281610669
9347330267
8008120104
9573960035
9908627724
9032828585
8330990551
9247222247
9700045268
8019757452
9010006140
7013658398
9246157358
9849922348
9959584489
8008575303
9985266439
8498833663
9711737738
7306060240
9908100999
9491981236
9030131342
9989425028
9885209795
7780316465
9849363316
8790944311
9177566143
9952625459
9381493865
8978737575
8555083499
9666672229
8552226793
7674978485
9248015550
7330732888
7601054075
9849847517
8247434545
7997041832
7032164353
9010547597
8886272999
9704949199
8500850373
9963180069
9866026306
8662577279
9246433363
9948409445
8712630334
9177337837
8919295778
9885228856
8945241169
9394858999
8041017602
7702875958
9133177316
9959944464
9866226652
8558224883
9705790579
9121213301
9154224117
8142929691
7013602866
8179939614
8466933777
8500718785
9030553072
9989492741
9247464371
9885381306
8309214447
9885275722
8047630574
9700335675
9290003410
8074898417
9949940027
9885953733
9100518810
8062915980
8571226493
7411781298
8297439872
9550395522
8074536366
9030080296
9490644018
9585063602
9703293003
7893498808
9393665656
8099343322
9966087786
9032445186
9989619497
6302101505
9391368402
9398873124
9949458789
9849574660
9063677277
7672096861
8712357999
9052617192
9347314007
9949814812
9000714376
8374649811
7799413274
7569119447
8688948284
9666004143
9866155909
9959973748
9291666143
9394722111
8374262369
8641234589
9640702122
9391958315
7093000839
7386699058
7899903514
9032069639
9676259001
9290555223
9666388854
6304858237
9948228683
9490575555
8712172375
8185883377
8374324948
9000628275
9963869652
7674919986
9949646757
9581142315
9949014446
9703839370
9494952020
9492124906
8919595123
8008840982
9642331889
8309660258
9581956898
8988878681
9849519952
9346185251
9948899227
7780353541
9299951234
9989898089
8885782551
9441361168
9908805333
8919253015
6281906647
9642108849
9440949316
8185062434
8919022245
9866022774
9063163555
9949610502
9701896780
9885600280
8331869609
8625256092
8885588736
7799382857
9951458705
8341907274
9160753202
7659959533
9440362516
8985678493
9951181367
9704990312
7799770190
9640735732
9505225499
7801019492
9985945089
9246617816
9346080480
9866263182
9848678831
9032871954
9989508850
9032437100
9398176499
9885883108
8050848334
9985980451
9948163007
9866022212
9948114000
9440838535
9985025595
6303362759
9966190905
9182908187
8648226226
6281093803
9010727793
9133712019
8143956888
8555976776
7039002282
9849652502
8686703060
9959496946
9052904030
9959633359
9394235623
9849127749
9951169104
9000079298
9247760017
6126727980
9182720815
9490780081
9014116070
7989070832
9581052989
9704490160
9949097049
9505154650
9347566388
9480331345
9963817089
9985261466
9966357271
9440519618
9908899168
7032018209
9014723980
8778387443
9666629866
8555980391
9550913955
9866224247
9515045799
9959225740
9440181728
9390320779
9985388651
9392703590
9100703226
9000668833
9246670187
8924299939
9866852285
9966881293
7411781300
8924222158
9866638967
9100688595
9848068806
7893916009
9393145777
9949421444
9640116138
9912012765
7358465199
8886077683
9704022080
9701116029
8099281872
9052515515
9885885393
8143729024
9010086189
7382971128
9014349307
7032056555
9885551814
9177298039
9160997383
9398837265
9030239622
9160915473
9397199599
7013894730
9705287004
7207424701
9494943366
9440237141
8885012548
9912131175
8790571220
9440740293
9014331333
9441983476
9866928651
9908206477
9550424865
9440244453
9849226929
9440776228
9347739300
9985656599
8099354700
9703302126
8512250705
9294009007
7995111136
7013240359
8019977441
7901404999
9014278088
7330673933
9908010614
9110516353
9182430789
8465033350
8008577366
8071408352
7013280310
9110568578
9290045157
9963813631
9642723753
7337771311
8886546446
9100510101
9133858042
9989028685
9177470404
9989980097
7288961135
8367716948
9985111811
9299257975
8662572286
9908162069
8044939685
9524777779
9848249527
9121055696
9908965365
7306991999
7799499849
7799786912
8044928258
8044926203
8125368313
9959699988
8186859565
9955336623
9515063344
9553488008
7207755382
9502324013
9966332319
8309033293
6361869206
9000656514
9705613275
7386974794
9866582013
8500706364
9985243774
9391427748
9640403040
9440457749
8297927777
9568666888
8818229224
9030278393
9666644404
9392996700
9052059171
9603565222
9440474747
9966067765
7989174160
8340889417
9494555447
8818221381
9440146559
9885199977
9502504602
8121252047
9246477666
8818221680
9440999088
9848087600
9705506355
9110515051
7981230440
9030200445
9440474678
9966946777
8121463074
8818224008
9493555253
9100510016
9440013128
9666566662
9440571818
9885970273
8044939687
9502438444
9849492726
8008577030
9848382088
9441906786
8942228699
7075732018
9513184489
9133266251
9786589147
9704733417
8886657980
8942227785
9963891485
9440319600
9247127639
9154815184
9948024522
9849553774
9059793834
9246679184
8374945079
8885801416
9703522111
9848193765
9000573434
9949634902
7569391151
8897678788
9347738778
6300565814
8641232827
9581373939
9885404349
9618199259
9490402103
9494769091
8814228930
9122577777
7989264025
8037762169
8814224710
9948599546
9676608284
8977552424
9182837690
9866369165
9082714158
9966676231
8559221966
9391733603
8143722201
7382050777
7901550099
9000450300
8596222009
6301851911
9391417596
9948881831
8050560432
8674240070
9441849142
9398226611
8019391006
9121149449
9032636174
9985239590
8499902277
9177010203
8519904584
8463993222
9440921318
7995105226
9440688252
9044337799
8855231993
9032290433
9848085277
9666155566
8374317432
9121069561
9347023002
9490479723
9959679790
6309153641
8500006311
8367365158
8500234580
9059023089
9441022880
9490381943
8978822467
9347736379
9577433888
8645232377
9390567131
8186003132
9700670090
8184849292
9440374982
8818225433
8919052496
8976018798
8333984333
9849047847
9000097275
8309105117
8501082486
9505650873
9866304703
8096498958
9381277745
9177444644
8374142652
9701413832
9948146556
9848097603
9985802043
9989244887
8309155130
9069000444
7989739278
9866180980
8500354107
9741140141
9108410651
8505867671
9985648143
9493949870
9440823880
9441652959
8571220977
9704534048
9642889385
7901230678
9440527339
9581009209
9618316647
9032193112
9666222783
9849135850
7997756254
9989074189
9652477927
9440255328
6300950445
9490391553
9182305419
9440583150
8596223400
9347024735
9849378718
8071629435
9247864434
9866824365
8571220345
9052112455
6300584689
8571225559
8571222166
7975708181
7382406555
9515918024
9440002808
8074151465
7675931149
9492076119
9949571969
8688696869
6305520814
8309563946
9440506923
7989192355
8519880665
7382626005
9951119757
9848983777
9492449945
9703430201
8044939708
8886657981
8247095080
9550562785
9392537030
8069866718
9866557669
8922295666
7013546572
9951450906
9441041630
9873586845
9676843857
8169161916
9963202681
9490972205
8922459895
7977764519
8520046595
9666674573
7997231999
9010095918
9247632468
9492929648
9440632604
9705408810
9959947888
7093293541
8074184416
7676226339
8885039390
7288872148
9246915044
9920874776
9247820468
9700459901
9885838846
9440325176
9704253634
9440205114
9866198885
8814223405
9949127729
8814224100
7396241316
9848360310
8247056973
7093442777
7075077228
8309051412
8558225648
9110709138
7207307551
7013078009
9392295146
9703682825
9951776571
9701417694
9949844635
8106531868
8073415226
9885926585
9347872549
9441409642
7702681119
7207924365
9885649983
6304934504
9392408999
8897827610
9885478603
9398535309
9390922028
8885384638
9063470294
8555044255
9000646400
9845773880
9966761195
9603907208
9848155516
9492336091
9542517425
7675878638
9347894174
9494692044
6305846854
9441834447
9182822481
9000090800
8963221425
9063320388
9515404080
9491675598
8814275853
9346675912
8095911211
9963207873
9246666457
9908003555
9490983299
8309545353
8008007879
9502131252
6281369722
8819351615
9494827787
9346666484
9948587774
8819225338
8885819197
9949838340
9738777779
9888964446
9182975630
6309977779
9849135358
9121166920
7095178568
8106226953
7702228698
9885108000
9441662948
9182445579
9291599466
9908506119
8464999920
9693917688
9391602300
9908720786
8712457557
9884055415
8688837750
8662571983
9346459428
9032078033
8463924483
8463924903
9963324865
8500068486
9966221218
9849235760
7942762697
9966756601
9010557777
9346687693
9705550055
8977403551
9700555397
7993988755
8374186789
9441914642
9491925251
9859991991
8341888860
9440207366
9441854335
7901220777
9440664662
9490539163
9963699979
9491291002
8099933308
9700083476
9490486781
9865938306
8596222982
8328369563
9248011858
7942812243
9642233455
9490175940
8008803503
6301958505
9393840955
9391927770
8247630892
8886498882
9502568731
8331820242
9498080898
9885555183
9347411287
7702730030
8096903555
8825220163
7013789949
7942813314
9384805574
9848971796
7942877835
9704036658
8247382437
9182381368
9490789495
9640502024
8096818646
9703336116
8125302246
9642607979
9885079009
6301851915
9177519551
9133049268
8836666680
9000996999
8520807893
8832499066
9498054256
9505975970
8886296661
9985051244
7729029088
6281829356
8985403630
9493797319
9948202323
8832443335
6380026596
9492381308
9177852526
9542637116
9849520517
8919144025
8897622296
9248094455
9848377695
9949173883
9618971911
8143145383
9553887108
9908286174
7287049516
8626251188
9885026273
9000119990
9930646982
6305991534
8922235500
8291029584
9676712999
8459179307
7995277758
8516916916
8922252900
7416264455
8500303003
8099118060
9885875717
7842333399
8074896609
9398485699
9292459459
9052703828
9848163050
9848586116
9015964626
9989281413
9985786666
8037762185
6301241073
8978126757
7382333315
9902333311
9390019331
9849668466
9182212221
9491206141
9963361515
7989423639
7942762768
8374444414
8885858895
9493999983
7331192999
7420014074
7942845926
9849835736
9494645681
9347951605
8924221333
7004375488
8069248267
8924222900
9346050403
8185870802
7981317178
7901241330
9550921326
8977331660
8977599995
8019912235
9652757565
7396596433
9739588365
9246630957
9848520848
9032747315
6301042530
9396225293
9177930164
9381141518
9014312825
9059050410
9908968639
9885270817
9603554535
9492606970
9542099972
8019199129
7594002510
9704165134
9866281355
9885942135
8121212449
8879935417
9160126206
8674243494
9618627774
9505716269
8885909052
8919181844
9010144141
9440388919
8647254645
9391261611
9392939449
8328451389
7337206110
7947479872
7995959939
9849694560
9494504320
9059931758
7330900525
9133906563
9162828362
9985555946
6303817808
7947479900
7013006011
9010775599
9390593232
9515452478
9949894891
9505555673
9490592073
9866917393
7331112228
9849296408
9440830031
9247266674
8106802134
7794917109
9182075118
7842007827
7780663467
7386622463
9848756106
8978154033
8074256696
7382533644
8333997836
7829444644
9966336027
9492879797
9700929281
9704178881
9849229565
9573682900
9494543819
9505213766
7702714814
9014314090
9908020821
8647255466
9440712886
8019931254
8632231188
9246402174
9848613780
9866025075
7799385828
8520027510
9849665505
9966961566
9059459701
7036401829
9030751917
9866508657
9985882411
7013553440
7337256555
8040184450
7288978212
9346347625
9133533883
8068426654
8922233528
9866682886
9866193089
9703344483
9490231698
9441518705
9703575810
9000206864
9959225688
7337042340
9513480480
8556222629
8623242040
9603553355
9985761069
9030492829
9121650385
9030227759
9040069626
9866664517
8106818437
9866828983
8309597566
9848302586
8942227691
9440115686
9392323974
9440383409
9440937584
8985446661
9492327421
8660509448
7358897492
8570255202
9441774863
9494311333
7013371641
9290996681
8008123412
9052052068
9912693720
9091108108
6301817729
9133711823
8897584242
9866728920
9398661909
9866318017
9848357543
9441107642
6281252588
9247142035
9218169274
8106454599
9059493661
9492000876
7013312462
9959952358
9490882020
9441444639
6300872151
9848169811
9030329087
8978343809
9502078900
8071331055
8919091433
9966693997
9526953183
9490155443
7386767596
6383529821
9966322889
7416523128
9885022444
7338826985
9490165695
9505671395
8179719799
9248017276
8712338999
8897873468
8186919636
9441273879
9030400551
9352568128
8571224515
9989529034
9618918968
9866624660
9963977775
9618653325
9391838407
9856009856
7337586718
9000917123
9703859593
8080599778
9154222444
6303168466
9848930139
9866701426
9533329591
9848532644
9494477561
9966843406
9849614829
7893948606
8121827770
8639000687
9440215158
8044630730
9247382266
9440559307
9030804367
8572233753
8688720723
9440393023
9705493605
9441065694
7569870291
8309276769
9966805786
9581020193
8688922464
8985539537
8568286349
8978936785
9963716293
9966823300
9640177722
9908273744
9573466266
9553339116
9247008887
9959938380
9908732193
9398404095
9700275111
9866554055
9182637292
7386799999
9346346402
9347900900
8644229197
8644225159
9381378035
8672222688
8121746588
7287035967
8501957868
8672223555
9848569772
9182565321
9290187792
8886644868
9014163786
9848168363
8019895845
9030236306
8919200480
8099175165
9966744466
9640821617
9966236246
9396867779
8071655205
7075645225
9440372678
9966150964
9440243888
7013421109
9032735199
9390323349
8978837520
9494908820
8978578861
9573333945
8555898757
9553285959
7382559125
9959793931
9581454444
9848114286
9642284690
9490522477
9291277771
7382027643
9347897769
8073272414
9110771799
9848039909
9949334908
8592233315
9966281577
9618426422
8328381456
9182557626
7416166138
9486990928
9182763376
6281003735
9154708090
9154528995
9052486430
7995880105
9618798712
7386721114
9398687467
7036098994
7032525185
9866040174
7793908987
8498882088
7386048000
7569717461
9441956174
8790105868
9979939142
9848116222
8019324093
7396269495
7660806740
9959164945
9502386301
8812232427
9289922629
7093180646
9885519790
9490296667
7893657999
9652125555
9247462986
9849532166
8143695125
9440456268
9949908244
9966311192
9866129500
9030311009
9849692998
9143143811
9533337756
9492828320
9533338777
9494555291
7729011777
9030584542
9440823563
9177820924
9666653959
8004252858
9949961680
8592221634
9030203784
8008494496
9848797412
7286814030
9700833999
9247732075
9704586733
7702011522
8754469985
8008891047
9959758324
9966751500
9676286506
8497220511
6281222297
9866327394
9964268555
8520999799
9985401352
9030322339
9848557982
9948518677
9849170147
8125826628
9949235019
9014967615
9642884846
9989512702
9440725672
9491420001
9398650066
8074494130
9160225338
9490505924
8886187388
9010130825
8890843647
6744031924
8688674945
9492387055
9182006750
8912558525
8912702977
8916666955
9553880627
7815962441
8985272735
9408013786
9676868882
9989652083
9490535698
8897031618
8328508738
9848319703
8664536822
8047590418
9959516016
8099967888
9703133097
8341117127
7207110499
8662579122
7093672408
9848486962
8008986000
9966205199
9848796157
9848621248
7569528263
6364880191
9848651691
9666442449
9160989989
8500218518
9853719999
8612328139
9948472554
8612342904
9425777999
8106868686
9866585279
8061044179
8885480640
9121405050
9908089334
7989457520
7989719914
8050815929
9391520467
8772222223
8432780780
8555956569
7997999039
8071889803
9154364079
8048009584
8046385830
8333983402
9963221032
9063519371
9052885299
8897413669
9164552288
9700043215
9000068954
8121022310
9885519946
8555829775
9640911867
7981326766
9949966857
8071889965
8047027149
7780335484
8068426536
8071629461
9393841758
8008369333
8886767675
9866288990
9664296934
8886328410
9347321354
7815851924
8068426615
9920234133
9502823276
7671069503
8071889666
8037762182
7989860288
7995799629
9989529345
9701788807
9440248276
9440248401
9949443329
9550464442
9246668692
9392912607
7893228193
7989982896
7989829669
9240031040
9640995789
9849148888
9949394555
9959225550
8044953827
8125371555
9866629349
9948351026
9949472877
8886568555
9030054549
8008441855
8555923471
9948461966
9951171129
7780437077
8071889799
8886665887
8814224511
8186909566
9949328602
9885118214
9346827974
9666119655
7976380264
9866663724
8814223141
9666350503
9640287271
9493704708
9966610896
7386719505
9866096818
9440061514
9666656156
9851247365
7036774462
9494544305
9603070908
8647230877
9440193650
8500253345
6301313891
7981151993
9885289481
8037221096
9059965551
9492545450
6302440746
9440100235
9866709967
8977877383
9912918433
6304209345
9441058956
9441089607
8639713124
8712601885
8945294898
9000501431
8037016373
8047027159
9966066777
8062916185
8071889917
8019201920
9885314555
9494689393
7995716742
9397916225
8019398699
9705959792
8328466128
7799955999
7799408166
8019184151
8185802956
8019985594
9550077534
9240013912
9440001447
9390610919
9848537356
7661904370
9440750851
8852241960
9603898768
7382129139
9848664462
9652112623
9908459305
9550062685
9542628436
8008738999
7207230334
9059247017
9885372424
9000014108
9014737777
9392625858
9052316888
9133932399
6281303065
7942813659
9701225799
8985242766
9966045679
8885763999
9848013373
9010933555
8463999919
9948457444
9014907222
7548845042
9347155369
7674079048
9840103541
6301457313
8919767646
9701368565
9908643089
7075371737
9791230451
6300371151
9440088240
7893441688
9177036975
9502496163
9154971691
9347423238
9848377738
8657568512
7981806555
8886224820
9789778985
9494099678
9849627474
8500434569
7942876807
9010035559
8816225669
8977743275
9885670256
9849311235
8816230555
8463931347
9491517755
9398223232
9032748817
9951433977
9000075533
9700766659
8688589900
9228849672
9963944455
8988885666
9246462080
8897376778
9160992107
9347816129
7306332699
7780663723
9491511705
8978857847
8074779263
9440837782
9849499960
7207107971
9989216305
9491922208
8790373886
9398185660
9289922417
9010430000
9100137155
9293737276
8142221695
8008445191
9052139999
9030359459
9490110780
8002680000
9951183426
9542223362
8639918223
9391550456
9396885349
9538572666
7036844045
8514222212
8514222291
8514245334
8897744048
9866247099
9561423585
9440291300
9014820320
7947479789
8919396627
9703430506
9440307930
9581444014
9553397708
7989444293
8885712229
9000069145
6366952276
9885829937
7569856641
9959143212
9248543248
9949201875
9160236023
7036975752
8919999384
9951097732
9581666064
9700245590
8942222203
9059966745
8660515782
6300054793
7658942130
9885919675
7306794388
9440006719
9063630030
9908626862
7981071294
8074230265
9963573653
8688439325
6309456553
7286997186
9291081084
8074624287
8074561505
9912688125
9030057777
9700277754
9398681653
9347778715
9441962515
9491841080
9493047786
7198099448
9959477083
9652922108
8037016462
8121292920
8019990007
9494446686
7548805772
7207207247
8106663105
9542719995
8555885479
9885793763
8074838577
8886090199
9030307722
7845363985
9182461033
8106511611
8125983849
9393935223
9010572223
7036353434
8919525302
8008577523
9346538033
7995579997
9393939513
9866600935
8886010747
9912345541
9852585668
9493937656
8555832881
8466936185
8099999269
8790157079
9493826752
7674959604
9848911777
7799966285
9201010157
8125167385
9000943667
9704441235
8556224801
9619633028
9052630009
9885332498
9059985041
8037016772
9281014164
9885515456
6304056721
8044953897
7799779116
9704740646
7799918642
9989969724
9515428488
7799965656
8041017584
8877992289
9885396143
6300158556
9042267798
9912854431
9985175992
9347114229
9966959067
7989562357
9393871094
9248749046
9000156322
8309660901
9581622624
8643224022
9966131693
9849887530
8555805858
9492140267
7799404755
9959225872
7386440344
9343328177
8985049497
9030196001
9885971740
9396218012
8071576042
9963695473
9848911463
9299999496
9494692894
7032711094
8499945684
9494496105
8121279609
9985692992
8854255900
9985018999
8854253329
7548809274
7285916916
9703484836
9848578888
7893357703
9052508350
8644226060
8885888516
9963210055
9533381222
8121612134
9849500465
9392003875
9951647943
9966260368
9966496669
9032555639
9966552565
8179398492
9248495999
8071629857
9246483744
9948719222
8639741677
9700420470
9063666310
7093386112
8559222211
9703600373
9885193211
7382507799
9966485757
7997246989
9393386668
8647230636
9985856108
8632333369
9804040456
9700976244
7013400594
8008360119
6309426620
9494434949
9248678888
9441690237
9550237882
9581964196
9014367190
8686808074
9948617617
9014206867
8297042555
8712312335
9581494161
8977860959
8037014009
9052586104
9392155656
9542722999
9059912930
9885492077
9032610100
8977000605
9703113111
7056247365
9962716989
9542785269
9107379379
9533335977
8096391110
9640767616
6300273041
9676840909
8985551812
9652991173
7904011212
8672225200
7075135858
6302877101
9059992626
8309181821
7013798645
9246697889
9581025088
9618042952
9959657586
9966699992
9100903852
9553358422
9652818079
9666155551
7569254052
9441022237
9440242799
8897678767
9182452022
8106411741
8142399959
8520887419
9246644899
8639027967
9505388488
7942876859
8977633400
9780714714
9908036331
8099255555
9240083059
9705622111
9030808222
7942810811
9949845272
9985258294
8592233647
9885106121
9550212181
9502614657
8068426607
9247032955
7989662047
9490175908
8328284556
9110325595
8046333633
9291252774
8885557620
8341993259
9581943889
8592233173
9866395416
7660090755
9199099919
9963629009
8919019792
9618925728
8019225428
9110325727
9133317811
9948517949
9985004979
8106106512
9885082906
8500388881
9849884055
8812288299
9848671313
9441528464
9063655200
9951808899
9985630760
9676664311
8068426685
9949863687
9701702620
7702799087
7032761679
9866024855
8812238538
8096090301
9246678890
9948423233
9346944389
9494893336
9000039789
6303143873
8842383366
7373579795
9440567346
9866483780
6302561204
9676564656
7396494444
9493566707
9866408648
6300537624
9030773737
6303738760
9542524200
9052786847
9100909010
9493333069
8071858871
9290129319
9848338487
8309595923
9505244455
9849390490
9848333679
9851688999
9247319273
9963322214
7675984773
8500619437
9618858190
9441177776
8309320008
9866369153
9949405499
7799722172
7399942222
8464821333
9885968996
7997282729
9246642899
7019280827
8374006555
9848034711
8985608456
7200333250
8886752777
9848366706
9948313972
9533412345
8978711335
9959127112
8401375434
9849763445
9618611681
7207486744
9989252999
7386452890
8832445679
9948056666
8832448777
9347577204
9542815425
8500464809
8341588488
9885959013
9398330065
8074331574
9849664860
7794005438
8790909648
8004193555
9849385558
9888147778
8688016999
9030152020
8919164239
9703999612
9948037897
8501900433
7997503333
9010431555
8037762179
8297123123
9848684444
8985816481
9848682499
9553400015
9949885407
9030771050
9951721114
9440594646
9494339148
9440328768
7842342696
8071640317
9397818950
8143283628
9542883344
8553440021
8071889669
8790333399
8037781990
9014623235
8037221003
9150054813
8008579465
9030525279
9885756591
7013441211
8046512392
9290795925
8008840084
9948093554
8071820212
8247373188
9441190296
9701454002
9491355955
7981816599
9618687174
9985678424
9591396000
8071629534
9866934789
9985772024
8512222224
8464052407
9440288923
9494426600
9052888000
9347737102
8041017545
8037781991
8071629428
9848106444
9948179944
9985653636
9121092129
8071326986
8179399021
9704928212
9652530144
9703101888
8147730636
9030935245
9347379619
8071629559
8919486915
9701516106
9218169261
7013111179
8978714223
7842450666
9133281777
9441581973
9177505459
9705331444
9394079679
9355322282
9014398326
8712321238
9032935546
9939932929
8044464299
9697237777
9177650666
9154822766
9441215349
9885701417
7981604156
9989877636
9666688585
9391973349
8121240444
9949491442
9381615471
9989034144
7093393435
9949278777
9246395566
8048045203
7386665786
7448933747
9440247891
9959639311
9440285945
9177580401
9704362345
8071890027
9597552072
7396595929
9959214052
9949045910
9949940080
7893413847
9848000611
7013338503
9949784184
9032433345
9014771045
7731933395
8074147009
8886893739
8333891166
9392339556
9885457833
9985099482
9490658835
8002081234
9652427709
8512220240
8657568648
9963052573
9642666919
9849916756
9000748777
8074866103
9440324116
9494748600
9966650505
9949456667
8942222156
9133090256
8143672299
9030607016
9059036345
8712341473
8328256030
7097661786
9036454649
9848863236
8688123064
9052181777
8047027146
8044953811
9502059777
8041017603
7039001475
9700306777
7893939337
9010855118
8317678919
8340840897
8885638989
9848295244
6304502065
9985155555
7207299998
9866835102
8125634099
9848212453
7330723489
9966087009
8130181301
7386455106
8070743743
8885824288
9246277727
7948058652
7995002737
9393996467
9154281136
7842000070
9640755559
8885156688
9398617144
9537622758
9100373806
9666913613
9989120558
9849316984
9676504174
9247103929
9396705854
9885674466
9966665334
7416770618
8985276677
8912783575
8309354865
9959322103
9441598676
7396660211
8121363549
8672222728
9993378781
9966330014
8672227000
9291612736
7893432714
9492010356
9704442318
9866865117
9949057884
9652818105
9490503034
9440044337
9248155336
9246927282
9848121918
8897854252
7989229122
9951857317
9398223127
9182251020
9182079760
9948120705
9951150405
9866438473
9160223359
9246921177
9030390802
9989045686
9493008238
9505897269
9000833833
9440942049
9945157783
8562241676
9985246633
9441402970
8919039964
7569064317
9966393532
6300972292
8499969449
9849211118
9885389000
9959696508
9959275200
9346081444
9848872866
9492295224
9493579797
9550124792
9866844488
8977718817
9603266366
9355834351
7993885519
7036386999
9988787666
9615155999
8856232337
8856232496
9346971808
9494486669
9346993809
9391417615
9177437018
9676739096
9948773434
9866826022
9866775590
9440988025
9248133822
7995246413
7036179729
9542954449
8500081885
8186813443
9032081338
9908258888
7396684933
9866411390
9848682799
9390257990
9542522232
7942876769
9493704797
9985831850
8977054254
9912107506
9493772668
9959225945
9030929252
9246639009
9247478158
9573720839
9490904415
7702891260
8341512819
8977929909
7075867027
8977760748
9989811959
9849187476
6366667475
9642357589
9848048128
9550321383
7675032922
9290238883
9848903025
9247417099
9491929903
9160858258
8639767660
9951111111
9246651059
9951710101
9703033039
9949502144
9182520126
8639391925
6301361457
7997992636
7013101367
8096188777
9515071277
9440145222
9248419345
8341027748
9440578757
9848544422
9966051892
9100594499
7093747129
9014235192
9505520472
9848997777
9505345123
9901172626
9959247279
9394971117
7997918888
8074483355
7382342099
8645232203
8639159617
8639851852
9441294481
9177741113
8985952055
9177443615
9613456567
9494000886
9908437731
9246696686
7995859554
8309125122
9133442202
9949342799
6362536294
9989207479
9110588474
9666385602
9866270962
9177659470
9441589270
9866125577
9014703147
9866509312
7288955897
6300552027
9502845306
9110317345
9491132644
9989895491
6281482624
7670907872
9912699789
9848984457
9885509354
9000957727
9030210609
9848850116
9246985444
7993542605
9000078896
8512253785
9381559035
9553334399
9397056287
7896989232
9908379017
7358070080
9849417837
9032061508
9666392109
9014722940
9618769769
8688226240
8886520942
8247893572
8588807298
9030877425
9704951982
9885528103
9703196139
8919051038
9133610310
9240221889
9347077194
9849598314
9492757546
8185820257
9030333980
9992755509
7416414600
9030444798
8790488412
9963224177
9491586951
9440797105
7799975333
9848167591
9440247987
7947479790
8500050159
9440355060
7386064059
9959659704
8647230007
7989974161
8647220229
8374692277
9963934527
7731060846
9908632732
7702600272
9553776398
9440942066
8644225566
6302564324
7981563549
9390327744
9492982212
9948225874
9666314449
8978487807
9524571116
9000056116
7989176519
9700352020
9849987999
8106572162
9573649985
9948769276
9640586446
7995072664
6300171647
8942222293
9948263919
9618352274
7729975080
9494964459
9676704392
9963813486
9949021468
9959805754
9391283576
9440639268
9666917474
8463931721
7003292507
9440171297
9908700882
8121612187
9848647285
9441078784
9948803082
8555811855
9553369007
9100381789
9885651439
9492946080
7330710371
9440726539
9111988808
9121846826
9167835555
9866424509
8623244355
6303836063
9491692588
9989998070
6304480198
9848749161
8886688864
8554242425
9701491779
9187375578
9841707577
9441882995
8570256623
9701642425
9849796555
9244336666
8096977977
9866457490
8309684430
9866164991
8121266257
7207766842
9515544442
6301182847
9885037566
9030600794
6305211884
9246940606
7008480334
8179106488
8247273144
9573518698
9085916916
9848698916
8074477686
7075923420
8523018275
9573205115
9290087010
9247466793
9848752529
9177018634
7661943142
9000160088
9393935141
8074316455
9030953009
9948816318
6300433675
9187777777
9440420919
9848447494
9000240700
8819225333
8071654939
8044939709
8688340514
9666705703
7799844544
9949255429
9491925688
9885563555
8266896689
9848477447
9246664866
9505680687
9603539353
9059975699
7995014274
9133277752
8623242223
9866455457
9440287755
8068426608
9440907735
9059048555
8341214972
8886660108
9949549697
9479478471
9000385372
9948049856
9553850811
7809662658
9000902044
6303120800
9246222993
9398972115
9493771245
9059930006
8518352000
7799806143
9440292559
9949997018
9515036205
9133999989
8518246377
8518240567
7013130950
9010988388
9701904783
9490170452
9849139489
7989468036
9550752939
9908777222
7036088824
9080741147
8334973332
8963222100
9826807777
7671031382
9849303057
9441730737
9550801333
9948141476
9885144998
7386278787
9701176782
7331155455
9490845304
8912563444
9963505000
8106481111
9885655016
7675954177
8914056189
8916622444
8688132752
9247118764
9440254161
9701122111
8309385218
9133451722
9885581143
9014830975
9703058530
8985965598
9866667881
9550256999
9885424111
8247054587
9900464646
7207717944
8772222492
9392255280
8500020615
9710810813
9440984267
8071682127
9440646488
8184989612
8106268046
9440943418
9581537333
9866294786
9949999161
9440157499
8309595040
7075995679
8885861470
9494954218
8886422649
9676210261
9398686973
8890185004
9441725071
8558227455
8819222151
7780381624
9959257863
9150101999
9959957633
8121713009
7013039246
9652099444
9296953739
9886862985
6281404768
9444023649
9000207995
9182984691
9866856300
8885692660
9110371292
9505306881
9030905400
9440953593
9494388104
8309337421
8143318707
9866026794
9390457966
9966509808
9885533557
9391008776
9848926200
7416888989
9440867344
9966144003
9703065348
9182833437
8688888903
9848293313
9703347292
7093615900
8885578016
7013469420
9391612368
9177536222
8143646043
6309192250
9441204489
9885777379
8099380354
8801418458
8500273929
9441983843
9398177171
9100408505
9963521144
9959561922
7675991777
9490280025
9182337723
8977255714
9949964923
8047027162
9052912888
9963152003
9492337744
9441507375
9959987442
9502336015
9154260555
9100727733
9063171786
7373597777
7799591234
7306037772
9849699822
9642961945
9985942862
9981611822
9398729273
6300628712
9441157320
9906170125
8912566656
8985898866
7732044514
9398113661
8912558162
9885011347
9398994468
9848031158
9912283966
8912564825
9052177377
8662441116
7042424242
8125818282
8008588871
9491323838
9440532952
8662535595
9949142891
9490272227
9848125539
9059179779
9346222567
9849387474
6304587930
8985443072
8632223456
9494149888
9494470477
8291540681
8688485868
9133033354
9866599955
9866567567
9010900024
8121923458
8297311251
7780375361
9121993726
9502694212
8975119070
9515849005
8512256499
9849956464
9848737775
8185959118
7013537325
8008572629
9885233262
9949725645
8125245525
9030334545
8912549663
9966354003
8630000952
9885545139
7382012357
9493181317
9963333533
8500809550
7207453127
8919322121
9292009333
9494728222
9177666149
8096666070
7075451759
9160241069
9393938011
9618159662
9866654725
9885584000
8144224422
9000016217
9988593333
9177842098
9849670541
8523033222
8662573816
8340949959
7799779987
7036353948
9347234144
9440356731
9381564401
9000275716
9885758104
8688998855
9440384309
9640842477
7075703899
8096628888
7799990008
8498831111
9863636347
9491383444
9392187954
9550602045
9392933082
9494467542
9440673675
9121232212
7981574923
6300856275
6361513001
9966903977
7874816816
9966636687
7799720707
9441368182
9989033307
9652899496
9618961111
7799890404
9989777909
9247040404
9246434586
8919617211
7799444747
9966799916
9849150590
8639892877
9959596813
8374066658
8500554056
9642422223
9032123143
8500500065
9966337313
7416006806
9010649010
9247772137
9949935335
9397144555
7799242233
6281698606
9704902008
9885019742
7780769606
9966639960
8978886336
8668198393
9000881528
9949403558
6303628947
9849465401
9885400676
9963900692
9494980808
9966087111
9848692237
8772222043
9036334466
7075219191
9848780524
8500659544
9292005292
8686730762
9494776969
9985335254
9390908590
7222888440
9177263484
9666292029
9346821292
8331033222
7207399196
9440742202
9741364906
9959246648
9700643424
9652842056
8977196381
9666368629
9346885910
8801571844
9502216436
9000478488
9700778867
9902702351
9440722399
9963835252
7569244943
8282897899
9949084646
6281113849
9030409045
8885005521
9177722606
9014298850
7416963266
7095908118
9848608678
9533279289
9885296700
9440492924
7905419578
9642462856
9866645899
9848668773
8819224056
9951374000
8712959595
7013414004
8333094754
7702211500
9642818783
9491286540
9440419122
9030262673
9491592642
9849546999
9553990539
8332821379
9703201440
9989330326
9885097211
6309770278
9542424774
9985256289
9789357955
8885656701
8179497991
9394438879
6300716616
9676920797
9000919146
9110742008
9849322869
9908884031
8099237117
9959009671
9502461515
9390808700
8328372392
9949153087
9848861206
9108157069
9885028823
8328403432
9110744845
6302407909
7780593112
6303974896
9390346733
8106013131
9440312568
8856231978
7416102489
9849442595
9676760422
9536333888
9059047871
9000046380
9885534222
6304489040
9866109090
9491290697
9985999490
9491629740
9100750095
7893535399
8922224444
8500129406
9396978888
8978438292
8500508487
9885873976
9381625959
9000382815
9985585978
9966887242
7981100599
6281890153
9000375999
9966336119
9866853517
8978074808
9553527315
7671963346
9866963874
9440453668
9014355232
7013268812
9704037172
8639191975
9988686777
8367270187
9154443078
8951950630
8328373754
9492969868
9440204601
8341213052
8897791122
9849332519
9441072777
9133624781
9441887407
9884450338
9491324545
9804359999
9299992776
7036363914
9652791004
9666711555
8688118388
9941038999
8500933123
9989573006
8147090471
9985162727
8008019261
8309071313
9989333678
9441095004
9866151249
9849274508
9440727925
7032854592
8500791234
9550002000
9347031127
9553355654
9866141677
7997567888
8500002084
9676747674
8465828999
8832463981
8836666945
9848182373
8071640083
9949151523
9494003533
9246823001
7659999615
9988992886
9642771508
9966636658
9000920408
8341708980
9908511140
9492642244
9951284704
9849968553
9789033476
9885252699
9603915000
9290900000
6303506678
9989906763
9128599999
9502062404
9966680845
9059811225
9398867707
8150933624
9347151904
7702072615
9494651641
9246730407
9985373830
9885824878
9966688870
8039664989
9885331975
9866026305
9515433664
8309991675
6300704086
7382006619
8121424208
6303778198
9182430579
9848814432
8688126567
9989933344
8886332056
9441141633
9949840820
6301456610
9032329111
8309941259
9989360099
8977585199
7699911999
9966998000
9701594700
9032626257
7093075454
8885895645
9966687777
9494570570
9812559812
7382104808
9246632693
9493388818
7337007601
7995859917
7382529018
9866644094
9778489999
8662576940
9491830839
9290781622
9848134472
8662572949
8071889916
9392115327
7673977997
9393431796
8374153731
9148787678
9945196777
7989695234
9553008009
9550076336
7659061115
9394107157
8328121302
9502459012
9866501243
9502501054
9618954336
7306310999
9703481203
9441791417
9959818776
9550398699
9949903611
9640521746
9866040170
8341347809
9533238345
7330242330
9902037788
7893777994
7674981165
7993707399
8772223666
8772227579
9573717647
9704698889
9505704906
9000989124
9001797723
8518259777
8330903981
9989677780
8294308993
9963800340
8518242211
9100918880
6309118911
9912472891
8562245042
8125014913
8867383444
9000724906
9440826275
9985593923
9014547683
9494514952
7799333923
8884445969
8554227099
9440116639
8554233335
7799306069
9902914151
9391194654
6281122990
8554200687
9440344707
8341242024
9440126111
9440148211
9966973973
9849178999
9490168270
6300724124
9391381165
9848076668
9963328285
9542662556
8886688825
8886438899
9032606449
9866171676
9492357882
7013782325
9848842559
9133309211
9666087762
9701128467
8842355229
9490370480
8812243897
8328187546
7997888869
9848305082
8465959046
7675909609
8499999987
7981196528
7649999939
9440265386
9866382002
9753222999
9849232947
9493553337
9491511709
9440242023
9494154590
9440494680
9381288559
9052352352
9848152554
9848053380
9581315555
9866011278
7799444919
9176509662
9441892279
8106000152
9849686734
9440029018
8074676184
9908945656
9885552848
8672221099
9848242580
8330913777
9247194665
9052302357
9133256177
8672229938
9652833538
9739178355
8885488888
7660000695
7842213834
9441736524
8978194044
7981700599
8008700175
7331152200
8712127512
7659912385
8562456376
9550056111
7013729269
7013485760
8919960919
9701693014
9492759159
9948472109
7731850189
8037537165
9989204204
7013204313
9490077223
9642547777
7413500377
9966267412
8879242756
9886589899
9849111511
8142000099
8500219999
9441916446
9494410769
7947479821
9849663241
8074265748
9207200444
7095658370
8037513856
8019221463
7670901465
9000633599
8019478581
9951663661
7989086009
9393930056
9032100047
8359805980
9490761943
9100387755
8019776414
9346864074
7842966686
8985600078
9959850082
7989255690
9347330109
9963505922
9849482301
9618055055
9000411818
9849290371
9248148171
7702303030
9885082666
9704554411
9703579797
9398842139
9160035135
9533118695
9502850576
9951734987
9642416814
8633561596
9440494368
9492082456
7799182104
9154946062
9966711109
9912118585
9032044588
7396663154
9032856601
8985281357
9533569997
8886352257
9884433879
8686335393
8142225557
7997999698
9949860643
7997509786
9533375729
9392534808
9885089486
9032198379
8827698827
8885803214
8662560782
9177179991
9440421015
9398414289
8096772987
9573398233
9848068989
7032112646
8648222699
7947479834
8121320444
7989422819
9573029269
9912725156
8071936981
9949988788
7799544497
9100949744
9880690617
9949687349
9441143866
9533121111
9381569923
9345100136
8309446202
9573454058
8912726377
9440983094
9849133533
9441969334
9966040077
9959693322
7670901543
8912573515
9177655999
8121021051
8184913700
9989053046
9010267930
8812244244
9440145883
6302336492
8143530112
8099255355
8885557931
9705398992
9901298586
9100745576
9888193888
9951759666
7780711741
6301401250
9440605795
8004199399
9100645802
9032247867
9703131527
9052593245
8842354989
7378123123
7095045555
8985201818
8179233447
8675558111
8842375036
8008142799
9491997171
8328515813
9441090700
9912916390
8500565655
9849536908
8897992991
9515988508
8297742999
9494336953
9951762370
9553547086
9908636735
9849338661
9573334408
9899888765
9885833555
9581737779
7989904263
9440570629
9281014160
9014312414
9494145369
8842351515
9440167801
9121093386
9151525259
8374518334
9885558917
9705261066
8884444023
8062646020
9642708608
8886333132
9493231122
9966264345
8520958352
9989624553
8985501476
8143464841
9652762779
8044630710
9010170693
8886444698
8662425942
9912435959
8801138095
9885059710
9963333136
9346993740
9959556669
9849112666
9059120488
8037013980
8639789300
9573582310
9390212699
9014270279
9492956319
9985258458
6281522320
9550244311
8912592327
9348403399
9966055369
7989236795
9491787395
8886333708
9666994413
9542684789
9705230176
9959996555
7989234666
8885351779
9000616843
7794867184
9848871223
9440143174
9440433606
8142880888
9550077295
9000446556
6300401802
9160603636
8143905905
9440871701
6302605619
7013628287
8080260260
9705518400
9441643334
8143731713
8143334148
9493420975
7730080096
9666909304
9030873991
7569042337
9989589251
9701727683
8179302003
9000206058
9700092063
9866662191
9010991236
9652699146
9035916923
9885239099
9700275055
9030748412
9133813598
9700450605
9491049686
9849026960
9848104436
8712390555
7794902000
9059447687
9866025078
9000988847
9550051122
9603969786
9391561515
7997134445
9618837879
9440557679
8552250250
9989904880
9885228046
9000499952
7981780062
9440519069
7505333999
9441575555
9440021511
9440882516
7997818451
9912184578
9440626225
9849772533
9398899299
8816294838
9392763927
9393223390
9177445223
8712152789
9734117777
8677224377
8816255789
9705435779
8186822228
7075403149
8924230558
8886988724
9440373733
9398028396
9440134562
8249727195
9515301222
8121042526
8367092163
9505856127
9666426132
9959427496
9581818191
9666023456
8712278999
7893734638
9440613399
9502852346
8179665410
9505048897
9959141139
8912766333
8332996485
9550155394
8186089735
9440192185
9177732084
7799666418
7036770080
8500016789
8647228964
8686661234
6281288112
9652908039
9848222118
9703461775
9014439988
8942222400
8978393640
7579008008
6303231264
8367502551
8121998005
8106423339
9148657929
8556222575
8919912951
7993729913
9949011979
8499882494
9440938151
9618812665
8074486090
8922294068
7799966008
8564244744
8985618070
8147248590
9785286267
8555004666
8071178507
9493232666
9992223542
7594002639
8978550264
8639605441
8514242901
8686949422
6281260321
9502907447
9290050233
9966920816
9000688888
9866677314
7207403011
9502848528
9066151844
6353536363
9542085205
9966036888
9866393294
9440346661
9666454968
8071889806
8142222905
7680801690
9959494308
8309109234
8790604595
9618707271
9959795292
8297181899
8885286026
6301368609
9492200682
8099984827
9014301143
8099238708
9963344959
9030795255
8807227843
6304945170
8977773683
9346304698
9346555453
7013127665
9849114614
7842125566
9819501256
9553688577
9553726775
8572234746
9848974076
8882659999
9246662572
9849256587
9849506465
9849140625
9393909055
9652263367
9848442344
7989828577
9948206536
9014629005
9396666007
8422965638
9392252888
7995458885
9866409099
9866450546
9949270389
9441265886
8812221544
9989974711
9030183981
9989578030
8790551096
9515777751
9848724680
9494208765
9959281757
8328076626
9963592249
7396563170
9985425149
9573328870
9849446141
9440204373
9440204164
7674038979
9700019232
9550202244
9441290468
8019177334
9030000405
8297794333
9246653335
9908014859
9848938786
9885442646
9121242956
6281275015
9949566689
9849222028
9000870005
9515595571
9240222222
9988859222
8897226722
9908038829
9849005825
9490008474
9218101678
9866858601
9642566303
8125502710
9542888385
8143373343
9167318095
9999841766
9391107975
7989248422
8125749755
9052255770
7989626784
7396454233
8143530619
9866442649
9908254531
7675955505
9666705999
9912941794
8885907949
9966200006
9542495425
9429690338
9948236128
9346928141
7095212222
8466899599
9127430043
9966334451
9900253986
7207208230
9666800449
9246999777
9573944152
8978131666
8772264559
9703931315
9700505158
9030405050
9949606006
9959066966
9985208802
9491169595
9701111096
7997990707
9848691133
9966620063
9440322865
8328109692
7730058921
9573399481
7729907076
7981337004
9054472472
8328247556
8008066556
8512252555
7019585140
9966369779
8512252962
9110729787
9949188345
9347639090
8374843471
8514242971
9959520689
9440518394
7989755336
8074709002
9807888889
9505485555
8816255288
9505252534
9553923456
9666169579
9154524222
8818222251
9700012458
9121078823
8942225999
8328169897
9908950350
9505070043
8922233476
9581513999
9676712347
9392385465
9440540354
9963099888
7989963492
9963122722
9963671999
9154815196
8121723776
7013269292
9866669223
7337550603
9989458503
9398427363
9010077996
7331119552
8886608899
9703752182
7993899241
9951498073
9440037504
7075566285
9292959295
9052020587
9908160220
6300424667
7989741153
6300620388
8674249019
8674244384
9581325555
9948228789
7842134160
8500868199
9618118188
9493085111
9840057596
9014360108
8801888580
7396550806
9346688883
9966988554
8500322865
9441986655
8008523908
9502085091
9966151527
6309692617
7842534524
7032884305
8922222662
9866158987
9705423999
9948857123
9949405049
9985521334
7702871160
9959844104
9490472111
9293406219
9542227828
8842367172
8686622447
9247235050
9666449798
7207999610
6300597598
9182522344
9000339911
9908013444
9866789479
9989349739
8885777570
9849244055
8297649798
9704738983
9603323998
7981958857
9494221665
9014869595
9885613894
8518230285
8186953079
8518224999
9494742277
9533290699
9505619969
7661000568
8886967551
8978398389
9885116602
9052143337
9703150288
9885202409
8500866022
9247537420
9052750759
9949733736
8522001100
9441129967
9440984578
9908652301
9390638838
9849495601
7780597902
8341759968
9346383440
8854253444
8048851037
9100710777
6302369665
9063789787
8570255018
9391284738
6300533589
9550999501
9248017176
9440971422
9640065995
9985173731
9000773298
9951639599
7893001465
8639309359
7799771041
8819241414
9493214884
9603596345
8520000675
8179069521
7075985247
7075848507
7780315365
8179880951
7661806851
9346524611
9949809388
9121979877
9491597824
9121666106
9441381118
9542666448
8978157921
9948360993
9441264499
8074113227
9440272552
7416848079
9849127385
8879221325
9507678999
9492566757
8008590708
8143389150
8645233455
6305641955
8297235870
9032181108
6301353605
9949877329
9912550088
9701111659
9052660526
7995482257
9393391424
8501040147
9494959616
7799977734
9900533140
8886796884
9866290290
9705898201
8522988344
9493208777
9988386333
8499999627
8558222782
9059529239
9848542251
9115678777
8854254999
9912708677
9493975318
8916604800
9666296956
9290909456
9866168089
9441588762
9848508937
9346695799
7569002092
7411669296
9866146177
9949111114
9392703258
9030406056
7675807878
9666595515
9951415019
7013340522
8639714117
9299408323
9298906807
9393920870
6300856617
8801255255
8019943026
9010102024
7981901056
9848492477
9849795544
7981635306
8374767124
9704727219
9948846112
9440195361
9848122800
9133833718
9966649994
9441837807
9848607425
9182023397
8624251677
7997272501
9888905974
8332935333
9395578781
8309422525
9505333464
8106350786
9100357667
9515096495
8674294337
9182313915
8559221195
7036295954
9866999104
9550802831
8019995341
9966606647
7989007683
9052095502
9297201203
8497955620
9959984889
6281917194
8185007033
8897157037
9506065363
7406504868
9553354109
8647222159
9348810900
9177774444
9030118888
9014333315
7993975402
8688883900
8922225656
8367422887
9848810949
8639391711
9701299204
8522859990
8247716768
8919394483
9948230474
9849462952
9985093333
7799599729
7981759201
8331037777
8639647945
9885279884
9581183227
9052253469
9949347662
9030241632
9440759692
8096171791
8048103770
7075984422
8686678630
9966237535
8008568150
9440867370
9440796978
9182356489
8106633274
9059506364
9030853633
9849255513
7382222279
9000974434
9949660636
9550792892
9966001272
9492672705
9000683570
8500545656
8555845656
8885774887
9032577004
9959663984
9948014350
9959461888
9449010143
8019039369
8604430443
9963488152
8985403193
8977351993
9705338075
9666418688
7396333542
7842444857
7842494756
9885730902
8500229520
8096665828
9118005700
9347031106
8556221220
7396247001
8639426215
9553614245
8309985232
8143336611
9948892328
9390638285
9000688999
9966661615
7382771988
7780303257
9550633111
9949264599
8285256666
9494935555
7386346253
9032318871
9848538824
8664055222
9030070602
7386347777
8919200361
9292009143
8676232692
8676232933
9492845484
9502876748
9492847485
8886877338
9553487055
9985142624
9346466668
9885292434
8886373950
9573775775
7998033337
6303534101
7095544183
7709058837
9494995094
9885451185
9951786756
9440808194
9533646368
8645296100
9247181991
7660805999
7729869999
8688158688
9493927345
9866586623
6300703570
8019245898
7660005852
9704037699
9441576549
8341189543
7013736420
9985610224
7569449683
7075493778
9441048910
9666907601
9010081959
8500007665
8500895444
9035590395
9121328472
8374415542
8985019355
9494840707
8247718976
9701061478
7036442203
9866499693
8886669162
8886653000
7799033444
8639601475
8186998540
9494767402
9848117211
9515008009
9347435151
8985658967
8712908584
9859595939
7382222585
9394353555
7097882953
6300912212
8886878475
9441592705
9618436939
9440380322
8125720518
9963749987
6281811015
9848269116
9493254477
9515297850
7036458462
9492767423
9491135187
8618196292
9440897589
9440583116
9849113233
9908843348
9110729007
9916134005
7702899642
9848043614
9866993517
9491773984
8118988462
7399974474
9233599169
9311946301
9862282369
7002717483
9612594964
7629081733
8732041429
9854234669
8258884745
8132945722
7005017441
9233097625
9233788944
9402222110
7640808533
9863743501
9402278141
7085947057
9362102700
8415812178
9436057700
8132012970
9233450423
8414969545
8729950783
7085441871
9863079170
8731046566
8794824688
7629985333
9856390682
9615109898
7005035426
9954546890
7002891847
8259030353
7630808166
7085722608
7085672047
8486239959
8413985364
7628083142
9862539890
8118910383
9436007524
7005662122
8062358993
8974141101
7628858538
9863445136
7413926777
8809936996
8794223209
9233431410
9602999028
8794482684
8256004777
9612200716
9362788420
9540698458
9233934484
8730045461
7627997316
8258827576
7002444285
8798050104
8798600994
6009200041
8132935458
9362865501
9678587588
8787673640
8413945544
8415865379
7896188200
7005674003
8822594090
8982884755
9089123774
9615033753
8256934855
9774626564
9402677200
8118916085
9863356668
7005059481
8798048398
8258988735
8415858778
8794460383
8794652253
8729929432
8413893931
8974754856
8729945110
8837479177
7005647229
8731057177
8787628143
9436043393
7629877444
9101153716
8259903281
8004005093
8002456033
6909667822
9435412860
7630832282
8794196502
8258993883
7640847384
8413092787
8413999418
9436684137
9378098057
7085456307
7699002674
9436288002
8794633154
8328154596
7654501160
8008908588
6201391185
9774882199
7086954300
8787612980
9233097394
7085882014
9612502629
7085160806
9402071827
9402607640
9612431559
9612983405
9856187143
8731084319
9402937401
9402055159
8486792637
8729838891
7629821239
8259080787
9233642917
9402477544
7085424040
9366346932
7411330903
8414984930
9612813435
7085499684
8798866759
8132892771
6909423206
9862920770
9401069606
9402869201
6001233123
7640954648
9856084271
8119901732
9118002000
7411864573
9152928718
9167118957
7357201667
9863329682
8071639258
9233301250
9362979799
7630806402
7827866379
8732002879
7628064053
9401850274
7005893566
6009431212
9863831833
9366994261
9862829877
8729980855
8259865709
9435399660
7994264672
8258875033
8259012043
7005849014
7085427082
7085683411
7005627685
7005239150
6909125991
7005775727
9402045366
8258875750
8798092514
7085689905
8037267116
8794761590
9862654882
9863427584
7005309910
9774670309
8974386647
9365222187
8974548323
8721879246
9863200590
8415976304
7005181657
8071775015
7065012902
9366126714
7811990446
8730818108
9402990932
9282896969
8730028303
8414994563
6909424541
8415997191
9862945892
8257077093
8731954506
8131953832
9862334809
8447707074
8837355672
8729981160
9785808835
9862125460
9612239819
8257926069
8812942374
8826888897
8730922526
7085678566
9436054008
9436672038
7085685966
7085807204
8879234962
8291182667
7005709491
8732098944
8132895488
7085409770
9362566323
8256903158
9957047031
8048104465
8837298720
9619288408
8076112107
7628032140
8047138392
6000786754
8071325946
7085865336
8131857004
8787786455
6009593375
7628041144
9619885664
8132809671
8798863902
8974658696
9402871025
8794727663
9402973793
8416003873
9436250035
6009137115
8920858471
8974944771
9022495021
6009114132
8876654412
7003128684
7085722660
8794745898
9387639565
9612772225
8045949984
8317061292
9287951763
8974629844
7005596735
9832735360
7055862344
9612562741
7085857686
8974922555
8880537522
7005235701
9862352826
6364648316
8132890943
8837283584
9863659069
9862258611
8974072099
7085773273
9774345180
9383034340
9856087321
9920934988
8011509058
9863355724
8119883655
6900186547
7640986150
7085983978
8134857112
8873209978
8732095192
7085121350
9774995083
8731882608
8731835105
9707528245
9863313632
9954044513
9612602203
9856143670
9089687390
8413089623
8259021631
7085163356
7896148372
8794039163
6909977099
7384735578
9436282338
9862243812
8414044672
9366091500
7628925432
8729806017
8001022294
7459839886
7005277686
9612440770
9218106216
8794595159
6201354449
6901162797
8731812596
9982281570
9365867059
9774779736
8800414848
8787443828
7630820250
7629916413
8062646631
7002072461
8730029629
8119062046
9436898629
8729948235
8787833912
6909158427
8798053612
9362921755
7002369239
9233997178
7005046841
9383105826
7002635084
9402250960
8974566390
9774332127
8119089922
9383349894
8794454013
7085485781
6909895240
8414069777
8399969227
6009727318
9707726625
9862192735
9954300402
8132913581
9383105923
9233648313
9774361766
9366884221
9971820691
6033877122
9436690412
7640819005
8667081938
8413819072
7578074233
8877239945
7085198886
8794157051
9402241413
7640840775
9872383675
8837259349
9383324479
9954861320
9366523475
9892579596
9366681617
7896931551
9233432941
9101131117
9774627318
8003451500
8119849295
8730956725
8414063064
9362559340
9863349473
8837059825
9233631620
9394212008
8798656989
7629828972
9402009400
7005186101
9863472991
6909285508
8291182587
9856306743
7005151159
7005647390
8132924644
9366280308
8794661565
9101408456
7640068907
8071326632
7638012609
9612712262
9862389401
9612536830
9856022581
9118722117
9650407082
9799118011
6909606980
8787891118
9311849741
9402483062
9147702074
9485231922
7085830791
6009348198
6033858956
9233097899
8473812855
9436292492
6909038558
7005737596
8794330980
8259088058
8732883915
7085812621
9856209494
7005065883
9383367094
7628041819
9317121612
6909765490
9571745931
6009717339
8257897789
8119962463
8730031015
9366826983
9436631844
9436239389
9435036542
9435569704
9436049097
8798024504
7005465090
9774645275
8348728437
9905638073
6009165349
7628011179
9362921112
8977539976
7628901052
8119004171
9366937877
8133041275
8062277768
6201760532
9862643693
9402221775
8414807387
8471014189
8787881181
9097728909
9402073959
9436043130
9862651991
9394546730
7085825235
9612433363
6909756744
9612123976
8595450450
9402929823
8132861694
8259093157
9612447003
9365135265
9888992456
6033835365
8798338069
8258099473
7629957167
9612677608
8794015076
7629058490
7942725617
7629929080
9863722537
7628936244
7045088617
7205422142
7757000000
8837451605
7085221922
9612209981
6909321002
9863858284
6909447215
8787481327
8123841002
8119090484
9821804976
8259079115
8974422274
6909172542
9008763440
9954250672
9366288484
8414822209
9612751855
8131909433
7085545858
8794994491
9872449948
8798672220
6901145009
7085295229
9958598842
9953658779
9383368570
8910076013
7099145499
7629848958
9517710625
8486253485
9774748828
8258021819
9383345207
7005453474
7085078774
8794388021
9366771151
6909187476
9233499875
6909123727
7630864882
9436001403
8732896531
8133074060
8132801724
8132903494
8585959191
8413064928
8811881255
7638092377
7351603966
9612833303
8730803390
9383328564
6033838021
9774799828
8974954810
9819170361
8974126262
8974101315
9863014616
8798126184
7005893603
9856843968
9366486220
8798411069
9436254125
9774185577
8415814993
6009392730
9862625841
7005165578
9485231286
9862335354
9101285738
6009194639
8132800865
8798542182
9436898774
9267918035
8638985478
7005212400
7005101152
9612185252
8837355309
9612528810
9402045192
9436408637
8638977183
8131040050
9436056071
8730998812
9383295188
7640082448
8588090807
7628933191
9402754183
8132012282
8486791455
8860385761
8794876491
6909745058
8731928754
8794733935
9362574640
8131817076
9233728474
8257993288
8976793102
9366124858
8062914394
7827939033
9366657358
6909718401
7208917135
8798961676
8413999569
8119852006
8787735317
8042535504
8787892784
6009223147
9436630516
7005106536
8258097180
7005226537
7005786077
9612751859
7628928150
7628812464
9436427922
9162381507
9612312094
7005965679
9678209522
6901388908
8099505431
6026280557
7002353354
9181366916
9401238068
9101454400
9864076179
8011504693
7002587637
8638985738
9435507917
9954510050
6002094887
7086205244
8822724300
9577241369
9864576107
9864435353
9954752327
9957890180
8638311310
8638417965
9435108482
8638375062
6901320525
8811880051
9678928192
9905843551
8402877671
9365408136
7896013406
9395909657
7002359128
9101260872
6001325039
9101479069
8011317055
6900231249
8071640181
8474055655
9954368550
7099061773
6001099902
9954315563
9435038849
9864792137
9864620001
9101250652
8638904113
9435077110
7099160121
9957712819
9435077235
9678073911
7896690462
9435077257
6001817050
7099004522
9954059101
6913002110
9365515427
8638040430
7086773516
9395112203
9435069326
7670024365
8071655462
7002414785
7002211251
6026137385
7002177095
9395536223
9435515715
8822100967
6001096249
8471923124
8471856261
9394274141
9864777166
9435234680
8822077922
9706850873
9127811672
9706873777
7827968057
6003681698
9435020363
9365771050
9127458537
8638229212
9167994897
9859392341
9435239983
9365319951
7099481497
9435074955
7002439940
9706533914
7086880554
8638653673
8071629030
6003394059
7002067082
9101741660
9954396784
9957484571
7002045644
9435123113
9101777271
8638315352
7002038563
8638119167
9531248731
7099099962
9623396233
6375843327
8011663618
8638270241
9435085360
9577393737
7896625220
9365318305
8721057612
7086856991
9706623805
9401219367
9387897277
8447895815
7002515930
8071640092
8135055033
9707320781
9859911109
7002072371
7635808862
6900012357
7896934050
7002928348
9706625612
9957983306
9678281265
8435287862
7002016925
7099795624
9957525897
9127162405
9476767276
9954021279
8638176985
8721079714
6900578820
8638161938
7002106925
7002755069
9864223079
9957366873
9854051760
7002704156
8812818638
8471941013
9082702410
7002761585
7002094946
7628966051
8638454430
7099062520
9027232190
8822932196
9101761616
9954322424
9707668740
7086590148
9864102424
8638249244
9957626775
7002008516
9127881693
9954064566
9401805379
8638982123
9085938796
9287953740
7099518878
7002645286
8638919807
9435555900
8720998717
7002804649
9435164128
7002705020
8724003343
9101204047
9864184701
7002213588
8471871474
7002831026
8067518068
9395924478
7002268095
8720955730
8403990191
9365026699
8822514728
9706021234
9435164467
7429935890
9678317535
9132567612
7002481744
9854049262
9401784112
9707816671
9864175000
9706038848
9207044202
8069252525
7399070011
6900953447
9864094767
9395580235
7002611527
7099005658
9854705286
9101745342
9957924665
7002247299
7099815137
9707864420
9707106341
9864095956
9435923992
9864010272
9435043481
6002772342
9864073652
7966247262
6746649150
6026801817
9864032333
6026801820
9508527337
7896839116
7002995106
8822026615
9435073122
8638050294
8812996160
9085047499
9435072275
8822570913
9854437193
9706383085
6901970980
8011947264
7002145031
9435500948
9859067305
9707685410
9387951551
8135017276
9854709758
6900373209
7002711032
9435032039
9678960071
8011738280
8876449916
9435032120
9435739726
9167371690
9711711011
9435953025
9707698101
7896007871
8638159654
7086021262
7002269783
8037762095
9854106776
8876261789
9957833450
9435096078
7002383325
7002962442
7002917297
7600976081
8638160456
8638015749
9365729730
7002911265
7002902062
9435209808
9854166525
9365336622
9387315913
9678013202
9435060151
9954922918
8876537551
7002732047
8723827852
9435060297
8822444402
7002208608
8474864485
9859933298
9854693483
8486203900
9167079471
9435360463
8876153313
8071331343
6901628284
9700633086
9957575671
9706206347
7002322811
9619536171
7217888309
9706074232
7099005333
9957121989
9435135337
9878787042
9435380230
9954000511
8037762067
9706066525
9167284025
8011338800
7086051001
7578903288
7002319043
8037762084
9537307660
7002390673
9101324094
9181355171
9854092420
8291979541
9101157005
8822022925
7002520744
9706430022
8638700652
6002827913
9365325727
9658898445
9435946775
9954836997
9085161349
9476831733
6003925077
7002372834
9957547257
8847068332
7002676496
7638066094
9435222845
9854974240
8638687197
9859782866
8638027933
8753957448
9859980790
7002957309
9859365490
8486733499
8254843888
9954034399
9957119125
9101452807
7002857377
8638836741
8638296081
9864398315
8069761703
9954341808
7002494408
7896731210
8876223344
7002187260
7896618872
9365001732
8638112240
7002789548
9957872766
9954738825
9957174751
6002372482
9954647744
9401226800
9706042186
9101818934
7002625510
9957937587
9706262571
8822777555
9854016665
7578942297
9957343013
9395265478
9957015499
9957795647
8471861455
8011612176
9435729292
9957117644
9854131587
8037499982
8822977592
9395755944
9957039787
6901861105
9435320041
9435594546
8099464707
9706578475
8761068085
8638227300
9774439316
8638843173
8399999758
7896171820
8876785954
8638017327
9854059184
8011433732
8876425878
9854847131
9954454758
8486839764
9435720622
8876679401
9854066775
8071326880
6003909961
6026511802
7002089340
6003121297
9864197014
9613873427
9435022212
9127105722
6003429996
9957338998
9954241978
8037781781
7002340275
7002608339
8638028795
9365735363
9435156692
8071326653
6000294532
8011824159
8638717478
9954261493
8071370677
8062913241
8822489641
7001585663
9707628100
9085608339
7002507929
7002583104
8368873685
8822552814
9954409095
9101075612
9365364331
8071679799
7635933317
7002562912
8011812009
8638091760
7039001744
9101340369
7086581247
8471923443
6000864005
8723924760
8099483713
9864811145
8135891907
9365029033
9707135137
9706166809
9707075120
7002810107
8822620801
8723849418
9864224542
8403819870
6001134056
9435028391
9435028023
7718080175
7218601458
9864537407
8822846092
7002214609
9954194341
7002869739
7099430350
7086419400
8167692041
9387548908
7002058202
6000475660
9365946400
8011271432
7575950003
9864834684
9435746047
7387475486
9435014693
7002845046
7002714369
9954556972
9864175110
9706746279
9613159668
7002813955
9864210495
9954751863
8822938967
7337885262
6001069229
8638722574
8486119539
8486163717
9954684922
7002312238
8486330964
8812069145
8486808582
9365452365
8876909172
8011680913
9954303765
9365050380
9101398856
9435846733
8099340360
8011857996
6002405509
9954249955
8237784220
8638683445
9678082491
8486249925
9864183092
6901474499
8011397192
8876262291
7896805776
8135846467
8876962994
7896513626
7002311923
7002974770
9864377658
8811045865
9859971447
9954829016
7947165318
6002620081
9954736527
9289922727
8638993289
8638829654
9395961379
9891564622
8011128257
7002617504
9435044292
9875370663
7411959628
8037839443
7002063455
9181860511
9678523754
8638061914
8638791021
9706668676
7578087120
7636015067
9706165590
7002426238
9365288269
9435070738
7605850733
9435070493
8402080886
9678064500
9859905173
9365009083
9954110385
7002505482
6000074852
9435081856
9678043978
9957038466
7002871633
9612646991
9706160542
7099646554
9365846490
9954441590
9365049361
9365190327
8071325765
9127826826
9954996308
8472812681
9854016747
9854060369
6913817204
7002043811
8822664400
9954250476
8011744331
9957132421
7099189321
8471892554
9395405108
7002922651
9830036331
8812911298
9435015057
9859941044
6002393176
9706012629
9706432846
9854154509
9706771104
9864972096
9435150854
9613756544
8876385474
8724875473
9395713803
9613034235
6002348850
9127868136
9435887987
7635990714
9435071014
9707624042
9957453637
7002721227
8506064181
7002136608
7002618168
9854982121
8638082502
7411781196
8822462855
7002976794
9954440122
8071629975
9706321335
9706006842
8037839389
7002755943
7896849391
8453047619
9395406005
9435754461
8779338621
7002341140
7576862499
8062904654
7002131213
8472848208
9864762453
9435127100
9954044600
9864858237
6000120535
8822579096
9395115595
9957568259
9435035933
9864354539
9435044598
6000981707
9101919717
9864437293
7217888043
7086589109
9954425651
9193759655
8071629331
9395639741
9401369987
9435018838
8256050972
9435171449
9706585420
9435376484
8011002949
9678256865
9435021225
7002641131
9678109385
9706430986
8811096395
8638836853
8638489842
6913349749
9435702729
9435030376
7002023858
9365775610
9435341555
9435029874
8638978550
7399051141
7086377035
8723031166
8002095678
9401561851
8638894669
7980169014
8638943200
7002683674
9854225594
7002919245
9435117379
8011959088
9864518219
9957642865
9864582586
9954383933
9707602137
8638227428
9435037936
9707137450
7002814759
9085112349
8133875728
7002041044
7896503845
9706907133
9101377719
7002043674
9678973572
9435053760
9678377774
9954564336
9435131612
9706967139
7636034478
8876964151
8011120191
8876164484
7086719741
7002450833
8099198386
7002804843
6000714841
7002612913
9706036257
9435053902
9167797065
8812099857
8812993610
7636815166
9954807195
9101922327
8638923635
9859343272
9957067723
9401910053
7002577258
9435326720
9854337650
9577449810
8037908062
9435861048
8099871800
8723054717
8638001751
8402937093
8811033037
6900298266
9085582331
7896326257
9864081643
7636885300
7099078880
9864063410
7636043024
9435500474
8638750225
9954355067
9678137398
8071499779
9101456047
7896605582
9707755579
6901484084
9706440801
9365488525
9864971380
9101173336
9988118077
7002393279
9435080571
8876256964
8638033549
9435083689
6900525308
7002799049
8811034502
6003762926
9101756294
9706934551
7002732659
9435515751
9678864610
8723099781
8822011115
9101415525
8638048807
7636065423
6392442312
9365320057
8638809783
9863280702
7005806308
9435745509
6900503820
6002278092
7002657277
6000653056
9864319609
7002214119
7827049852
8099260754
9365966892
8638206984
9864485458
7002011875
8812986657
9954639866
9435138939
7002818963
6001458121
9954481779
8486970297
7002606744
9864689502
9085991199
7002005944
9435070277
6003340409
8474069339
9436103607
6296040012
8453855501
6002778983
9706040067
9101705015
9435095190
9101261118
6026026020
9167938697
9435081667
8403846830
8011235327
7099061396
9706911328
9678672454
9435021729
9365497005
9365848945
9395370466
9953832735
8402074220
9864406322
8399927822
8011004801
7002710433
9613341507
6901394590
9706964242
8471866205
9435064250
9678074406
9706299331
7002212567
9435015763
9854021162
8822604300
9435088622
9678729550
7002510247
7002072057
9101088693
8069840333
9101208744
9582340673
7002369063
7896619891
7086640436
9365194432
9401805330
9678292350
9706114928
8638164665
8473085929
9167086485
9954189489
7002601967
9531373430
6901646744
9954313272
8723821276
6001575429
7086599123
8037016305
8638754213
9101325849
8876411701
7637052090
9864781466
7002399812
7002347394
7002690290
8048794632
9127061176
9167236193
8453599367
9864361202
9365951541
9954488915
9864188725
9864141194
8473964801
8876785416
9435087013
9401800792
8876979849
8638249423
7002901844
8037517851
7002028157
6901825608
7002596228
9864365699
8181810318
9401877770
8876297908
9365349775
8638131010
9435178178
8471947712
8011684484
8402990712
7489901768
9085848482
9435609990
8071325941
9394884776
9101252446
9101217689
8001801961
8486098999
9101051016
7896622950
9707051596
9167109177
9435025455
8453126665
7578998599
9678960249
7086647020
8720907097
7662060087
8876512795
9864593359
8638613415
8638212368
8638285837
9706308036
8486816960
9873547282
8403927844
7086204611
9864031115
9706946757
7577036009
6003295802
6001056762
7002722878
9864793392
8553641649
9435078636
9435016097
7578091795
7002249506
9613860039
9435027710
8044924073
6003952135
9365449879
8472911981
7086822774
7896022252
8876553605
8100832837
9831033390
8486815003
9706323580
8048794483
7002515839
9365806659
8011266741
9147097168
8822859287
9854338160
8133036919
9233313592
9435101209
9859219676
9167782466
9508393937
9864140081
9101085182
8876565001
9954374365
9864062707
9706345056
9864546058
9678540732
9127009148
8011915458
9854068858
8921895045
9957444434
7002336760
8822757840
9718752776
7099899764
8720950836
8471936950
9864546681
9435478790
7002366970
7217888128
9555058220
9864099477
9401957903
6026990969
9864114608
8638285425
9101736198
9435005259
6001055081
6001452384
9864575299
8200198381
6900560177
9401972727
8638781841
6001108906
9954177168
8135005516
7002696929
8822882266
8638323745
7002098011
9613236463
9971143002
9957982474
9864071376
9864709697
8010411640
8811830565
6002368421
8752972718
8723039405
6000173335
7575972286
8347863383
9435900313
9401914830
9864077172
9854584868
8453558400
9435035412
9435062559
9818028960
9864812040
9864040045
9101807091
9957557994
9365576359
9127885670
8876513754
9643803629
8486134115
8048121230
8073086651
9435135089
8486036730
9435649697
9859380500
9678251004
6001556550
7002860218
7595824328
9435412127
9435035483
8011113478
8638618867
8638986028
7002072803
7002354302
7002271842
9676803958
9706035596
9435886637
7002941879
9365632407
7002300216
6376197311
9864012345
8486987980
8062289116
9167236354
7896015194
6000567522
9401366088
7002283504
9954396612
8474800440
9435208992
6003629642
7899922962
8471982340
7002092008
9387117903
7002512491
9147741207
7578951367
8048104721
8976844386
9206110105
9287954076
9401001114
8655630846
8822146357
9508811194
8402956968
9613743546
9954366417
9435168110
8753964947
9394100734
9706037229
7002472589
9707159919
8811965384
7099026912
6026032035
9101847343
7002702216
8521438530
7002791504
9395337359
9706216661
9435036346
8721081389
9435139467
9864470384
8001036030
9435233166
8929759616
8638672782
9101001658
8812034781
7021986899
9678849565
9395180951
9101205228
6001470157
8037002416
7002063733
7002232049
9435325631
9864697457
7002300380
8486476703
9798342322
7002130602
9706500308
6002388785
8638552175
7002729754
9706975012
8638056759
9435736118
9207355640
9954384667
9954910703
8135028661
8638340253
8822070581
9706905146
9864727602
7896628837
9101760391
7259410584
7576052747
8638233683
9435118192
9864820982
7002287183
9101922991
7002181882
8062913145
9387193655
8638329250
9707624747
9864387140
9707775000
8473869526
6901967224
9435035293
8876565005
8011253102
9101547227
9401883437
8638734479
9954230812
8042300975
7002447965
8478881698
9613044877
9101138213
9401491476
9085825505
9321004825
8638387211
8011269979
9707773432
8638052770
7039002133
9854108866
9127753905
7002715200
8473993080
7002826859
9954923557
9324805191
6000490150
9435293934
9954070249
8069199817
9435111566
8402807234
8403993969
9181082366
9678768026
9854089163
9957202161
8638023173
8721043024
7399055525
6003863879
7002276223
9435239564
6003812416
9181012194
9435176055
7002443314
9435071459
9957448551
9854698719
8048794796
9969221018
9864939919
8133941647
8638150946
9678084481
9435658375
9854726366
9706903599
9101373827
9854072268
9958839303
9436100121
9859933092
9864092048
8638083941
7429139869
9706483691
9435042076
9706341859
9854105822
9435197462
9387123362
9864055240
8876371871
9435016110
9864327042
9706738294
9678008688
9854638874
8876635836
9706080228
6901348123
9531017620
8133993179
9101172314
8638303504
9101163059
9706082893
9435039233
9678850081
9707104519
8071331559
8471946292
7800774444
9619795617
9085466146
9957241956
8062914920
9706433583
9401944393
6746172973
7966247185
6003446232
8876084623
8135984639
9085217765
8046512201
7002930953
9435191029
8822201111
9859833646
9577777576
8473989177
8638550191
9864763094
7019790068
8638592599
8403018773
9864220744
8761064986
7575993242
9954891867
7086996666
9954083101
9435433576
9132625301
8001022256
9101336996
7397095711
9619885653
7636081150
7002679126
7099598638
7578008005
9830640004
9678401932
9365598730
9395331873
9864952493
9957651453
6002991161
8638957319
9954382492
8638346250
9678056025
9854643314
8638894776
8638126196
9435323114
9127010044
9101112972
7708015151
8404014995
7002321108
9957123501
6003509312
8011591844
9957181929
7002514782
8134067358
7635895125
9864223172
7086832609
7002691744
9085366819
9854242918
9707648703
9864141033
8638559455
8133810814
9864767066
8071264001
9218101677
9954893715
7002197130
8927753318
9706485170
8638395780
9707785767
7002702544
7002301995
9678794838
8876889977
9401407128
9864766044
9101693643
6900377078
7604006354
8402964388
6003369497
9864364159
9435389825
9101474832
9678863743
9864232443
9365314607
7002295558
9435053877
9394574392
7002368423
9101866640
9830634556
8638090554
9507176135
8822666444
9435101433
9401689062
9864016070
8100738987
9287951489
9864218442
7086750909
9101866533
9854449449
9394020122
7576096325
8876728527
9741187827
7002604403
9435809039
9395825499
7002267462
9854162712
7099023434
9706905062
8486139810
7002923822
7002256039
8134805488
8876450280
9864051910
6026938971
7002871037
8638139445
6002521532
7002656906
7575901298
7002868297
9954122762
8453542480
9854026353
6000971168
9954065132
9435729125
9435095689
9577126943
8876006559
9864049254
9706096191
9864820942
9435019357
7099026842
9954251995
8486819723
9707077188
6292300585
9395807784
9954971275
9435736602
8399913123
9954485390
9127321329
9101583799
9085875469
9706899892
9435544440
8453705603
9591972785
7259672680
9319995347
9957896037
8486121228
9365276313
9864204814
9435076822
7627953411
7002565995
7002029895
9401281375
8638730704
9435108236
9954012626
6001588604
6913649961
6003898533
7978115561
8723974834
9864099919
7002954340
9435398736
9864142448
7002262857
6901463131
8721037701
9854412903
9864011792
8638190724
7002831003
7577846733
9954621537
9435088812
9706111111
8486024166
9706663277
7002556614
9101961002
8876348673
6001447170
9864894034
7086270020
8822495374
8071326883
8638293380
7035430001
8167541947
9101932224
6000390814
8876179806
9435008662
9435168254
9401069901
8724823280
9365964757
8071640287
9365919249
9678999623
8919461186
6026284181
9474781854
8822588226
8822621418
9859937474
7002138499
9940460147
9101963107
8638739608
7002385254
9387871474
8638875413
9132467299
6000628930
8638785519
8770024956
7002125106
9954460147
6003776608
8876052043
7662059828
8011490828
9085382435
9101418339
9706024547
8812949186
9954881215
8011185021
9395959991
7002380469
7575959630
9207100234
9678569487
9531359078
9864658587
9101581060
9706545954
8638207047
6003989357
7002322160
9101777085
8486555630
7577062553
9954111432
9864585404
8920328231
8474805485
7002618267
9854321777
9678313715
9435217027
6002458424
8812920228
9864250999
7099390602
9435504176
8037267039
7002290542
8638015396
9954411405
7002115710
8638599372
7002747752
8638727485
6913332761
7002280165
9101128649
7086513281
6265812506
9674181899
8876015124
7002191118
9577273240
7002009983
9435084102
9101060316
8723914231
9365251804
8011446603
6003367116
9101084490
6000462833
8822164805
7005289882
7637801245
8638044937
6001281166
7667931267
8638507015
9365290963
9387467674
8876790351
6002610318
8638072616
6000715526
9085345735
8638384965
7002742321
8724040929
6002839905
8402082321
9864369696
8724872895
9395038403
7399410657
8011716300
9435322426
9957111429
9706482398
8011335591
9854624231
9230988063
6003606979
6901640279
9101745200
8135013775
9435666777
7002563175
6002671703
8099554765
9854081948
9101630166
9435026585
9706233498
7035549676
9864086207
9147100675
9435519366
7002509365
8761865300
7002097218
9435649701
9831334567
7002825442
9954148386
9957979020
8811851953
6001224185
8099083250
9577427370
9954650369
9706438061
8876206109
9706239094
9435026838
9101197909
9508769787
8638152861
7834868691
8876011458
7002020083
6003985481
8794772192
9476712247
7099940590
9678587549
7002502795
9101158857
9101213707
6900834462
8048103337
7002052472
9957992615
7578002645
7086335388
8876579642
8069351660
6901329678
6000891057
7399302753
7002339015
9365930018
9954532640
9954487972
6900686823
9395177758
6002575954
9954654065
9394606820
7896862003
7002175093
9954361908
6746745866
9508812127
9864062993
9401606990
8071963572
8037150384
8724847410
9954832661
8071326449
9435137070
8638573677
7896054082
8403886063
8011733624
8811968640
9395689330
9137541260
8638021151
8099174720
8471916145
8002660123
8822306589
9954559738
8399049966
6002769235
9311453632
6901367415
8638519873
9101153547
9864068373
8011404385
7002648256
8134981439
8753091106
6355109813
8486975892
8011003225
9435110851
9859462046
7217888041
8638997196
8876068512
9957047243
7002498521
6900922155
7002059384
8133023889
9706370352
9132213852
9319697762
8721929363
9435089972
7578942157
6002539722
8822474132
7002854742
9401835218
8822358146
8822880888
6001383232
8899164600
9864028600
7002525833
7086354062
7002908129
7002314226
9101696949
9101499207
7002306551
9230775834
9435081989
8777501188
9707656422
9706011836
9864233444
9957999854
8399052336
8472899063
6002816499
9864548441
8011339543
9435076127
7002533250
9101073603
7002770485
8822599194
9957069702
9706054505
9706103175
9678419708
7637906431
9435134451
9864032866
9401779096
8486051962
9365248113
7002474967
9101127759
8472969380
6901759253
6002169127
8099203377
6000735583
9957337672
9401758687
9101367408
6002110475
9147078122
8822086865
9854080052
9957734204
9707774844
8101559957
7002191515
7636830018
6000270029
8822819525
8638274630
7002655819
7002540493
7002879350
9678585749
9365471057
9435109072
7002378102
7002999746
8486027944
9101971499
8135828417
9167172544
9864091563
7399007537
9435555100
8256044676
9707515556
9085308549
7002827957
9101046479
8062985915
9678179003
8724091627
7099028806
8069840335
9365135543
9864071489
9859867350
7002666757
8638271317
9706302443
9678288159
8011175539
9435018716
6001963719
9954059094
7002549389
9435051891
8067612345
8822634752
9864036860
7099030047
7966246160
9435081330
9435374055
9395123769
9706993273
9380425453
9954237149
9864307473
7002859965
9401138138
9706459817
7002058281
8638419202
6913035704
7002120320
7002584171
8486382536
6002731054
7896839386
9435180622
9101625191
7002413789
9957008405
9435452155
9101110948
7637004820
9957614931
7217888089
9854798157
9395313663
7002978569
9316970498
8135942960
8042783391
9954614157
7002744427
9435057388
7288070858
8133032829
9127187257
8011781181
9435521951
6009248733
8473090930
9435754845
9957617391
7002815387
9435031279
8135059783
9830334676
8723053211
7896046700
9854020464
6900513083
8876340675
6000802120
7002066532
7002848809
9435031005
8486844810
8876765573
7002462027
9954660707
9706845654
9435006781
7638077950
6900964106
8044924777
7002549218
9706359094
7002482084
7086335733
8723097654
9954179468
9007757793
6026897377
8135901826
6001394001
8011553482
6026746494
6001351963
9864437296
6000122388
9287981482
8925897803
7217888134
7002638079
9864401499
9954337271
9718144975
8876843608
7002423652
8403861009
6002538508
8638100280
8638375977
9101441265
7099275412
9395665395
7896218181
8099197889
7002972868
9613748416
8638207408
8037710243
9395052646
7399268601
7002503884
7002383394
8811072200
9706069706
9435085323
7035221285
7002203906
8046076790
9395987966
8011353181
7002604131
8876467858
7002716430
7002328714
6002935282
9435364485
9954761751
8486498656
9954056021
9365654485
9531217969
9954262661
7576007018
6901265320
9181030066
9365000168
9073973774
8471999167
7002777839
9903104988
8876278142
8486718532
8721854123
9435194704
6900848062
9864044677
8133851476
6900463357
6002444959
9864301928
8472977941
8876702520
7002088050
8794723211
7578936640
7002388682
6002810649
7099064625
9218051439
7971172247
8822382254
9678179369
8752982903
9864241508
9435742326
8723873925
7947165332
7002200992
8133954699
7002952647
7086016005
9957079702
8486805554
8638280042
9395137872
6000879350
6001818809
6002240715
8638873027
9864016936
9971934721
8011257880
9401554844
8638082112
7002406956
9706164293
9864225042
9362547945
8830084423
8812047567
9818043775
9435092215
8822686666
8822645865
6001798729
6003106835
8134957225
9365476611
9864783172
9864704650
9706496989
7002310810
9957690222
9707315318
9706960230
7002057020
9435375550
6001649708
8638005600
9435037032
9127233785
9707379911
8067518066
6001155653
7002904266
9287956046
8822939343
9101254447
9365894677
7851975599
7577086510
8099149135
8473890609
7002218406
9435134471
9706128815
8399925115
6000410743
7002100525
8879133730
7575999635
7002896801
7002386136
9401084764
8399935752
9435117480
9957112207
9127010808
8011112020
8011791125
9085328111
8638012560
7086765953
8037781542
9678654182
9864311100
6001396662
9954610186
9101429533
7896003339
7099013417
9864899923
9365427792
9435163770
9954868163
7002451181
9401707117
9435071632
8486035145
9531260370
8133947096
6900571068
9862448392
9854842408
9435000000
6000765250
6026744174
9101752809
7896370037
9435094790
7099042240
8134012244
7099014499
7002100102
7002064939
9394324040
9957597709
8724834770
6900736441
8486477968
8486254701
8011869878
8071406511
7002360620
9854225467
9365071036
9707600673
9365794485
9612156969
8099605156
9954982611
9864097726
9101128352
9707923481
9394506983
8037267217
9435086020
9864770033
9101087107
8402933536
7629965320
9957446987
8453290837
9973333442
7042615454
6009805693
8453167324
9435061102
7002201990
7896494254
9678266096
9706254307
9954840557
8822485842
9395424006
8486121333
9435020314
9864900515
9085081111
8638681451
9365353745
9957651038
9774020668
8062646652
9126462724
8638759405
9678337739
6000913734
7002705292
8473050317
8403801431
8876653532
8638085308
9854000789
9706121654
6001723243
7578004277
9435910769
8133055360
9954011800
6002268554
8002094949
8638618833
8003949108
7002032703
7002319450
7577987002
7002507432
7002482007
7002064301
7002055858
8876437004
6000505868
9101730581
9435156168
9954907757
9706204933
9365264055
8638133802
7578040931
9864676167
9435102864
7099799471
6001551101
7002412590
9854033173
7099345037
6901130076
9435127534
8638470441
9854001122
9954580715
9101421311
8099312502
9101236054
8486371761
7941056669
9859623890
9577982688
7099997080
7002247062
9954793112
8638847659
9954474229
9435052600
8822090930
8486960451
9435083677
8721030893
9395827174
6353599821
8638571407
9387947102
6000640457
6001745902
7035669320
9435884198
9864012533
8037267065
9101907931
8474802688
9365076389
9854512513
9101379123
8638362757
7002725247
8720936632
7896008175
8884371293
9435555885
7002868411
7002952636
6000053433
6001937714
9859608739
8638674035
7099442882
6000350558
9864062199
9678548295
7002376566
9954919644
7002213943
8638429144
9864623040
7002217429
9707846345
6000059672
7002393553
8822029471
9508255177
9082229728
6000104026
7637847634
9864250543
8011181524
9101036244
8069874143
6026801607
6000341406
8011166663
8822186723
9101089848
7002690597
8822020860
7002272526
7002058562
9435081494
9085952175
7086582105
9435518767
9365956481
9435166499
6002748591
6001500443
9953250703
9394635311
9181110231
7942845407
8822116600
7002819018
7002154077
9957333991
9957271916
9706844579
9365775210
9435389509
8069351763
8473822261
9435021491
9435242850
9365686415
9207412030
9435071215
7002709506
9678015226
8134024011
7002106929
7002607103
9957553950
8037267216
9864928117
7002864496
6901223411
8011909030
8638129767
9435124067
9101345856
9435543593
9101135184
9429690455
7002334131
8403057036
9365488698
8062368527
9864680920
9365109873
9101524586
8822651135
7002338478
9365528813
6001924442
9707660309
7002562832
8135028104
9864751600
7637020855
9854261416
8011268392
9864012475
6002268717
7578914027
9678783616
6002668516
9435023497
7002282322
9864649956
9957586393
8778667657
7002389405
6001574552
8638686253
9954428902
7086772628
9101612170
8822992042
8638786045
9864938233
9678632064
9706722217
9864264905
8638318943
9859238698
7896710934
6003274746
7002928541
9707211884
8169892013
9282636208
6001455470
8638257526
9707677870
9903742011
9954485918
9678446386
8753079799
9435765629
8134879632
8800699823
7002060043
7399033340
8720954325
7636871684
9435704900
7635804449
8002091415
9101182406
9435056436
7002209469
9706296910
8011339314
7086670345
8403934380
9435601301
9854905165
7002397797
7636822611
8011335569
9957849489
9401207340
7399755727
7002070060
7005300239
9101615659
6000080182
9435087123
7002820520
8811933580
8099843898
9101192106
6001707590
6003699188
8453607049
7002692566
9435165045
9181013666
8822802088
8453997917
8638027102
8486581192
9854903316
9706434257
8811968628
7903944206
8011998525
6900968674
9365545582
9954022863
9706179055
9435199628
9854050567
7045274951
9904575203
8486037184
7664941000
9435087019
8486444045
9101240560
8047629948
9706462712
7002715405
7002665728
8638168354
9706955024
8822135679
8486634397
8133809640
8876109748
7896669944
6000298436
9126482214
7002892704
9365765660
9707727613
6002350052
9394937200
9365200410
8062216518
7002007050
8638488308
9395660361
9954453882
6002104346
7658919293
9085617022
8071326528
7399199408
8638978271
9706901353
7002658406
6003540817
7002310613
7086114441
8403986538
9706812443
9864495278
8798024987
7086360378
9127155555
7896450441
9706687732
9029352707
9706850744
8399062717
8822874777
6001849533
8638616498
7002843893
8822922060
8011619141
6002866194
7002541842
6001746874
9957087741
8812031332
7002953419
9435155338
7002555059
9954580784
8638054387
9167298117
9996668351
9707794373
6000858046
9957334515
7086519510
9435913292
7002593969
9435104717
9613235388
9181839706
9864180234
8638330329
8822123373
8876061062
8822033082
9435076180
6000825860
8447386182
9101507416
9854054157
9954952313
8638505962
8638757905
9101503760
8876874325
8638119250
7906467662
8876866321
6900212414
9435514204
8474846090
8486180715
9854008143
8761988342
8638826235
6000217541
7637043908
9365403825
8876804986
8638871151
9101180754
6002116162
9706776165
8638250060
8011728602
9678971175
9706611069
9864783620
6901240660
7099067999
9101528422
7896512437
8037839890
6000720837
9435428204
8811847796
8291043091
9706547922
7002973002
8011261202
9476555928
6001831464
7896026660
7002301102
8062515009
6001637843
8037840004
9435240011
8291132849
9101345014
7002454122
8638005271
7002658606
8638546335
9577275275
8761905228
9864535943
9365483698
9533769188
6002939158
7002424413
8811036653
9394716602
8638301967
9435159113
9101525918
9859785408
9954122827
9854199110
9508850999
7086014988
9365288878
8976018559
8399036573
6001068627
7628805708
7002622691
8135041638
9435038206
9769603552
8864095116
8011767240
8473063196
9435596132
6001395405
8486044860
8472924215
9706629066
9181624585
9435623902
8812054538
7367952026
9435274530
8638061175
9181206349
8638048103
9074317512
7002056136
9864066445
8638276721
8638399431
8638859690
6001262008
9954146919
8071372487
7001265187
7002156514
7399927611
9435019277
9864048749
7041805212
8486168808
9706099482
6001628522
7099309922
7086077099
9864096955
9365481267
7099017123
9677201155
6001689811
9864943784
7002536481
8254056301
7002053561
9167912675
9394516601
9101407607
9832062997
7099835862
9957362369
6001735756
7635864968
9864685620
7010506932
8876439053
9954118192
9864016924
9854316812
7002953235
6001662167
9435042250
6900654342
8409277204
9678823770
8067518071
8811835522
7002342482
7002336098
7002602288
8638939973
7002357422
9577300527
7002945553
8822558707
9707505468
9101776881
9365475857
8210433213
8638507574
8250352141
9435021892
8399886494
8638773207
9707050918
8011500525
9864130705
9101403993
7969285739
9435493464
9859047752
9435080162
6901205255
9864136152
9864263117
7896253030
9864520766
9678881117
8011121314
9854343121
9435087137
6003833325
8474851022
7099720409
9954318371
9957911845
9101126247
9613039480
8724874645
7977609341
8453913138
7429550020
7259552019
7638839872
9101758208
9435138278
9435138669
9365306117
9387844234
8402058877
7002469551
8448444840
7896453604
6003951010
7002511668
7896500311
8812048269
6000102057
7002407574
8135060195
9101831365
7896154718
7099075999
8404077061
7086834970
7002029169
9859935316
9425257904
9812584984
9707333344
9706551972
9864312300
8133051906
8721834455
9954883268
8638445959
7002410966
8011011393
9954103681
9101890630
9401362260
8011516490
9101918204
8638781186
6901732473
8638760545
9821557154
8011003043
7002482809
8638136791
9395475916
8011672703
6002013393
7002979340
7002265737
9435167444
8822800175
8822175856
6003601534
9101316493
8011079153
8048794697
9706278061
8011509706
9435457988
8876515186
7002088206
7942728484
7002327622
6001671117
9678303128
9859741590
6026631985
7002067940
9899544859
6002384675
9435025722
9854021436
9954457471
9365437856
8045873528
8822773282
7099933166
7002266877
9435551612
9395070523
8638761330
7002744866
8134944817
6001887100
6003585219
9954709412
7002064122
9864161543
7002975380
8638909636
8723931413
8486516476
9707536461
8638226989
7002402741
7900860047
7002432194
7002048842
9127413503
9678551261
9864861687
7576938211
9706489619
8402965684
7086676961
9435026495
9957516207
9707705370
8638794732
9678333880
6000219209
7896273755
9395290851
8638511708
9435528173
6913532150
6002057391
9707385552
6000358260
7002342934
9954350576
9531046291
8954821099
9854225767
6003551060
9435452917
9587100875
8068924275
7002884534
9101326635
6003088310
6001028729
7636900110
8471866409
7896752373
9435123707
8638868950
7002294463
6001608578
6000713711
9101073957
9954074786
7002948149
6909427925
7399001007
6002083609
9365043319
7003322141
7002247366
7002998907
9954995346
9859933033
9435168253
7002792823
7086910120
9282205600
9101853028
7764975653
8876816911
7002639375
9864714613
8134075632
9864224729
9864840426
6001285430
9864455444
9864780514
9954582235
6003301110
9435045312
8876477434
9365420341
7099075965
9707337098
8071372252
6000650890
9706817393
6001881240
9980130059
9365627618
9536132466
9954111195
7091160656
7005681675
8822552245
7002299300
8876950455
9706125697
9706611936
7002062858
7399701441
9577724535
9101292063
8822865154
7635815422
9859490998
9864042491
6001314755
6000172009
9101685197
9435020518
8453833123
7002925360
9707057010
8473940306
7896768196
7002112145
9854975960
8471982442
9954872034
9864778441
7002022714
7002406382
9394572905
9435553405
8876280123
8011691131
6003667992
8638790472
9401246140
8062510889
9678598944
8133053173
8099933884
7002404619
7002495123
6001578297
8471866872
7002774617
6900439476
9435029510
7980818340
9954121648
7002271583
8486933201
9707721272
8135920417
9394551882
7002350636
7670002111
9954190004
9508389939
9436331719
9435035857
9954665358
9954498250
9401044057
8723894326
9435136765
7086868893
9954419070
9706129446
7002857159
9706659107
9954084500
9435080666
9101144028
9101981895
8638569372
9395220752
8134975713
9435038390
7002410218
9957079469
9706432683
9387969654
9706119266
7407905296
6003380941
8638599573
9954405135
9707075982
6000216857
9957910683
7896596129
9957339205
8134994411
8638335521
9435624632
6000012648
9167959391
6001323376
8724054008
9748349407
9678142867
9435229011
9101613046
9394777929
9864110086
9149833178
9954270298
9954324750
7086044423
8011273590
8101542430
9395030262
9167849154
7002119559
7002144300
9401088721
8135891661
8527229352
6001755538
9706324217
9435061029
7002929166
9101676574
9678328065
9954788139
9678722362
7002539500
7002774543
8399893239
9730183388
9435000663
9101846206
7002372257
9101336878
9957251690
9678045016
9864971486
7002747239
8474055980
9240237953
8876440509
9101289895
9706168316
9707589702
6000248060
7002436376
8638385590
6001062923
9435052648
7638015011
7086626029
9365902077
9864013595
9435643006
9387968036
7099067059
8876677767
8638505216
9085705134
8071372736
9954562862
8723838983
6000534565
9435130701
7002010877
7099462727
9435070333
8638923917
7004694522
9435071687
9435988364
9395935558
9365909757
8486390256
9864476967
7636992582
8133883332
8638180323
9957133131
6002368840
6000702701
7982463986
9395777123
8811934995
7054974898
6003763542
6003141781
8472996025
6003242822
7002307978
9854251057
7002789597
9101459810
9435227011
9395323010
9706524570
9706408844
8724877219
7002450881
6901130943
7099804071
9650825698
8134027197
8071372733
9101810775
7099067717
6002113672
9101043366
8876962444
7641920937
9864290874
8638289762
8638401909
9513384703
7002342656
9085344448
9101082831
7002679866
9706530093
7002260293
6003854337
8638343541
9663943939
7002021441
7002862903
9990022232
9678021269
9181449953
6002903967
7986718447
9101649818
6001445346
9706170607
6201458939
8638955258
7988289457
6901256631
9954116606
8876421064
9678499601
6001512701
8486039646
8638344196
9678258922
9854004304
8876701451
8134055744
9394449370
9435011300
9101020684
9854035197
9435133303
9864543523
9085224666
9435026492
9864826061
8876112835
8876115359
6002727183
9717689456
9707160997
7002624483
9864894900
7896648503
8638340291
9435125624
9678413944
9954936824
8876080450
8638203740
9613832082
9864937895
7002500773
9864065226
7896109885
9957544502
9864412030
8099335044
8976835638
9864403626
9864091526
8062703229
8291619701
9854708086
6003661516
8645322267
8062914041
9365725190
7061803817
9365651263
9101346633
9582892445
7002768214
9706841654
8638073693
9365598360
7086053626
8062914189
9401402110
9957767874
7428890188
9864100409
9435062132
8876917852
9435084119
8638892918
9854264998
9365465624
8876212197
9957771136
8486159637
9854859088
9401222021
9954126138
9678295363
9435551749
9916829785
9864052014
8486000010
9650193664
9954381393
9101471715
7835071836
7002027561
7896472994
8134813113
8133064522
7896042414
8402020163
7896511137
8761021961
9508262346
8638185595
7002540894
9613830498
7577835074
8721882808
8402855040
9476947695
6901301315
7002726957
9864030470
9394854034
9957136563
7002115476
9957126113
9101199384
8822654138
7002418365
9954387428
7002535827
9706809910
8486291712
8048795039
9678180450
9365655681
9954944990
7002066339
9365607720
8876217449
8595926647
9678108322
8134919180
6026559894
9854412655
8011118406
9854711550
9707199198
9859276331
9706131123
9854757289
9707439687
6900128143
9577739728
9435355056
9835853681
9835219946
9771366185
7482897150
9570001113
9570007777
9304795769
9431280043
9771975443
9334731665
9990382050
6262847777
9334707718
9386802229
8252299808
8048069476
7319942747
9386253381
8271345803
7667004617
8826652056
7463076216
7273092737
8130690221
8252623992
9525371321
7004296670
8210739197
7903290715
9661575020
9472437086
8709179615
7654066625
7763861414
9431239437
9525754601
8210268880
6203190363
7870737451
7840818229
9079316616
7004196478
8544227033
9897189444
9931529104
9570551532
7631286316
9934990446
9939954075
8409647139
9241886397
6202022619
8789124117
6201740952
9153355265
9525066749
9334114720
8539899799
9973692902
9631241676
9304835899
7018410440
9771841152
9934805450
9334136288
7371013377
9155502165
9870982476
9123282007
9334269833
8340126261
9334207538
9661481441
8048261707
8340652336
9934524236
9308554144
9534220228
9097319393
9690118836
7366925893
9006207806
9122661216
9122963373
9431673240
9204183708
9308532320
9955295094
6202520630
9931699832
7004264406
9835381416
9431419849
8809283111
9204207563
7464000408
8271724340
7717747458
7070703990
9852398124
6203141472
9835089707
7903349571
9504228872
9430677600
7632033837
6122501133
8340399073
7991141380
9939840404
7250715195
8789140488
8863954883
9973107300
7979781227
9873654950
7488535210
6209500015
9135317376
6202457201
9973634067
7903625417
9931235930
7519735299
7654218326
7546988900
9852044548
9801085236
7717751703
7258036786
7717759808
7717774854
7488678459
8108095586
9135288996
9534324971
8071639691
6205634548
7870737621
9097319630
9162409997
7764045666
9534511114
9905444441
7039003449
7050127504
6124007853
7542025431
6353564543
7903052329
6204607478
7903423485
9905050880
8084263786
9852822709
9996130478
9525398597
9097342198
7086009680
7004228534
9431057624
9162106562
7070702821
9122707153
8521369945
9931636328
9472690256
6202424493
7783856402
7368805771
9572727222
9926900453
7667730825
8873402560
9835221712
7654140100
9523617526
8588883038
9546435786
9973985492
9798472843
7277628014
7667877904
9507206600
9004136364
7903696780
8271027777
9534397224
9334850092
8651627002
9955795612
7903367882
8044938938
7004118804
9934242623
9155915431
9142977824
8709637539
7717763911
9472872923
9852470521
8340243377
8071433579
9386268263
6203784355
8102264113
9334136934
8677888000
9798401211
8002375194
8434001983
9308575797
8789591240
7033653521
9386364194
9388172845
9608087229
9572393568
9319011774
9065555907
8046984890
7763953891
9973985150
6313567306
9097984739
9955991765
8083790888
7903035610
9934067919
8071889596
7488690188
7568623004
8709076168
9931805166
9504776244
9569580029
8037002128
9111191160
9934514070
7870078222
9431013770
9955658688
6746172438
8340524730
8757398962
9431636555
8789449058
9006712407
9973288891
7488263424
9431213928
6412420007
9431214076
9304806072
8071889991
9934279377
7217887962
9934442593
9771012603
9798912946
8825319970
9341375013
9931314090
9570753634
8319759939
8207734881
9871922926
8071889864
9835878037
8709684496
6201268880
9771945483
6126711213
6299368039
9835666675
9205030254
9431414639
9334911432
9334398500
7033415666
9608091080
9934070686
7079477707
9031116900
9560887552
9288272625
7903975838
8071889953
6202566376
9123102788
8434998696
9934259058
8521793724
7079559615
8294458430
9470275999
9430277398
8291538335
7250559758
9304626097
7061137653
7209199567
9334299097
9304074713
8825341419
9801407414
6202223075
9572350125
9577854766
9709199819
9304092262
9006753177
9430298435
6207848613
7549586084
9934755610
9905686727
9470705966
9973619732
9386171890
9123434519
9835369492
7542916669
9939986163
7544032027
9934753459
8544101252
7282888582
8800736367
9852543844
9939658001
9472621463
9931784081
7707008787
9155795310
9204742777
