7837222666
9022834900
9956012050
9930349384
9768709033
8080805915
8879979813
9326657245
7990473939
9029250227
9136745118
9699838398
7304135136
8454065990
7977164150
8419999138
9326257484
8045248100
7021711960
9970846767
9619680357
8767828184
9867096095
9137273838
9320008055
9004307595
9004998998
9167565675
9561050520
9819439878
9833463615
9326060336
8356955390
9222221265
9512341234
9321000507
9082807395
8169177520
9833601660
7290095802
9553073030
9819674832
9920545474
9137127733
9321320449
9867650091
9324935668
9000153980
8001217474
9867348165
8779045565
9821188325
7208239883
9619614200
8879909854
9820824822
9920003143
9372887526
9967693137
9820065626
8451869658
9167495445
9773697767
9769056073
9022486774
8169156382
8928089641
9992220763
7715971555
8850687739
9769112748
8452854777
9167539095
9920557806
8652143702
8002701950
9998497292
7875676252
9768772716
7045464718
8828010397
9019029029
9769354957
9158934318
9967913755
8097639013
8062916803
9820362982
9819975818
9082087611
9152004949
9152002004
9867412334
9892272816
9324516326
9892981714
9892115503
9324625627
9920038921
9920608010
9321330557
8793610885
9653131251
9167528552
8369201721
9702225152
9004090941
9833074070
9321983105
7666974557
8879994961
8047631628
9619817066
9768282501
9082907433
8046063910
9702414104
9930292537
9819704230
9594641772
8047547027
9833826647
9870006264
9859789444
9892200696
7045358508
9665567408
9867632715
9321288415
9920085309
9004060454
8104218859
9422212308
9322839035
9156180900
8983900282
8180819004
8698670111
9021322193
8600412888
7385409212
8087450505
9890906875
8796628269
9822269769
9999465257
8980845212
8237678474
7219795742
8582093759
8605865406
9112667914
8983500409
8484977200
7378989996
9822829431
9922261495
9022634413
9075474024
8275940972
7218065550
8446548961
9975214329
8048602961
9850985939
9922478652
9422035795
8390557332
7385637086
7378303558
9325793485
7507347777
9172616363
9011072655
9762170330
8208689283
9850111786
9921179175
9689888201
7769090813
9518965404
9637072588
7397980242
8500890123
9604568533
9860773212
8767477102
8042783377
8766697853
7770060908
9825087673
7021992300
9372523237
8689996996
9653299928
7745040057
8169459552
9980469883
9833368284
9320261511
9988994677
7385928948
8001088586
7744055531
9049731763
8806006552
9004336036
9822975901
9321059944
8485054552
7386568230
8048035006
7687860313
9321110066
9890730140
9763699900
9594220586
7588724944
9326743938
8169709884
8888772441
9922689225
9819570211
7666816882
8329115090
7798234598
7875294904
9823331155
9823744239
9673008748
9049395723
9204888018
7276015298
8795091295
7405308000
8237200888
8888861619
9082177034
9834672816
7040294514
9404118681
7276411414
9172402789
9664097074
9975360805
9011031395
9004043991
9326282125
8554997709
7875188286
9137429205
9637210996
9930329380
8888508109
7350321321
9820986629
8451876786
7738744023
9850800063
9819952683
9168661541
9881710061
9699240145
8691000085
7600100340
9769279303
9090809052
9769767474
7506522210
7715930813
7039111777
7045864712
9773455735
9004862670
9076824534
8879966440
7089154077
8286114600
9326115676
9867624369
9322673599
7304852159
9766622389
9930014730
9222997066
9673131333
9975833022
9137394778
7397958113
8104855903
8451820012
8450918790
9833392329
9975360548
9136488855
7030379215
9819132481
9833716071
9152676364
9867330421
7718901119
8879051606
8369549939
8657900860
9833099690
8652300965
8169194621
9076103325
8691916782
9167244619
9773788366
8071820133
9004344101
9421871421
8070676161
8097386318
7039785186
8976001191
9820130161
9004049390
8108036576
9930734324
8108872427
9967278477
8090020070
9322946978
9029746765
8605940276
8591177088
9820855667
7738541878
9820394409
9029805522
9920943438
9930119370
8928076705
9768011226
9833365369
9820068099
9323887882
9987734354
9029532556
8655228747
9969310989
9619482007
8108161305
9594068358
9594598959
9987333931
9619484168
9602331668
9920404359
8424020290
8879790825
9833058239
8850854241
9136501678
8046043312
9820124517
9152208080
9503333287
9833613327
9323166423
9967400003
9689451354
9819559035
9967639744
9322284599
7498981703
9920633891
8591295549
7720829444
7977698427
8356950628
8080225363
8108406610
9763196197
9930894895
9869831680
9820211269
8976500942
8369285199
8484098997
8369080480
9850015552
9356939466
9867388881
8108329445
7021609902
8879141176
8879685207
7666777390
9404999255
9870634815
9322413762
9969535428
9423584060
9869007312
9967115806
9821313600
8433842619
7045616744
9322379993
8698682222
8451934343
9769578243
8378998954
9619771158
9320505040
9606350000
7738584949
7721971097
7420920885
8097969157
9860305161
9920802651
9322130691
8149827086
8080565429
9172757053
9967693333
9892973721
9594534316
9821137594
9224410000
7400498525
9067902322
9920726955
7972480365
8655589422
9167270027
7977610883
7290092205
9421904476
9664742158
9967522424
9967797773
9594338584
9167679535
9920871905
9619953988
9822232985
9869602852
9137395718
7720961234
9820710499
9757352538
9850275015
9819533634
7290096076
9619147640
9158741205
9833089277
9323873157
7588072436
9820651717
9223373963
9921685888
9224259205
8828081057
9305401469
9987003674
8795200400
8652587603
7506716516
8975907907
8356865866
9766111207
9820416375
9702266662
8070609010
7559363032
8796274844
8922900168
9820728388
8268981631
9967821948
9833411532
9769762503
9022162449
9321986411
8291085053
9321390986
8788315640
8044953386
9220161411
9987044889
7400075943
9657178111
9561115497
9272222317
9607009507
9820545957
8467812345
9820600684
7900117893
9819029200
9762889672
9820935312
9619975076
7045572295
9769890420
8080237616
9820934934
7039021191
9987786287
9920289340
9372020354
8286131122
9867888271
7045835386
8907090704
8080808927
8369431208
9833953055
8828770202
7506471392
9967757915
7700901113
9545533461
7208540522
8879948999
9773686360
8828456779
8080488144
7742913755
8108036868
9987941202
9867909941
7506372987
9076307775
9322299099
7905365347
6126714911
9702424718
7674897701
8828276790
9324362304
7718963774
9819156003
8452988178
7506981210
9820426093
9619775141
8652224000
9588665568
9664897329
9468052228
9320073725
8104646651
9975404685
9869664658
9930437759
9921048148
8108730657
9930192705
8356946001
7350139444
9820044965
9821252911
9004199987
8686005151
7722005530
7277440011
8879741241
7815855555
9607001950
8484061252
8806090099
7738149129
8898940707
7517463846
9890210700
9930355384
6000260028
9931128892
8291111005
9768024760
8693006001
9820978071
9321622477
9326969962
8369637656
9821757571
9920401743
8657510882
7208567804
8928453087
8928889327
8268627890
8097969199
8850084755
8652726968
7900181234
9326069974
9167004856
9820320086
8001030260
9820658397
9324942145
7358444961
9322249216
9619633221
8591076335
8291934801
7875588899
8767876549
7977775825
9004566257
9930201201
9967339118
9819845070
8291054910
9920956325
9820020714
9820611667
9004552539
9890677006
8655973366
8530025134
7738740019
8356929194
9608634662
9594898888
9820009175
9820125836
8108662281
9773237359
9889889771
9967563885
9821521781
9930675524
8045815398
8070056777
9867867743
9892033486
9324604678
9869128640
8433730625
8605801807
8779849160
9819437758
9004480007
9769713539
7249640724
9637769105
9320842356
9820090968
8983223850
9922719117
9529000309
7058782520
9029284687
7007824024
7738461004
8796788720
7021408384
9689890296
9930788126
8433563929
7506321599
8655857606
9960082380
9833889336
7304790978
7038734715
9619162010
9324631919
9503838498
8976144102
7776858169
8655540372
9833900545
8048603729
8108901814
9137374252
8828141102
7276772464
8390895643
9773030888
9763831991
8071889621
7276119875
8302656234
8879049682
9702542747
9226220103
9322447570
7597477790
8369062827
9920641115
9137051322
7080672363
9416068110
7498041540
9867747779
8108525656
8828048803
7208568913
9004033102
9619773983
9323107644
9136641668
9833722508
9028362996
9152991731
9503282401
8233731642
7039640068
8087685647
9987209787
9545254242
8600141757
9936894526
9867217879
9833686042
9322057597
9930576937
8048964777
9870333205
9699791601
9137598143
9607002140
9819968648
9607848080
9819852494
9702861969
8087106042
9321080822
9834093644
8767072226
7021091434
8779773878
8693870004
9930557123
7678096887
8698893301
8291084881
8828963655
9607003340
8689966868
8898508644
8452005198
8530980555
9307909030
9822744058
9322834564
8001207066
8668786946
7276539538
9371028907
9371804300
8788538939
8087279615
8048250488
9822680782
9370145102
9423003944
9372222593
9890760696
8879885781
8888832485
9970198331
9604858282
9422525153
8796863350
9527254347
8591261746
9324341057
9833388803
8103777999
7719815333
9867775455
7350238873
9930611606
8591290571
9930154583
9920648428
9819858091
8097918482
8850500399
9820922356
9702145446
9869333007
9819413693
9820433247
9004161315
9221401413
9821768766
9833884140
7977956250
8767627124
9820999886
9870688130
9828244990
9920790011
9769381737
9167246768
9769664444
9920161493
8879764125
7045550100
8433959100
9167349950
9321594939
8520020027
9870201624
9820648138
8828034080
8424094321
9869769182
9322013575
7506565290
9136040507
9987502666
7796505050
8744910045
9619952722
7710027104
8104520004
9892349213
9222213191
8097727001
8043892668
9082353477
9892940305
9820157340
9702993984
8432701000
9773283587
9892080937
7208670534
9369398206
7715815809
8433555118
9757092220
8530470862
8800900009
9987207826
9987794974
9004879560
8369968861
9833156759
9810012345
9144465444
8879682863
9987162383
9967908921
9822910637
9324868580
8208907162
7666605362
9763823045
8804555533
9921957070
7385414979
7949121728
7722025566
9689421213
9405300249
8888592977
7219305466
8857819125
8308490817
7720056295
9096842561
8956777256
9819186318
7385818805
9607055959
9822272229
9552211222
9070004242
7756028685
9270371032
9130710902
9922512000
8600340286
8850832351
7021500700
9665351951
9769001749
9920757462
9867107803
7400256736
9004045169
9821025411
9870226161
9819562406
9833828919
8080806939
7021994264
8104683604
9136055575
9272645798
9820598747
9133561182
9139091031
9152012503
9320782000
8356892231
8080892888
8898982482
8070222333
8888007777
9920345658
7021956841
9503357739
9137730758
8080605001
9702935768
9892308876
9022270866
9819893278
8779781349
9321430495
9960194600
9967477530
9820475210
7498294308
9820303947
9322533838
8802444478
8983839985
9904770107
9823311036
8433519113
9867320011
9769713213
8928565452
9152093903
9225132218
7021844804
9767742070
7666153456
9768652418
9422094430
9011179396
7400239522
8080458617
7506355051
8097973463
9372775984
8291226595
9967989378
8237920570
9902599025
9324303386
9619429473
8828119625
9004638435
9270544486
8104233706
8652444441
7666618500
8097555522
8879299338
8796146415
8689909834
8424025520
9892422095
8850408409
9892618124
9850750202
9819674235
7738384680
9136931664
9987197419
6394550380
7788088088
9765808515
9833763204
9322111137
9892757584
8828826111
7410135286
7400030609
9967065070
8080603535
8655211174
8260731670
9766399661
7400050414
8591541103
9619995500
9920445858
9850525398
8856060608
7304222309
8691033578
9833316682
8380891750
9359677706
9619973347
9322265570
9881117125
7030930186
7304274347
9167354445
8975404445
7666523883
9819816522
8956576901
9223283594
8087801456
9561115338
9967063568
9421365753
9925504007
9819708950
9322217687
7718926713
9960569078
9271777774
9930877368
8055022828
9922290805
7045169521
8999088594
8600086022
8657421462
9158809245
7045879128
8208630675
9607073332
9822622335
8888004799
9594466724
9834700230
9702455496
8805176684
9422020113
8600591546
9137520308
7758999070
7021479216
8071889873
7030998998
8087862895
9022896302
7403434445
9967456192
9930910715
9323811851
9935816446
8976911836
8983437748
9822459399
9326773340
9028127768
9325431462
7985601477
9819972727
9324401058
7498831017
9619571757
9975472370
7385113560
9850431100
7507507522
8657858138
7767808010
9890825533
8043868007
8080587155
7588032120
9930324444
8291687806
9075105566
9881494754
8850672106
9324049158
9112911105
9822658766
8956660551
8879575757
9850853148
9222202789
8329541262
9545219600
7219307700
9075710192
9850976451
9833373406
9892608916
9987321686
9137561004
9820101311
8655735507
8048600491
9892035513
9833703382
9833604097
8779179852
7977480227
9892294344
9867964125
8975821510
9833361853
9773600916
9028669433
9975254894
8291550028
9325309859
9112270222
8329728210
9321287586
9156004472
9987746240
9561480462
9867288629
9819095829
8149177143
9892500055
9284914785
9987607012
9209302403
9082969416
9850708919
9323298340
9136788481
8087002533
8411809809
7057227390
8104754193
9913713246
9011541458
8005322829
9136548556
7021141812
9833327837
7387290534
9619228951
8879764332
9820191540
9636196682
8200154916
7977823314
9235218131
8169293767
8291870001
9702541186
9833794677
8050500707
8037781592
9082344824
9664551009
9987020924
8071889624
8080331331
7738833988
9619876972
9923073303
9029458229
7039509932
9892771133
9892619691
8048978381
9090554343
9820592943
8898211684
8668850358
8805841198
8999610455
7447770377
9784722993
9320033114
9819880606
9960865879
8955712223
9323147706
8976288853
9081813677
8830661100
9226283373
8669118834
9529820453
9404567698
9049533232
9270116806
7718832290
8668229606
7741804778
9172792700
8425850900
9137096208
7715851034
8169360073
9762666621
7262886771
9890455991
9967606986
8169153846
7410145141
7767904040
9359554923
8291329928
9665778830
9607863435
8928912156
9028616844
8655586833
8698904383
9767959997
7875158088
7506445070
8082021786
9820250301
9768384525
9619094879
9867344274
9224447024
8655265526
9930004660
9892567406
9324314907
8104423030
8268333435
9867456824
9833989897
9221484278
9870917929
9167606095
8928003933
9220510518
8080280396
9702546637
9323407002
9004628809
9870109892
9867212754
9820473376
8108023682
8005530844
9967357197
9324243011
8291933440
9354847531
9820611775
7715015077
7021266990
9833121160
7021427382
9082214434
7840902152
7385119443
7322927171
9890084175
9117727272
8329787813
9594439778
9820362717
9867146034
9850211989
8879151567
9552916062
8551036245
9226106472
8268000120
7875943131
9820017016
9718794843
8879731568
8657875606
8999840686
7666221110
9920116612
9887660826
9820009469
9152010535
9833737673
7498698300
9890132501
6746172566
8048965702
9819295757
9145021478
8080669595
7887586346
8767939182
9637876445
9820264005
8879879900
9028371885
9867250413
9823243620
9833385942
9834992033
8806677577
9702142252
7838943150
9820510178
8530470553
9833082162
8879186486
8451917407
8046065054
9833994402
9223456769
9892699937
7738358806
9320767070
7869495353
9819968125
9580481239
6307332407
8208161289
8104954254
9766224546
8446880919
9702098685
7262036461
9820445060
7400492177
8450976115
8605025400
9970390875
8879983711
9890516683
9702631832
8080051112
9870307173
9834427920
7744023866
9833088111
8591861584
9702716319
9820690334
8108860195
9082121789
9819729549
8793050277
7700085401
9112242612
9833351282
9137433353
9819355580
8169229631
8652174772
9881994343
9167601281
8655888588
8591881304
8591834141
9867767040
8815919492
8369681231
8652056732
7517241958
9082808589
7219771105
8108290101
9619285389
6350100703
7506487850
8779074988
9324622271
8355966865
8169799327
7718052547
8448444897
9167007860
7738597784
9920304093
9967289789
8286654713
9819812217
9930757588
9820484837
9821083211
9833330121
9967511747
8080464469
7666332221
8601239666
9029989836
9769589513
9167922787
9833307862
8591762299
9323979523
9892486869
9326465699
9769034413
9321017024
9867121612
9015154545
8433587876
9892155423
9619936999
9922904387
7020258307
9228849693
9623458890
7722010042
7276147133
7058252577
9975269917
9922244412
9665269696
9657193913
8550909996
9011466360
9823163191
8390675936
8698583269
8793560077
8048405554
7719999597
9765709016
9850784773
9503436332
9975546484
9920112925
8554037888
9326890699
8796687436
8805354977
9762356715
9765712642
8805327020
7709052220
8169063703
7559140407
8805610788
9309246946
9975234345
8999402441
8446693936
9082804949
8669093645
9029593578
8356871132
9881525464
9623171731
9699429991
9021105375
9730381822
8446828439
8850279614
8767071784
8068964050
9762398049
8062915490
7875668859
7276726689
9011170786
9321495963
9359253251
7040124772
9403271110
9175210163
9168359221
8879958588
9545087676
9967555216
9881981066
9130002311
9130304101
9881366069
8983541436
9270341424
9270560456
9011251202
9765436006
7770095616
9049848207
7021199860
8087767218
8007863642
9764313179
8554046357
9809548899
9823147407
7875338065
9404516997
9370984571
9923787891
9422994628
8275668899
9922669903
9403365873
9595311850
9421235333
7038639891
9325988287
9404777967
9422906688
9421316612
7030307186
9422189977
9000073676
9440166607
8341627695
7396050658
9966308382
9550083888
9440282992
8944255499
9440105447
9966229367
8108138000
9908882911
8985485421
9848198449
9849127732
8501010727
9393111886
9550064791
8106306606
7824812121
9849199779
9885603618
7045457770
8074797081
9291244874
9705917333
8069867570
9298355575
6281901080
9441920401
9390399793
8639471172
8639922925
9000951310
9963498652
9908333000
8919617664
8071264861
9390488898
9640648999
9553550477
8333000555
9866049933
9248017375
9177986981
8071326901
7780705750
8002587555
8801722428
9885448768
7780205660
8069865888
9246401807
8309150295
7337333342
7416411901
8666993058
8861096126
9392111995
9030321047
8666632123
9490884577
8885513619
9247894177
9873567620
9248192471
9392034900
9182563503
8662574798
6300455025
8074771531
9966032786
9676427241
9966822871
9652124433
9912714786
9704505678
7550055551
9393779988
8919900394
9848246429
8662491044
7735282131
9866224405
8662433395
9342967344
8712232323
9246497262
9542066789
7842116103
9985837387
9885347440
9440001775
9441051206
9632561008
9618858303
7799095321
8328345004
8071408350
8247479969
7386006066
9980689218
8982342346
8037002687
8634059223
9848286408
7569197439
8143843716
8790496562
8019887926
9393023736
9032255571
7799357327
9873546782
9963392372
9849123299
9121345123
8465061964
9963122526
8037002387
9133338691
9133338692
9948265234
7993184643
7095429977
9704770379
9440210910
9866437141
9642612143
9949643219
9000980887
9014909010
7338117138
9491827704
9959964648
9885836045
9167984737
6281711405
8612377666
9989980815
9014932336
9849096647
9281438587
9440283217
8977918118
8125464938
9916027378
8019190319
9912475116
9399911099
8247498760
9177368284
9912200000
9121014232
9676999711
7799234567
9700071345
8071639210
8125586098
9704824156
9949252444
9949945071
9701694139
9177628278
9963014388
7842418136
9381557508
7995467054
9032643637
9392929223
9703560177
8341346134
9100389588
7093344200
8886679171
8005997800
6305716311
8121046777
9873568560
9959900814
7093405887
9550038885
9000886595
9441684279
8978915344
9986499853
9441782272
8655610773
9700271446
9160160192
7942811882
9703195540
9985345391
8500250505
8071629665
9866283786
9885839505
9840346985
9959894725
9441206986
9440846513
8688668099
9985042889
8328493040
9393979794
7019398570
8143685353
9966221286
9160774777
7702062456
9573461270
8069867572
9440250863
9885228950
9619086037
9429692121
7569015511
7671868003
8772251677
9966771121
9866868853
8977716851
9966129199
8071639207
8885336488
9866243104
9246350543
9866604616
8985674728
8428045537
9618138625
8639437411
9133642272
9505445555
8885412654
9347519536
9550113499
9963626567
9398079379
8500318226
7981893136
9491929210
9000988012
8328169150
9848087109
8046333629
9866546118
6300065986
9440205326
8099822487
9848984598
9966000798
9963191769
9494412466
9948369057
7674903083
8309800600
9873498534
8885322283
7842415527
9949074312
9966916700
8341236954
9381467382
9849794317
9397888799
9849905294
8048740473
8071640074
8019992800
9347149457
8328577669
9912864888
8309645014
6281831149
8037002434
9100566503
9177731139
9247832426
8639508222
9553011305
9445888336
9705676561
9542103111
8886989992
7774948777
9700236387
6281168697
9167076203
9440047081
8096657572
8069866711
9848152177
8518241234
7981493529
9985208077
9849599517
7386126234
7799368546
8328620921
8074414734
8096751369
9494414989
9493660909
9493536996
9848768351
9948151548
9494403737
8037907640
9440383269
9663415366
9032638173
9490615039
6309797477
8500773434
8897887885
9550122759
9000159651
7995607080
8499901653
9885250915
9949379737
9873498481
9505600402
9293789489
9885898203
9949202441
8518259004
6304903878
9247795546
7995099582
9703122432
7730831722
9966852286
9030709768
9167984835
8008002792
8037002541
8341723230
9289062307
9491186637
9459451991
9550550060
9133403039
9014116724
9440014617
7995182555
7039001496
8944255403
6301050436
8886443866
8041017532
7997923262
8562251214
9246941444
9866693615
9494509890
9440564635
7416390066
9100080102
9246642333
7288999999
8071889798
8657568649
9493449392
9246634589
7680803368
9246624406
8886841999
9963866664
8885557678
9533393738
9052360516
9247871397
8639909690
8500504333
9866869296
8121555503
9550299953
9701810326
9642418070
8922270799
8944252244
9951832346
9652010423
8008937637
7416173449
7995122234
9912568200
9247269900
6302741855
9948118782
9701490190
8376888888
8328446681
9985338955
9885655635
9281020919
9177854868
8501007511
9666788501
9441894258
7036338999
8497979185
9491947792
9248017126
7070080883
9448216228
9642079903
8002103311
9440073709
9133551082
8247253669
6302709901
8884375559
9393814182
9052779781
9059624943
9700683678
9963222340
9603058345
8179271359
8562244456
8985798523
9618126552
8520028580
7411781318
9866351153
9494582202
9949101106
9652765766
9440383214
8562456260
9703261888
9949990277
6302386028
8037002315
9160960012
7842707544
8106962752
6301174565
8041017538
9963505108
8879934386
9885046589
7304053032
9121141021
9885925758
9493023038
7904812147
8554319747
7901311123
9550171714
7416462317
9849981825
9441072882
9440073448
9110368918
9704209591
9849540079
7013502295
7013258506
8099822001
9505600430
8555969615
7386665666
9885552457
9966449628
8885552888
9703368890
9440951999
7942844896
7989233768
9577566999
9133338976
9292252880
9949758743
9642424299
9989554567
9293953266
9848398483
9393333665
9298112244
9533667666
9291341333
9392113293
9346226884
8048982832
9440535848
9581108999
9848788399
8297551818
9182872153
9581223311
8803232323
9704051420
9247505570
9948611116
9052597366
9063857857
9346840209
9866026648
8247048766
9966004406
9339338339
7330859003
9014453708
7893846301
9052523360
9849555848
9502681629
8897163840
9014998262
9160691000
6300678826
8951642257
9700241009
9912711043
8605005555
8522037680
9494365558
9398784262
9121212121
9989872073
9949630620
9030265187
9441511122
9441444991
7732007739
9177304599
8071640571
6301158488
8712929919
8106811171
8554470382
6281290822
9866062139
9246666211
7702775499
8041017608
9030478802
8374567323
9885365634
7997667111
9505777297
9154777773
9640969701
8554312331
9908591140
8554221314
9989319069
9182782870
9493504399
7416295942
7729080222
9010048930
8500051811
9885185617
9160672762
9440216388
9849360925
9000085868
8978265777
9000664439
8291094468
9948403625
8074176733
8074870109
6302849387
9014507363
9295708960
9704642560
8048968282
7331124249
7842811325
7942762702
8836662291
9581207550
8639634996
9440532918
8044939699
9676716340
8886657985
9963126567
8044939690
9059444559
9966437927
9989707906
7411781317
8639811195
7598074707
8578222240
7989975299
8578222494
9848117262
9908758148
9848365993
9553751507
7286869666
7893871997
9985130979
9391450660
9848497964
9390336339
9703519828
9440593938
9169849999
9391364250
9849563496
9848392609
9704346123
9494046530
9701606471
9494229192
9493767680
9502759549
7093327534
7337555896
8099927877
7947479761
9014206868
9989816229
7702730242
9849029273
9908232129
8639498197
9666618459
9948533395
9392436480
8639044990
9550814224
9121179864
9246589252
9246464641
9360779999
9873573220
8977211242
9440363487
8499985152
7207202170
7075176974
8005995555
7993527535
9177145424
9391996060
8688603428
9121811233
9133004444
7285919381
9550240828
9966227622
8179653458
9885773633
9030985551
8247298018
9885747552
9493524718
9440352185
9392653750
8978812640
7730020387
9440255545
9032902468
8885645550
9949767383
8291093658
9440455087
9110715599
8686611666
9440936999
9553792299
9000162206
8019993450
7331122985
9000624429
9035054467
7330834446
9848535481
9989070554
8846667666
9441274374
8500121003
9030989690
8037907619
8071889672
9553469215
7396804004
8978380437
9951587060
9666968665
9025424477
9490853348
9936784588
9704021188
9885680280
8008663335
8019459855
8885401242
8121934811
9652545426
9494652523
9885444523
8612345444
8686764964
7306111133
8885805500
7780126778
9873560825
9000992991
9581117722
7382926465
9246466266
9848388175
9966637552
8842955295
9550455757
9676595999
8008877299
7207244404
7893961550
8500651117
9848848625
8500057116
9136935555
9398419494
9848802082
9391254958
9030281221
9640707387
9014908165
7093565754
9182779142
8044939684
8497933999
9985023838
8886222869
8505937171
6369706147
9030303111
8977441997
9440094362
9440447020
7601095976
7893904599
8367585797
9515342222
8612330462
9618222233
9848154861
7013848282
9704555177
8885588256
8639776677
8812235057
8612320645
9666373132
9491708833
9951333296
8688072281
8048740435
9700878092
9052206830
9845577591
8897201851
9951671969
9390598091
9440953794
9849493392
9908890513
9505129999
9849393848
7702443270
9381776416
9848473884
8179771242
6309666789
7416831816
8341733606
9848065131
7241122333
8367053765
7659015999
8806666888
9866644425
9652966144
9566271994
8656236789
8688425875
9701034803
9652405547
9848518532
8037016328
9848894899
9492340919
9885198001
8008577333
8812222468
9573760879
8812234977
9704779640
9848335659
9032660333
9397684691
7337441951
7989714518
8776679999
9290208344
9553316799
9959384684
8662570005
8071889801
7993661399
7207505370
9666066973
9392973265
8247745344
9848607110
8019244255
9989772558
9100455666
9966600050
8836662944
8812241848
9700414116
9704450408
9848536633
8885500669
9066373163
9505130953
9908466099
9490677131
9398311004
9533799933
9856525999
9393626989
9182894285
9966062884
7207267226
9133895969
9963670555
9493990837
8978192347
8143119677
9908379577
9553320446
7207733335
9177723335
9393769996
9441109327
8096903000
8885757155
7995678997
9908401192
9122721098
8919680708
9490003311
9989575290
9603999039
9701037176
7328912345
9989343866
6303077504
9848688593
9963172828
8686858126
9059329121
9167071738
9502212283
7036091744
9247681652
8367217327
7013609740
9494404318
8688782900
9908327126
8985691818
7893764524
8688194881
7981298221
8552250444
7942845837
7070569742
9133448419
9666692349
8886657987
9885582512
9866252014
9949107184
9248641777
7893160714
8985089224
8247514148
9731103515
8500362936
9700700909
9603155999
9666831220
7807702595
9985179917
9393600103
9177441933
9659625555
8019773771
6304165312
9989514282
9440511287
8885322888
9292157157
8130302708
9248389577
9666466795
8121434696
9121093621
8143999680
9948796579
7552658822
9989492409
8309107736
7602224449
9985558488
8071639209
9959460778
8518442525
9848599242
7416162763
9030406787
8074933765
7382289902
9951133784
9849350328
6303683142
7330722338
8333848666
9182045083
9581378999
8790768865
7013819342
8106724151
9873570193
8552200421
9533371797
9948381517
8247572758
9441005963
9440813381
6304051793
8897945452
9000670746
8590076831
8495252029
9491118786
9000954108
9491460606
9885332911
9160033309
9912121290
8121288008
9490348969
9885307787
8506063948
8885665780
7659927777
8048740441
9885812827
8686083408
7075425750
9059465655
9121634576
9391510414
9440569106
9160829786
8886657991
7569680826
8037394929
8037002469
7337338251
9246596777
9505004844
9182351795
9790331299
9000372695
8500140841
9740737943
8897708567
9154793851
9440729131
6300968941
9597835978
8048740464
8015898780
9154540792
8812251227
8008200620
9111442294
7204667968
9032949939
8071639216
9866965385
7013373600
9866944516
9948152365
9550500999
9966875037
9908869896
9848377522
9652395356
6300273806
7386045091
9010708064
8885757199
7993062971
8886663002
7569944444
9515355831
9000422205
9000222312
8309146032
9014330381
9347314037
9704414300
8125343499
9599819940
8790208608
8071889667
9848012326
9908819442
9959989891
9052552023
9952352985
9247277353
9606979366
9885091189
9642490425
9490033067
9573686633
8985336905
9281477765
8074669618
6301113940
9290028915
7382237855
9110734815
9063387665
9618492630
9989033822
8106298563
7680841444
6302625835
9490345399
9581977999
8048740439
7702499666
9248886789
9441800687
8008340800
9052026999
9666167495
9490706666
7013530004
8816235314
9866536225
9052332555
9959345624
9989394981
9441323760
6281207934
8929293017
7989134235
9391392872
9440312562
9000934897
9000999740
8106606551
9959112400
9010509747
9963095103
9866937169
9849979140
8500764058
8686393619
8333899696
9885073717
7799768855
9701944279
8048740461
8816234511
9440183836
7288877300
9701461152
8019457468
9888422245
9676664177
6363459473
8374890057
9944878985
8309045672
8686120023
9492621961
7207067026
9701554245
8041017551
9440017711
9652330777
9676478710
8500900119
8088553031
9966691011
9924577556
6309554319
9440188135
7702997929
9848218760
9347812380
9705722858
8977702611
9441723977
8578220330
6300804190
9797976333
7799787474
9441616189
8328020155
9133059659
9885418899
9646856666
8639012555
8142565113
9398145057
9849995302
9533221135
9492491919
8048740477
9949164777
9700650603
8801555549
8106488683
9963356777
6303332380
9705556669
7039001492
9866143194
7386890121
9849520278
9885113599
7989211216
9154824543
8143240751
7013748688
8985916999
8879896089
8688953118
6303908889
9618316776
9989598989
9912908405
9849131146
9246651499
9440550230
9440793339
9553093399
8897240055
9700615003
8143500779
8978315222
9581561309
9032367951
8008945278
9985551697
8008332233
8879654556
9515250201
9848274128
8099480995
9390611285
9440177618
9885348743
8790759727
9849822423
9912679767
9701332707
9640012828
9603752777
8008159333
9133877777
9550033111
8688312772
6300421102
8220035985
9182754598
8886760888
9490767804
9110791343
8099423456
9111408111
9848350671
9247400253
7845593985
9177959585
9948553326
9652525353
9059745600
7032412479
9642113333
9010855614
6302336167
9491850018
8047027148
9346866608
9160177888
9390247084
9440193810
9848075759
9032195959
9666136683
9704788061
9121192999
9440674755
7386762887
8500066550
7708414857
8046512443
7013928737
9849639697
9492524164
9299999564
9246845554
8977768131
9849156644
8842362341
8657568516
9440677896
9642440652
9550732628
8977760871
9848302444
9618049444
8367478131
9948925267
9848160445
8008577338
8922232653
9100027741
9912917877
8922222916
8842302266
9490544693
9553389090
6303958078
7075552666
9010236226
8374493331
9581095590
9291233360
9640550964
9397032686
9063840667
9246675588
9848986703
8047027179
9440620575
8041017577
9866176556
9396969998
9494086655
8500577733
7416450555
9615211234
9513445580
8922272676
7305040985
8099734567
9703792889
8662436344
8037002778
9705870707
9856123777
7601084532
9100759100
9848965645
9705036803
9010738234
8885615181
8500001912
9959459059
9441152170
8885607754
9949315550
9848816966
9345452912
9059456736
9786284786
9502645080
8814224158
9948151912
9888827222
9989258333
9849913992
9248199999
6366529614
7411781304
7680909714
7337555900
7569892565
7330617555
9246636544
9989806143
9949772251
9866411943
9618555744
8520944933
9848049273
8977332944
9985558680
8309380390
9296001511
8688602073
9866646258
9866635621
8500294949
9666009199
7569408602
9885512932
9912226111
9618667474
8071639360
9949598018
9493764001
9963093639
9030662409
8008181099
6371591420
8977232278
9030537657
9966095540
9014486872
8499943212
9666744444
8099926669
8121812391
9030668705
8885255554
9299900441
8686350340
8341585210
8099108202
9640007015
9292701101
7013744450
8121241178
9966186666
8688804444
9440439030
9553541477
9959833129
8328252243
9912633667
8071326931
9030494999
9393608760
8985987333
9602426294
8882206944
7676538883
8341665770
9281495550
7780723481
9490306713
9900764595
9490730066
9573873648
9989360688
9397079677
8071639211
9703696752
9885077362
9866542205
9676268919
9573035777
9100412345
8048740459
7729915599
9010640417
9000267085
7729925599
9964366815
6382375976
9866933908
9502502440
9246786386
7993038888
9703104253
9082708180
9652040060
9440162427
9246746746
7780391571
9014842412
7794898989
9949701222
9494585864
8096682445
9345670043
9347116323
9959446828
9490196609
9848792495
9966918866
8125466080
9553288968
9849635639
9985353853
8686362695
8074533406
9100900830
8001036065
9866867082
9494848114
7981675947
9963425888
7328956446
9392045302
9281029460
7661087976
7842699516
9030625797
9849136933
9440073656
7989006624
9133224464
9885643959
9030482348
9491549798
9849465863
9381621521
8556222692
9701870796
8008063737
8309065471
9440429556
9966268995
8500603157
9491946945
7013719151
9581971876
9948646583
8143424012
6302894668
9390000945
9036485519
9963364478
9160058005
7337338256
7330731888
6300262721
9849442930
9985831616
9381005245
7993819427
9043973985
9966928706
8332908650
9885546511
9640464652
9121730211
9441388225
9655998135
8001025438
9000360640
9030414041
7989316123
9849443666
8501967408
9505359991
8142781007
9177424212
7207838398
9542490686
9000063898
9167086344
8048073992
9848157991
8008508456
8008631141
8466847572
9985658087
9948017322
8985540705
9440813336
7205818999
8125770082
9573065444
9494032244
9849400331
8686404824
9030706786
9849831911
9133756808
6309473981
9848289440
9848019964
9966737657
7093927490
9731141435
9393620412
7207781699
9059412576
8885607046
7893387665
9701570742
8309695575
8512221933
8978478474
9989873783
9290523234
9603633359
8106666295
9885366766
7981186390
9381249069
7893443204
8985113766
9912690226
9347966765
9640139027
9491434488
9985528063
8074459269
9742292427
9966654555
8125498396
7995410806
7396021413
9703830515
9248017368
7799888117
9100166665
8520888320
9652507074
9894574539
9347918538
9676758288
9949995378
9182756994
7780596855
9959225681
7659871177
9381250230
8143161837
7331113075
9959225646
9492816375
9398218382
8639915889
7893483733
8886661398
9032202028
9000314631
9553023220
9886851517
9959954280
6302414917
8919936050
8978067025
8074931299
9989929419
9966587402
7013345167
9885946459
9700927660
8883622888
9063733386
9912263751
8886391222
7893887729
9652879608
9000996116
8071264942
7799088003
8907978888
9505663880
9989097747
9089123123
9248017335
9959225647
9052129887
8121555123
9030533371
9490602828
7396827447
9848558739
9182354588
8074844118
9908611991
7270004222
6300630210
9182828321
6301158031
9133222116
9502703218
9494345468
9000819498
9908511375
9398561757
9550797747
9966446481
8686668020
9948438828
8816224690
9866717243
8247548707
8247827673
7989655074
9705143926
8355891286
9581432456
9010779595
8922228730
7942553159
9985272079
7396980626
9908913347
8041017562
8041017563
9063407023
9247292665
9492289238
9951544861
9010866928
9577957723
8041017610
7013377500
9772093035
9951703469
7013638096
9849256724
8309505114
9959120471
7382777098
8643220564
8041017554
7418849737
8328046081
8667528147
9848352518
9701264228
8309024760
9059056228
7569225301
9989585622
9154500080
8048740433
8341342545
8897240687
9985757057
9542563661
9346954724
9963044483
9848146793
9505686253
9849259276
9951323031
7396647111
9640252025
9676300111
9966753468
9177232224
9492874646
9849254708
8309246789
7993894938
7337481818
9866664755
8019469452
8925593985
9888677775
9985666459
8885108501
8919165829
8309182156
9848112879
7217797548
7207201819
9908554066
9502095007
9347226265
6303244789
7997993407
8037014087
9849287798
9666061397
9010470667
7207282828
8886832030
9885021403
9355010316
9966400020
8885822280
8885562333
7337408241
6303737288
9440745001
9502528121
9440216901
8870664851
9392546044
9866826900
9951499510
9700535555
8895418852
8374412001
9866791078
7032501666
8945241094
9669578999
9494741463
7013841990
7075176485
9492792792
9177783944
9182248509
9848434443
9666867796
9154682715
9459924444
8002581800
9440740837
7382283370
7680810239
8978117380
8008575292
9849894220
9963225338
8143361885
9319371038
9030723200
9177243299
8688313641
7330811320
6305701665
9666311663
8500569099
7569019916
9676746753
8886553017
9347073935
9848223913
9000314933
9290100149
9701288229
8505866422
8041017550
7893534260
9666566650
8297549555
9951134622
9848123669
9393184487
9705770255
8074989146
8814228586
9949229336
9849625143
7337338059
7207027000
8341137716
9247452865
9160273633
9912931250
7200227985
8879194803
8071264836
8187003525
7729071038
8647256832
9703114507
7207353493
9492279422
9440984984
9989777662
9000575938
9177113052
7013443395
8977647009
9296108665
9700607143
9346441976
8121813140
9849627791
7032699328
9290439927
9397876970
7288991599
9849052930
9704475316
8121904562
8008878038
9441117278
9989758486
8500890225
9603156754
9640368191
9160915366
9849424218
7337555902
9505226123
8978737873
8074708162
8328182690
7032313546
9885780809
9010157999
9676314940
9553703737
9985052659
9849263883
8814210444
8814222221
8947231425
9866128363
9642881418
8885111789
8041017605
9966802709
8096181205
9494085959
9502254822
8143199406
7799889333
9291339133
8142244255
7396132748
7337555237
9908957143
7794993530
8041017596
9493212655
9100991708
9866347483
7093907762
9110399437
9989993055
7942845880
8010622622
8090905900
9493137318
9666517507
9966611337
7671035679
9494405688
9014700637
8068935614
9989379777
9736919191
8297079555
8019121297
8977575977
9010274460
9866457041
9247708799
7995659999
8626241144
7036155488
9573386005
9247125746
9985608857
6302832726
9966682677
9492772772
8008029399
9581116558
8855232084
6380754841
9848480679
9177194589
9491212222
9100656371
9989215656
9000033143
7799973338
8885694930
8929333993
9492143663
9440457488
7673941507
8855232078
8333037071
8790307992
9032777886
9700361888
9494395954
9133885433
8317602465
8341924145
8885111557
9620747979
9248599477
9700882441
9177267450
8674249900
9000878588
9985148616
9059977784
9618612292
9866059999
9951012456
9703403085
7013834899
9703164713
9885050181
9704519037
9885849596
9440525689
9701223349
7989106789
9642892153
9440400337
8688177402
9515089949
9502774315
9150175985
8571222547
9440249087
8041295616
9431333999
6281056519
9966270009
8500220333
9991118301
9032500575
7095245851
7013894678
7893444111
9392901553
9059505650
7997993421
8071326890
7013364594
8019300611
7674985356
9951735320
7981400740
8552358462
7670910555
8048740484
9494896652
9848586922
9885258585
9398234647
9966628888
8812237664
8812220550
9490960054
9966874687
8499966490
9849546805
9441332999
9949749744
9866739329
8855232180
9133583344
9985689999
9849812177
9059050175
9676233445
9949565275
7997747999
8688888843
9490839105
9100042430
9703713758
8500222480
8624220455
9700768383
9848893851
9398704213
7989798294
8106279555
9885009632
9849777469
9666848224
9703104858
9441599784
8977484847
9440919276
9014551298
9553366066
9393979269
8978431114
9441119897
9347186110
8185818147
8142594889
8790269996
7989454897
9966977879
8333855550
9959596391
7036512365
9848128498
8645232689
9849323300
9959111977
9866909807
9396661247
8096055922
9739252329
7569121205
9908498933
9966113691
9581477944
9959517774
7093445476
7396352482
8008590559
9494797847
7780684275
9885449384
7997730908
9848862060
9133210563
9885133663
9866155645
9959111936
9246783817
8688885851
9848413124
9490615329
9177416037
7997004332
9849589165
6305601091
9581818143
9483849658
9982407407
9700046614
9949193534
8044926540
9542863536
8886149777
9505167633
9154912446
9494705353
9885945463
8106129088
8520972737
9290578781
9000455105
9948259967
9347344140
7036214666
9703429849
9490202008
7729081524
8074959882
9955524433
9491508001
7875213794
9440736689
9014848533
9949500070
9866411194
8919280402
8074055285
9000878860
9397918605
9949250555
9908569555
9949229036
9493713638
9949210555
9542871374
6300033477
8317619026
7036783117
9032276541
9963650958
8309272269
9652793529
9291112237
8247804680
9951564594
9121509663
9652516656
9885779060
9701970177
9440704117
9014085611
9966031000
8886249949
8885886455
9440349333
9000296148
6302839852
7799304202
9440292440
7013134001
9505000916
7661929353
7780751363
9000858915
9030530933
9550507517
9980766014
9553061872
9787630216
9989759516
9440281877
8977538936
9492120087
9573621690
7095712345
9705006699
9701594847
9701849412
8512228248
8004107711
7337555892
9346524123
8814222567
9966996306
9912026084
9440739915
9100935655
6305411877
7995231113
8328275779
9603333339
9397090457
9849267559
9618154119
9515557999
9866456814
9502519092
9154675610
9010815477
9989429662
9010534486
7036973250
8985938654
9440814192
8813221093
9291688737
9000410075
9949940094
9666962121
9885622563
8978904564
8945243288
8626244493
7995854999
9849267226
9856867777
9666511470
9885783717
8674249691
9849289845
7396171888
8712375131
8008909023
9110343543
9494293999
7095545554
9442329734
9949666735
9866422613
9246629129
7549997999
7416498434
7386301676
9182766448
9440744232
7981832783
8106090807
8945294469
9618353932
9573320921
9030473526
9440556725
9160201110
9743424588
9143143197
9550111314
7288838685
8945241111
9985494533
7095123657
8297066060
6382546147
6281530233
9440829644
9959706978
9246299930
7416341615
9290813666
9381663926
9989945579
9848282380
7842275434
7386021448
8903186783
9700567785
8645235990
7386517704
8985627284
9966190455
9959036366
7780174149
9100633677
7416495269
9885012999
9949395915
9666432375
9441393147
7207955655
9492940956
9326719291
9290527835
9052221002
8500006130
8897941357
9866126354
6000860008
9502279229
8674242703
9848064567
9480661093
9100034433
8121906301
9581435362
9000192412
8919366322
9396795461
9866866125
9703335786
9490518931
7386465465
8688618982
7672016211
9440917639
9966537207
9392329618
6366550495
9948092574
7780576290
9440729534
9603432766
8626297555
9266767323
7702377666
9440268188
9848970577
9000666419
9494626418
8432781111
9491204553
9542620473
9494504674
9848182086
9491000910
7299667892
7386048524
9989855342
9550612526
9010208571
8978853330
9701707087
7799009925
9912968195
8309552554
7396518259
9963623988
8143569800
7794064939
7995452990
8125552129
9700508030
9985299123
9949619305
8555077491
8069248288
8978585787
8019808294
9542092555
7095123892
8499874630
6281610669
9347330267
8008120104
9573960035
9908627724
9032828585
8330990551
9247222247
9700045268
8019757452
9010006140
7013658398
9246157358
9849922348
9959584489
8008575303
9985266439
8498833663
9711737738
7306060240
9908100999
9491981236
9030131342
9989425028
9885209795
7780316465
9849363316
8790944311
9177566143
9952625459
9381493865
8978737575
8555083499
9666672229
8552226793
7674978485
9248015550
7330732888
7601054075
9849847517
8247434545
7997041832
7032164353
9010547597
8886272999
9704949199
8500850373
9963180069
9866026306
8662577279
9246433363
9948409445
8712630334
9177337837
8919295778
9885228856
8945241169
9394858999
8041017602
7702875958
9133177316
9959944464
9866226652
8558224883
9705790579
9121213301
9154224117
8142929691
7013602866
8179939614
8466933777
8500718785
9030553072
9989492741
9247464371
9885381306
8309214447
9885275722
8047630574
9700335675
9290003410
8074898417
9949940027
9885953733
9100518810
8062915980
8571226493
7411781298
8297439872
9550395522
8074536366
9030080296
9490644018
9585063602
9703293003
7893498808
9393665656
8099343322
9966087786
9032445186
9989619497
6302101505
9391368402
9398873124
9949458789
9849574660
9063677277
7672096861
8712357999
9052617192
9347314007
9949814812
9000714376
8374649811
7799413274
7569119447
8688948284
9666004143
9866155909
9959973748
9291666143
9394722111
8374262369
8641234589
9640702122
9391958315
7093000839
7386699058
7899903514
9032069639
9676259001
9290555223
9666388854
6304858237
9948228683
9490575555
8712172375
8185883377
8374324948
9000628275
9963869652
7674919986
9949646757
9581142315
9949014446
9703839370
9494952020
9492124906
8919595123
8008840982
9642331889
8309660258
9581956898
8988878681
9849519952
9346185251
9948899227
7780353541
9299951234
9989898089
8885782551
9441361168
9908805333
8919253015
6281906647
9642108849
9440949316
8185062434
8919022245
9866022774
9063163555
9949610502
9701896780
9885600280
8331869609
8625256092
8885588736
7799382857
9951458705
8341907274
9160753202
7659959533
9440362516
8985678493
9951181367
9704990312
7799770190
9640735732
9505225499
7801019492
9985945089
9246617816
9346080480
9866263182
9848678831
9032871954
9989508850
9032437100
9398176499
9885883108
8050848334
9985980451
9948163007
9866022212
9948114000
9440838535
9985025595
6303362759
9966190905
9182908187
8648226226
6281093803
9010727793
9133712019
8143956888
8555976776
7039002282
9849652502
8686703060
9959496946
9052904030
9959633359
9394235623
9849127749
9951169104
9000079298
9247760017
6126727980
9182720815
9490780081
9014116070
7989070832
9581052989
9704490160
9949097049
9505154650
9347566388
9480331345
9963817089
9985261466
9966357271
9440519618
9908899168
7032018209
9014723980
8778387443
9666629866
8555980391
9550913955
9866224247
9515045799
9959225740
9440181728
9390320779
9985388651
9392703590
9100703226
9000668833
9246670187
8924299939
9866852285
9966881293
7411781300
8924222158
9866638967
9100688595
9848068806
7893916009
9393145777
9949421444
9640116138
9912012765
7358465199
8886077683
9704022080
9701116029
8099281872
9052515515
9885885393
8143729024
9010086189
7382971128
9014349307
7032056555
9885551814
9177298039
9160997383
9398837265
9030239622
9160915473
9397199599
7013894730
9705287004
7207424701
9494943366
9440237141
8885012548
9912131175
8790571220
9440740293
9014331333
9441983476
9866928651
9908206477
9550424865
9440244453
9849226929
9440776228
9347739300
9985656599
8099354700
9703302126
8512250705
9294009007
7995111136
7013240359
8019977441
7901404999
9014278088
7330673933
9908010614
9110516353
9182430789
8465033350
8008577366
8071408352
7013280310
9110568578
9290045157
9963813631
9642723753
7337771311
8886546446
9100510101
9133858042
9989028685
9177470404
9989980097
7288961135
8367716948
9985111811
9299257975
8662572286
9908162069
8044939685
9524777779
9848249527
9121055696
9908965365
7306991999
7799499849
7799786912
8044928258
8044926203
8125368313
9959699988
8186859565
9955336623
9515063344
9553488008
7207755382
9502324013
9966332319
8309033293
6361869206
9000656514
9705613275
7386974794
9866582013
8500706364
9985243774
9391427748
9640403040
9440457749
8297927777
9568666888
8818229224
9030278393
9666644404
9392996700
9052059171
9603565222
9440474747
9966067765
7989174160
8340889417
9494555447
8818221381
9440146559
9885199977
9502504602
8121252047
9246477666
8818221680
9440999088
9848087600
9705506355
9110515051
7981230440
9030200445
9440474678
9966946777
8121463074
8818224008
9493555253
9100510016
9440013128
9666566662
9440571818
9885970273
8044939687
9502438444
9849492726
8008577030
9848382088
9441906786
8942228699
7075732018
9513184489
9133266251
9786589147
9704733417
8886657980
8942227785
9963891485
9440319600
9247127639
9154815184
9948024522
9849553774
9059793834
9246679184
8374945079
8885801416
9703522111
9848193765
9000573434
9949634902
7569391151
8897678788
9347738778
6300565814
8641232827
9581373939
9885404349
9618199259
9490402103
9494769091
8814228930
9122577777
7989264025
8037762169
8814224710
9948599546
9676608284
8977552424
9182837690
9866369165
9082714158
9966676231
8559221966
9391733603
8143722201
7382050777
7901550099
9000450300
8596222009
6301851911
9391417596
9948881831
8050560432
8674240070
9441849142
9398226611
8019391006
9121149449
9032636174
9985239590
8499902277
9177010203
8519904584
8463993222
9440921318
7995105226
9440688252
9044337799
8855231993
9032290433
9848085277
9666155566
8374317432
9121069561
9347023002
9490479723
9959679790
6309153641
8500006311
8367365158
8500234580
9059023089
9441022880
9490381943
8978822467
9347736379
9577433888
8645232377
9390567131
8096498958
9666222783
9849135850
9848983777
9577911119
8143445646
9014050759
9640451725
7036828939
9008159457
8367457529
7942876846
9440373818
9966853656
8179661663
8790965544
9642509307
9110529931
7981198608
9492174111
9666447007
8520055666
7386664014
9652337686
9246061124
9966040920
9888598789
9381581773
7942876852
9182858612
9493947865
9866824365
9908738186
9603072201
9000868587
8074346181
8688778749
9989456016
6309941512
9052516131
9493044031
7382926413
7989504914
9949127729
9014263474
9490404841
7799892967
9030437031
8552223399
9573190459
7997017851
9441230855
7676600900
8885020455
8500177795
9849093817
9177937021
9440471524
8186883226
9492291980
9441794887
8374749996
9959225657
7893541889
8639263456
9000848676
9299995455
9959092819
9240083061
9133607494
9908387887
9963052989
9652223368
9000045020
9550128296
9397108109
9494817143
7032127025
6301722286
6301214419
8121764313
9491532304
9849214331
8686112127
9866490389
8919497474
8071264913
9133135477
9989695993
9885476271
8886665264
9573771736
9010196493
8247525458
8977164744
9070702005
9248094929
9550469143
9618661066
8466099883
8309043462
7800174001
8045952007
8143238979
9985775501
9963269997
9502874839
7411781297
9494147104
9603888055
7416398464
9888964446
9182975630
6309977779
9849135358
9121166920
7095178568
8106226953
7702228698
9885108000
9441662948
9182445579
9291599466
9908506119
8464999920
9693917688
9391602300
9908720786
8712457557
9884055415
8688837750
8662571983
9346459428
9032078033
8463924483
8463924903
9963324865
8500068486
9966221218
9849235760
7942762697
9966756601
9010557777
9346687693
9705550055
8977403551
9700555397
7993988755
8374186789
9441914642
9491925251
9859991991
8341888860
9440207366
9441854335
7901220777
9440664662
9490539163
9963699979
9491291002
8099933308
9700083476
9490486781
9865938306
8596222982
8328369563
9248011858
7942812243
9642233455
9490175940
8008803503
6301958505
9393840955
9391927770
8247630892
8886498882
9502568731
8331820242
9498080898
9885555183
9347411287
7702730030
8096903555
8825220163
7013789949
7942813314
9384805574
9848971796
7942877835
9704036658
8247382437
9182381368
9490789495
9640502024
8096818646
9703336116
8125302246
9642607979
9885079009
6301851915
9177519551
9133049268
8836666680
9000996999
8520807893
8832499066
9498054256
9505975970
8886296661
9985051244
7729029088
6281829356
8985403630
9493797319
9948202323
8832443335
6380026596
9492381308
9177852526
9542637116
9849520517
8919144025
8897622296
9248094455
9848377695
9949173883
9618971911
8143145383
9553887108
9908286174
7287049516
8626251188
9885026273
9000119990
9930646982
6305991534
8922235500
8291029584
9676712999
8459179307
7995277758
8516916916
8922252900
7416264455
8500303003
8099118060
9885875717
7842333399
8074896609
9398485699
9292459459
9052703828
9848163050
9848586116
9015964626
9989281413
9985786666
8037762185
6301241073
8978126757
7382333315
9902333311
9390019331
9849668466
9182212221
9491206141
9963361515
7989423639
7942762768
8374444414
8885858895
9493999983
7331192999
7420014074
7942845926
9849835736
9494645681
9347951605
8924221333
7004375488
8069248267
8924222900
9346050403
8185870802
7981317178
7901241330
9550921326
8977331660
8977599995
8019912235
9652757565
7396596433
9739588365
9246630957
9848520848
9032747315
6301042530
9396225293
9177930164
9381141518
9014312825
9059050410
9908968639
9885270817
9603554535
9492606970
9542099972
8019199129
7594002510
9704165134
9866281355
9885942135
8121212449
8879935417
9160126206
8674243494
9618627774
9505716269
8885909052
8919181844
9010144141
9440388919
8647254645
9391261611
9392939449
8328451389
7337206110
7947479872
7995959939
9849694560
9494504320
9059931758
7330900525
9133906563
9162828362
9985555946
6303817808
7947479900
7013006011
9010775599
9390593232
9515452478
9949894891
9505555673
9490592073
9866917393
7331112228
9849296408
9440830031
9247266674
8106802134
7794917109
9182075118
7842007827
7780663467
7386622463
9848756106
8978154033
8074256696
7382533644
8333997836
7829444644
9966336027
9492879797
9700929281
9704178881
9849229565
9573682900
9494543819
9505213766
7702714814
9014314090
9908020821
8647255466
9440712886
8019931254
8632231188
9246402174
9848613780
9866025075
7799385828
8520027510
9849665505
9966961566
9059459701
7036401829
9030751917
9866508657
9985882411
7013553440
7337256555
8040184450
7288978212
9346347625
9133533883
8068426654
8922233528
9866682886
9866193089
9703344483
9490231698
9441518705
9703575810
9000206864
9959225688
7337042340
9513480480
8556222629
8623242040
9603553355
9985761069
9030492829
9121650385
9030227759
9040069626
9866664517
8106818437
9866828983
8309597566
9848302586
8942227691
9440115686
9392323974
9440383409
9440937584
8985446661
9492327421
8660509448
7358897492
8570255202
9441774863
9494311333
7013371641
9290996681
8008123412
9052052068
9912693720
9091108108
6301817729
9133711823
8897584242
9866728920
9398661909
9866318017
9848357543
9441107642
6281252588
9247142035
9218169274
8106454599
9059493661
9492000876
7013312462
9959952358
9490882020
9441444639
6300872151
9848169811
9030329087
8978343809
9502078900
8071331055
8919091433
9966693997
9526953183
9490155443
7386767596
6383529821
9966322889
7416523128
9885022444
7338826985
9490165695
9505671395
8179719799
9248017276
8712338999
8897873468
8186919636
9441273879
9030400551
9352568128
8571224515
9989529034
9618918968
9866624660
9963977775
9618653325
9391838407
9856009856
7337586718
9000917123
9703859593
8080599778
9154222444
6303168466
9848930139
9866701426
9533329591
9848532644
9494477561
9966843406
9849614829
7893948606
8121827770
8639000687
9440215158
8044630730
9247382266
9440559307
9030804367
8572233753
8688720723
9440393023
9705493605
9441065694
7569870291
8309276769
9966805786
9581020193
8688922464
8985539537
8568286349
8978936785
9963716293
9966823300
9640177722
9908273744
9573466266
9553339116
9247008887
9959938380
9908732193
9398404095
9700275111
9866554055
9182637292
7386799999
9346346402
9347900900
8644229197
8644225159
9381378035
8672222688
8121746588
7287035967
8501957868
8672223555
9848569772
9182565321
9290187792
8886644868
9014163786
9848168363
8019895845
9030236306
8919200480
8099175165
9966744466
9640821617
9966236246
9396867779
8071655205
7075645225
9440372678
9966150964
9440243888
7013421109
9032735199
9390323349
8978837520
9494908820
8978578861
9573333945
8555898757
9553285959
7382559125
9959793931
9581454444
9848114286
9642284690
9490522477
9291277771
7382027643
9347897769
8073272414
9110771799
9848039909
9949334908
8592233315
9966281577
9618426422
8328381456
9182557626
7416166138
9486990928
9182763376
6281003735
9154708090
9154528995
9052486430
7995880105
9618798712
7386721114
9398687467
7036098994
7032525185
9866040174
7793908987
8498882088
7386048000
7569717461
9441956174
8790105868
9979939142
9848116222
8019324093
7396269495
7660806740
9959164945
9502386301
8812232427
9289922629
7093180646
9885519790
9490296667
7893657999
9652125555
9247462986
9849532166
8143695125
9440456268
9949908244
9966311192
9866129500
9030311009
9849692998
9143143811
9533337756
9492828320
9533338777
9494555291
7729011777
9030584542
9440823563
9177820924
9666653959
8004252858
9949961680
8592221634
9985424415
7702246578
9908826818
6302123252
7660938321
9848732555
9014974878
7661830260
8662974559
9010221494
9032528889
9490860622
9889889508
9866000440
8886567089
8008333393
9980454998
9849183517
8143815971
8121311061
8662422564
8662424934
9848343472
9948102259
9849560827
9912945888
9848560054
9182882112
9912387786
9440279260
8106018518
9052006555
9392545549
9966658346
9010163411
8001211122
9912698810
9848377354
9885190750
9573300064
9440019170
9642599105
7671069503
9618408176
9247712153
8977079082
9440686950
8985053999
9440353009
9701638359
6305478951
8686427325
8832444620
8832464144
8790521715
9347321354
9052232522
8919806671
8688850007
6375180108
9949351433
7989726703
8008847993
9490361972
9032921115
9440687221
9100970091
8369463500
9885500708
9121818866
9912099346
9440586570
9440664181
9985571494
9440607924
8500661113
9676190166
9666657567
8812230303
9492489153
8500038881
8121034590
9949947132
9848129143
9052741977
9885412118
8836677661
9951331136
7207555556
8046512157
9246654144
7730074297
9491048784
7702871119
8624222248
8624252419
7730088444
9063793388
9533336383
8897052386
9247465580
8832475008
9133226281
9182132013
8555885017
9949156564
9989609975
9440245981
6300922738
9440732301
9948430568
8500700711
9014452814
9704866888
9885155451
9246665498
9398977522
9010281111
7995495959
9908106963
9121405050
9030203784
8008494496
9848797412
7286814030
9849353500
9866714658
9030990900
9704203682
9440645676
8099946296
7095722973
9299998080
9703322215
9014088467
9849608815
9701803902
9849263103
9701268886
8096009962
9949966857
6381703183
8178025738
8792013447
9700693478
6281312384
8500300415
8885552977
9160345682
7989917733
9849542228
9966768411
6303588697
8897330643
9492224145
7337533005
9381516178
7386308788
9581322888
9059900004
7799990219
9494640462
9603061003
9550660670
8562272836
9182841278
9959999979
9010959797
7285962016
9849310818
7758995355
8331918417
9052311522
7893884757
8832438071
9032321122
9848840908
9440177573
9700833999
9247732075
9704586733
7702011522
9949050002
8047027149
8341726668
7997991397
9581239560
7780512860
9000340818
6305093535
8179334445
7799675333
9848060615
9052222695
9059511104
8019874297
9849397733
9030469830
8500559305
8832425741
9063072989
9885888909
8578221144
9642598987
9440224393
9700818420
8886553564
8297481733
8329894792
8500842125
8019990590
8554251234
8008594945
8754469985
8008891047
9959758324
6301136873
8890843647
9625575555
9895889293
8885806130
9640490859
9966263868
9676381463
7358258385
8555808771
8331034466
8106108827
8977057881
9441040731
8554274002
9849548893
9000203679
9441902204
9000060770
8500607999
9603222719
8518221500
9394883049
7097100971
9948765263
8867700562
9440574917
7893228193
7989982896
7989829669
9240031040
9640995789
9849148888
9949394555
9959225550
8500253345
6301313891
7981151993
9885289481
8037221096
9059965551
9492545450
6302440746
9440100235
9866709967
8977877383
9912918433
6304209345
9441058956
8019985594
9550077534
9240013912
9440001447
9390610919
9848537356
8985242766
9966045679
8885763999
9848013373
7997998889
9010933555
8463999919
8500434569
9951433977
9000075533
9700766659
8688589900
7942876807
9228849672
9963944455
8988885666
9246462080
9849499960
7207107971
9989216305
9491922208
8790373886
9398185660
9289922417
9010430000
9100137155
8142221695
8639918223
9000069145
9700245590
7075221178
9908626862
8688439325
9912688125
9700277754
9398681653
6309456553
8555885479
8074838577
8106511611
8008577523
9346538033
7995579997
9866600935
9852585668
8099999269
7799966285
8556224801
9885332498
7799779116
9849887530
9959225872
9343328177
9396218012
9963695473
8499945684
9515428488
7893357703
8877992289
9951647943
9966496669
9966552565
9393386668
8647230636
6309426620
9248678888
9550237882
9581964196
8686808074
8712312335
9703484836
9962716989
8247376767
9652991173
7075135858
9581025088
8142666333
9666155551
8520887419
9505388488
9240083059
9949845272
9502614657
9247032955
8328284556
8046333633
9291252774
9199099919
9110325727
9441528464
9000039789
7373579795
8639027967
9440567346
6302561204
9676564656
9780714714
7942876859
9963322214
7675984773
8309320008
9949405499
7019280827
8374006555
8985608456
9533412345
8978711335
8401375434
7386452890
9948056666
9542815425
8341588488
7093393435
9949278777
9246395566
8048045203
7386665786
7448933747
9440247891
9959639311
9440285945
9177580401
9704362345
8071890027
9597552072
7396595929
9959214052
9949045910
9949940080
7893413847
9848000611
7013338503
9949784184
9032433345
9014771045
7731933395
8074147009
8886893739
8333891166
9392339556
9885457833
9985099482
9490658835
8002081234
9652427709
8512220240
8657568648
9963052573
9642666919
9849916756
9000748777
8074866103
9440324116
9494748600
9966650505
9949456667
8942222156
9133090256
8143672299
9030607016
9059036345
8712341473
8328256030
7097661786
9036454649
9848863236
8688123064
9052181777
8047027146
8044953811
9502059777
8041017603
7039001475
9700306777
7893939337
9010855118
8317678919
8340840897
8885638989
9848295244
6304502065
9985155555
7207299998
9866835102
8125634099
9848212453
7330723489
9966087009
8130181301
7386455106
8070743743
8885824288
9246277727
7948058652
7995002737
9393996467
9154281136
7842000070
9640755559
8885156688
9398617144
9537622758
9100373806
9666913613
9989120558
9849316984
9676504174
9247103929
9396705854
9885674466
9966665334
7416770618
8985276677
8912783575
8309354865
9959322103
9441598676
7396660211
8121363549
8672222728
9993378781
9966330014
8672227000
9291612736
7893432714
9492010356
9704442318
9866865117
9949057884
9652818105
9490503034
9440044337
9248155336
9246927282
9848121918
8897854252
7989229122
9951857317
9398223127
9182251020
9182079760
9948120705
9951150405
9866438473
9160223359
9246921177
9030390802
9989045686
9493008238
9505897269
9000833833
9440942049
9945157783
8562241676
9985246633
9441402970
8919039964
7569064317
9966393532
6300972292
8499969449
9849211118
9885389000
9959696508
9959275200
9346081444
9848872866
9492295224
9493579797
9550124792
9866844488
8977718817
9603266366
9355834351
7993885519
7036386999
9988787666
9615155999
8856232337
8856232496
9346971808
9494486669
9346993809
9391417615
9177437018
9676739096
9948773434
9866826022
9866775590
9440988025
9248133822
7995246413
7036179729
9542954449
8500081885
8186813443
9032081338
9908258888
7396684933
9866411390
9848682799
9390257990
9542522232
7942876769
9493704797
9985831850
8977054254
9912107506
9493772668
9959225945
9030929252
9246639009
9247478158
9573720839
9490904415
7702891260
8341512819
8977929909
7075867027
8977760748
9989811959
9849187476
6366667475
9642357589
9848048128
9550321383
7675032922
9290238883
9848903025
9247417099
9491929903
9160858258
8639767660
9951111111
9246651059
9951710101
9703033039
9949502144
9182520126
8639391925
6301361457
7997992636
7013101367
8096188777
9515071277
9440145222
9248419345
8341027748
9440578757
9848544422
9966051892
9100594499
7093747129
9014235192
9505520472
9848997777
9505345123
9901172626
9959247279
9394971117
7997918888
8074483355
7382342099
8645232203
8639159617
8639851852
9441294481
9177741113
8985952055
9177443615
9613456567
9494000886
9908437731
9246696686
7995859554
8309125122
9133442202
9949342799
6362536294
9989207479
9110588474
9666385602
9866270962
9177659470
9441589270
9866125577
9014703147
9866509312
7288955897
6300552027
9502845306
9110317345
9491132644
9989895491
6281482624
7670907872
9912699789
9848984457
9885509354
9000957727
9030210609
9848850116
9246985444
7993542605
9000078896
8512253785
9381559035
9553334399
9397056287
7896989232
9908379017
7358070080
9849417837
9032061508
9666392109
9014722940
9618769769
8688226240
8886520942
8247893572
8588807298
9030877425
9704951982
9885528103
9703196139
8919051038
9133610310
9240221889
9347077194
9849598314
9492757546
8185820257
9030333980
9992755509
7416414600
9030444798
8790488412
9963224177
9491586951
9440797105
7799975333
9848167591
9440247987
7947479790
8500050159
9440355060
7386064059
9959659704
8647230007
7989974161
8647220229
8374692277
9963934527
7731060846
9908632732
7702600272
9553776398
9440942066
8644225566
6302564324
7981563549
9390327744
9492982212
9948225874
9666314449
8978487807
9524571116
9000056116
7989176519
9700352020
9849987999
8106572162
9573649985
9948769276
9640586446
7995072664
6300171647
8942222293
9948263919
9618352274
7729975080
9494964459
9676704392
9963813486
9949021468
9959805754
9391283576
9440639268
9666917474
8463931721
7003292507
9440171297
9908700882
8121612187
9848647285
9441078784
9948803082
8555811855
9553369007
9100381789
9885651439
9492946080
7330710371
9440726539
9111988808
9121846826
9167835555
9866424509
8623244355
6303836063
9491692588
9989998070
6304480198
9848749161
8886688864
8554242425
9701491779
9187375578
9841707577
9441882995
8570256623
9701642425
9849796555
9244336666
8096977977
9866457490
8309684430
9866164991
8121266257
7207766842
9515544442
6301182847
9885037566
9030600794
6305211884
9246940606
7008480334
8179106488
8247273144
9573518698
9085916916
9848698916
8074477686
7075923420
8523018275
9573205115
9290087010
9247466793
9848752529
9177018634
7661943142
9000160088
9393935141
8074316455
9030953009
9948816318
6300433675
9187777777
9440420919
9848447494
9000240700
8819225333
8071654939
8044939709
8688340514
9666705703
7799844544
9949255429
9491925688
9885563555
8266896689
9848477447
9246664866
9505680687
9603539353
9059975699
7995014274
9133277752
9866455457
9059048555
9493771245
9059930006
9000207995
9182984691
9866856300
8885692660
9110371292
9505306881
8121336336
9000436315
8008232376
8309386545
9885581143
9100782059
9441043332
8977675136
9030560426
9030366040
8500965432
6281142964
9490354722
9398159679
9704902699
9000044689
8801964441
9705924370
8309941368
9121966889
9000470885
9700188558
9493861163
9032188822
8008444542
6303655318
8885888438
7658982869
9393093095
9966819385
8179414414
7396011255
8143844844
7278918888
8340015555
9441414491
7386002706
6301849338
8977523899
9393254577
9182353206
7989945432
7993464343
8106919200
8331933111
9398113661
7093164469
8143777848
9076669998
9848256004
7799865177
9100577546
8186996996
9247580909
8639091192
8008882203
8790248771
9912455545
8008617891
9581510043
8944295898
9347157532
8581252177
8019830587
6281393006
9849507560
9000123850
6398461299
9381634558
8560270022
9032715615
9491100570
9989549866
9848308289
8004199520
9550752939
9908777222
7036088824
9948141476
9247118764
9440254161
8885861470
9494954218
8886422649
9949595090
7995154867
9849136394
6303473481
9848253671
9441659637
7780623199
8977991144
8309010023
9666154524
8688888903
9848293313
9912371255
9032990099
7093615900
9000707365
7799881165
8885578016
7013469420
9391612368
9000394573
9966250045
6302816263
9177536222
8143646043
9346511901
8143674757
8328656753
9848776480
9703046705
9490350427
9849849824
6309192250
9441204489
9440567335
9885777379
8099380354
9848037657
9542399345
9440651960
9949398161
9989499932
7788993939
9347729708
9441468940
9440841324
7995608385
8801418458
8500273929
9393628455
9704933319
9100408505
9963521144
9577334499
9347466546
9848371133
9705222844
9502766817
8814222662
9247466460
9959561922
6281869923
9246462676
9603031755
9949775330
9666584271
9492525586
7013303323
9391339165
7675991777
9490280025
9182337723
8977255714
9949964923
8639484911
9494468922
7036399997
9866529205
9848654564
9848472621
9177964999
8555818946
8047027162
9440582006
9347809460
9052912888
7893403344
9849198494
9573012442
8978601901
9110729757
8333809999
7337552410
8886786761
7382082555
9100752753
7661970223
9441450865
9703577784
7799357979
9966242554
9440524435
6303980538
8328019264
9963152003
9492337744
8801148687
8626251999
9849262473
8499934819
8121157719
8985620038
8074872516
9848246418
9494951436
9908755118
8985837642
9133031531
9491377026
9490103958
9959987442
9502336015
9666072831
6303223383
9154260555
9848430006
9618997769
8790988633
9959592564
9490607573
9676323455
9440999581
9494569822
8112188888
9985688034
9959000898
8332990331
8497009915
9063171786
7799591234
8106348584
9703777686
9848087880
9502354460
9052507754
8037513750
7306037772
9642961945
9985942862
7780127515
9594820169
9703090901
9949820547
6301735271
9989693143
9981611822
6300628712
7801033370
9848546231
9986612121
8067518078
9666480600
9542299444
9848279000
9441157320
9906170125
9492081033
9666004043
9701769565
7290022123
7416616646
7799772651
8912566656
8985898866
7732044514
8912558162
8185921684
9885011347
9849727146
9398994468
9848031158
9866234979
9676370616
9848878663
9912283966
8912564825
9132743999
9052177377
8662441116
7042424242
8125818282
8008588871
8226822662
9491323838
8922224034
9440532952
8977936373
9000437300
8750687505
9550232721
8662535595
7330984620
9949142891
9009001489
9490272227
9848125539
9059179779
8942226222
9346222567
9440838758
9849387474
9440195005
8069840341
6304587930
8297554488
8985443072
8632223456
9491616663
9010177709
9912912510
9490725164
9494149888
7075560655
9848526555
8818224555
8037513853
9494470477
9848222113
9121922992
9440706908
8291540681
9441083001
9010891196
8688485868
9133033354
9866599955
8885842585
9885534444
9966795208
9959579984
9392113553
9866567567
8816223316
9010900024
6309250666
8121923458
8816222021
8790743815
9848699823
8328636407
9908963567
9032886335
9014016943
9848966218
9440964329
9440799030
7780747774
9000600460
8247086356
8247533244
9908777762
9573688534
9392512056
9346922541
9052501910
9866182225
9063662728
7337445797
9494865856
9845878643
7330907979
7993881135
9000304272
9290746278
9246617500
9848023932
9154682872
8179691643
7993510193
9848091691
9885697969
8596222459
9440217456
9949481952
9391006478
8247633593
7093774797
8520000110
8186087072
7650999976
7093414449
9848972659
8555816721
9949065734
9542237353
9989574856
7993977797
9666966687
8012233456
6366327888
9573520293
8897002529
9010606759
9182626233
9381686803
9490246222
8956689577
9949725488
8500957975
9985372212
8332929298
7702278555
8008432618
8639645414
6303874184
7710771078
9848665015
9247473285
9701603647
9676936362
8639771133
8522000999
9494449164
6303081142
9133210026
9246678878
9100142366
9542456143
8341233322
7799227814
8639411757
9577336677
9959155666
9440954964
8519839239
8712693530
9298757777
8143735777
8297311251
7780375361
9121993726
9502694212
8975119070
9515849005
8512256499
9849956464
9848737775
8185959118
7013537325
8008572629
9885233262
9949725645
8125245525
9030334545
8912549663
9966354003
8630000952
9885545139
7382012357
9493181317
9963333533
8500809550
7207453127
8919322121
9292009333
9494728222
9177666149
8096666070
7075451759
9160241069
9393938011
9618159662
9866654725
9885584000
8144224422
9000016217
9988593333
9177842098
9849670541
8523033222
8662573816
8340949959
7799779987
7036353948
9347234144
9440356731
9381564401
9000275716
9885758104
8688998855
9440384309
9640842477
7075703899
8096628888
7799990008
8498831111
9863636347
9491383444
9392187954
9550602045
9392933082
9494467542
9440673675
9121232212
7981574923
6300856275
6361513001
9966903977
7874816816
9966636687
7799720707
9441368182
9989033307
9652899496
9618961111
7799890404
9989777909
9247040404
9246434586
8919617211
7799444747
9966799916
9849150590
8639892877
9959596813
8374066658
8500554056
9642422223
9032123143
8500500065
9966337313
7416006806
9010649010
9247772137
9949935335
9397144555
7799242233
6281698606
9704902008
9885019742
7780769606
9966639960
8978886336
8668198393
9000881528
9949403558
6303628947
9849465401
9885400676
9963900692
9494980808
9966087111
9848692237
8772222043
9036334466
7075219191
9848780524
8500659544
9292005292
8686730762
9494776969
9985335254
9390908590
7222888440
9177263484
9666292029
9346821292
8331033222
7207399196
9440742202
9741364906
9959246648
9700643424
9652842056
8977196381
9666368629
9346885910
8801571844
9502216436
9000478488
9700778867
9902702351
9440722399
9963835252
7569244943
8282897899
9949084646
6281113849
9030409045
8885005521
9177722606
9014298850
7416963266
7095908118
9848608678
9533279289
9885296700
9440492924
7905419578
9642462856
9866645899
9848668773
8819224056
9951374000
8712959595
7013414004
8333094754
7702211500
9642818783
9491286540
9440419122
9030262673
9491592642
9849546999
9553990539
8332821379
9703201440
9989330326
9885097211
6309770278
9542424774
9985256289
9789357955
8885656701
8179497991
9394438879
6300716616
9676920797
9000919146
9110742008
9849322869
9908884031
8099237117
9959009671
9502461515
9390808700
8328372392
9949153087
9848861206
9108157069
9885028823
8328403432
9110744845
6302407909
7780593112
6303974896
9390346733
8106013131
9440312568
8856231978
7416102489
9849442595
9676760422
9536333888
9059047871
9000046380
9885534222
6304489040
9866109090
9491290697
9985999490
9491629740
9100750095
7893535399
8922224444
8500129406
9396978888
8978438292
8500508487
9885873976
9381625959
9000382815
9985585978
9966887242
7981100599
6281890153
9000375999
9966336119
9866853517
8978074808
9553527315
7671963346
9866963874
9440453668
9014355232
7013268812
9704037172
8639191975
9988686777
8367270187
9154443078
8951950630
8328373754
9492969868
9440204601
8341213052
8897791122
9849332519
9441072777
9133624781
9441887407
9884450338
9491324545
9804359999
9299992776
7036363914
9652791004
9666711555
8688118388
9941038999
8500933123
9989573006
8147090471
9985162727
8008019261
8309071313
9989333678
9441095004
9866151249
9849274508
9440727925
7032854592
8500791234
9550002000
9347031127
9553355654
9866141677
7997567888
8500002084
9676747674
8465828999
8832463981
8836666945
9848182373
8071640083
9949151523
9494003533
9246823001
7659999615
9988992886
9642771508
9966636658
9000920408
8341708980
9908511140
9492642244
9951284704
9849968553
9789033476
9885252699
9603915000
9290900000
6303506678
9989906763
9128599999
9502062404
9966680845
9059811225
9398867707
8150933624
9347151904
7702072615
9494651641
9246730407
9985373830
9885824878
9966688870
8039664989
9885331975
9866026305
9515433664
8309991675
6300704086
7382006619
8121424208
6303778198
9182430579
9848814432
8688126567
9989933344
8886332056
9441141633
9949840820
6301456610
9032329111
8309941259
9989360099
8977585199
7699911999
9966998000
9701594700
9032626257
7093075454
8885895645
9966687777
9494570570
9812559812
7382104808
9246632693
9493388818
7337007601
7995859917
7382529018
9866644094
9778489999
8662576940
9491830839
9290781622
9848134472
8662572949
8071889916
9392115327
7673977997
9393431796
8374153731
9148787678
9945196777
7989695234
9553008009
9550076336
7659061115
9394107157
8328121302
9502459012
9866501243
9502501054
9618954336
7306310999
9703481203
9441791417
9959818776
9550398699
9949903611
9640521746
9866040170
8341347809
8179120888
7893877766
9398323747
9866029485
8912541915
6281204224
9948474642
9652679407
9030966584
9000323210
7093011865
9346894569
8019873188
7780647818
8886252222
9246929964
8001200330
9951997766
9493385040
9118001800
7829400277
9392242666
9293943344
9032316555
9515155001
9133997997
9989000399
9848366354
9849180310
9533238345
7330242330
8142217380
8125267801
8125919645
9052252253
8001036910
8686677676
7901226699
9966532252
9154328807
9121104111
9550410105
9311587744
8977676677
9739272555
8008374725
9703622795
8555803150
8519904555
9948587330
9440669965
9848160109
9392981471
9949565730
9246785411
8047590213
9951988355
8712635820
7730992099
9553073888
9704108085
9390216187
9885311133
9652083260
9902037788
7893777994
7674981165
7993707399
8772223666
8772227579
9573717647
9704698889
9505704906
9000989124
9849115145
9491709311
9848074580
9030983000
9052352352
7207222022
9848652422
9705042921
9121103399
9505545829
8327775360
8500984320
9986662221
9177739232
7995628280
6281091515
7799747576
9704999933
7396666678
8885222223
9440329500
9030211966
9703836454
8886106661
9110752078
9676963422
9618223369
9908832733
9392964899
9866769070
9182822929
9177777737
8922225177
8834074994
9963584228
8832478558
8832441321
7799327084
8832416141
9640595999
9912385366
9399917119
9849167722
9134030303
9959575754
9666949584
9398281819
9851446644
8885520777
9494841430
9642748414
8341347772
9494030327
8121278462
7396352780
9010166662
9177790575
9642760672
9848053172
8333909124
8626245206
9886991188
9885378731
8977535723
9490357006
8626294300
8790268308
9966677362
7036689999
9666470779
9390234930
9030927777
8500917850
8639399474
8179739290
9652437631
9948998996
7396002587
9246549689
7305809592
9177396317
9870694104
8143128329
8924223113
8187050042
9247471678
7013222983
9398088685
9381067305
9281082692
9505945555
8688080027
9392191706
9440192003
8143752642
7032383138
9963986168
9848259632
9218169231
8121276010
9492444498
9848865287
8185990497
8639515453
7842068510
8816233853
9391433589
8189806949
8368282817
9948462225
9652562355
9493400180
9666172607
9885887002
9704858446
9063252799
9160575686
9985236540
8595939567
9502432865
9652865615
9502229901
9676155098
9533053999
7569016929
9866581542
8448316624
7989440140
6302118792
8328492307
9703263447
9493756126
6281380891
8106273888
7019362883
9398302109
9949907100
9218169259
9025404475
9885983338
7993333007
9030888002
8619294106
9703232505
9908490182
9848920767
9393794846
9966914954
8812249000
7893432397
9848234228
8179326350
8885523241
7013108925
9848580128
8500055855
8008235222
8688923172
8978194044
7981700599
8008700175
7331152200
8712127512
7659912385
8562456376
9550056111
7013729269
7013485760
8919960919
9701693014
9492759159
9948472109
7731850189
8037537165
9989204204
7013204313
9490077223
9642547777
7413500377
9966267412
8879242756
9886589899
9849111511
8142000099
8500219999
9441916446
9494410769
7947479821
9849663241
8074265748
9207200444
7095658370
8037513856
8019221463
7670901465
9000633599
8019478581
9951663661
7989086009
9393930056
9032100047
8359805980
9490761943
9100387755
8019776414
9346864074
7842966686
8985600078
9959850082
7989255690
9347330109
9963505922
9849482301
9618055055
9000411818
9849290371
9248148171
7702303030
9885082666
9704554411
9703579797
9398842139
9160035135
9533118695
9502850576
9951734987
9642416814
8633561596
9440494368
9492082456
7799182104
9154946062
9966711109
9912118585
9032044588
7396663154
9032856601
8985281357
9533569997
8886352257
9884433879
8686335393
8142225557
7997999698
9949860643
7997509786
9533375729
9392534808
9885089486
9032198379
8827698827
8885803214
8662560782
9177179991
9440421015
9398414289
8096772987
9573398233
9848068989
7032112646
8648222699
7947479834
8121320444
7989422819
9573029269
9912725156
8071936981
9949988788
7799544497
9100949744
9880690617
9949687349
9441143866
9533121111
9381569923
9345100136
8309446202
9573454058
8912726377
9440983094
9849133533
9441969334
9966040077
9959693322
7670901543
8912573515
9177655999
8121021051
8184913700
9989053046
9010267930
8812244244
9440145883
6302336492
8143530112
8099255355
8885557931
9705398992
9901298586
9100745576
9888193888
9951759666
7780711741
6301401250
9440605795
8004199399
9100645802
9032247867
9703131527
9052593245
8842354989
7378123123
7095045555
8985201818
8179233447
8675558111
8842375036
8008142799
9491997171
8328515813
9441090700
9912916390
8500565655
9849536908
8897992991
9515988508
8297742999
9494336953
9951762370
9553547086
9908636735
9849338661
9573334408
9899888765
9885833555
9581737779
7989904263
9440570629
9281014160
9014312414
9494145369
8842351515
9440167801
9121093386
9151525259
8374518334
9885558917
9705261066
8884444023
8062646020
9642708608
8886333132
9493231122
9966264345
8520958352
9989624553
8985501476
8143464841
9652762779
8044630710
9010170693
8886444698
8662425942
9912435959
8801138095
9885059710
9963333136
9346993740
9959556669
9849112666
9059120488
8037013980
8639789300
9573582310
9390212699
9014270279
9492956319
9985258458
6281522320
9550244311
8912592327
9348403399
9966055369
7989236795
9491787395
8886333708
9666994413
9542684789
9705230176
9959996555
7989234666
8885351779
9000616843
7794867184
9848871223
9440143174
9440433606
8142880888
9550077295
9000446556
6300401802
9160603636
8143905905
9440871701
6302605619
7013628287
8080260260
9705518400
9441643334
8143731713
8143334148
9493420975
7730080096
9666909304
9030873991
7569042337
9989589251
9701727683
8179302003
9000206058
9700092063
9866662191
9010991236
9652699146
9035916923
9885239099
9700275055
9030748412
9133813598
9700450605
9491049686
9849026960
9848104436
8712390555
7794902000
9059447687
9866025078
9000988847
9550051122
9603969786
9391561515
7997134445
9618837879
9440557679
8552250250
9989904880
9885228046
9000499952
7981780062
9440519069
7505333999
9441575555
9440021511
9440882516
7997818451
9912184578
9440626225
9849772533
9398899299
8816294838
9392763927
9393223390
9177445223
8712152789
9734117777
8677224377
8816255789
9705435779
8186822228
7075403149
8924230558
8886988724
9440373733
9398028396
9440134562
8249727195
9515301222
8121042526
8367092163
9505856127
9666426132
9959427496
9581818191
9666023456
8712278999
7893734638
9440613399
9502852346
8179665410
9505048897
9959141139
8912766333
8332996485
9550155394
8186089735
9440192185
9177732084
7799666418
7036770080
8500016789
8647228964
8686661234
6281288112
9652908039
9848222118
9703461775
9014439988
8942222400
8978393640
7579008008
6303231264
8367502551
8121998005
8106423339
9148657929
8556222575
8919912951
7993729913
9949011979
8499882494
9440938151
9618812665
8074486090
8922294068
7799966008
8564244744
8985618070
8147248590
9785286267
8555004666
8071178507
9493232666
9992223542
7594002639
8978550264
8639605441
8514242901
8686949422
6281260321
9502907447
9290050233
9966920816
9000688888
9866677314
7207403011
9502848528
9066151844
6353536363
9542085205
9966036888
9866393294
9440346661
9666454968
8071889806
8142222905
7680801690
9959494308
8309109234
8790604595
9618707271
9959795292
8297181899
8885286026
6301368609
9492200682
8099984827
9014301143
8099238708
9963344959
9030795255
8807227843
6304945170
8977773683
9346304698
9346555453
7013127665
9849114614
7842125566
9819501256
9553688577
9553726775
8572234746
9848974076
8882659999
9246662572
9849256587
9849506465
9849140625
9393909055
9652263367
9848442344
7989828577
9948206536
9014629005
9396666007
8422965638
9392252888
7995458885
9866409099
9866450546
9949270389
9441265886
8812221544
9989974711
9030183981
9989578030
8790551096
9515777751
9848724680
9494208765
9959281757
8328076626
9963592249
7396563170
9985425149
9573328870
9849446141
9440204373
9440204164
8297794333
9246653335
9908014859
9908038829
9849005825
9490008474
9218101678
9866858601
9642566303
8125749755
9052255770
7989626784
7396454233
8143530619
9866442649
9900253986
7207208230
9666800449
9246999777
9573944152
8978131666
8772264559
9703931315
9700505158
9949606006
9959066966
9985208802
9491169595
9701111096
7997990707
7337218494
9182768758
9849229895
9391564829
8632331520
9951415307
9441249487
8008100633
9000331710
9246413478
7842134160
9440544997
9949477772
7848812346
9291351444
8008333168
8977485485
9908203501
9542493322
7702186918
9014716211
9676856677
8249638212
9346095266
7995296145
8886331259
9573366333
9951364279
9573403995
8008577517
9121179872
9248017129
9177161337
7396550806
9346688883
9966988554
8500322865
9441986655
8008523908
9502085091
9966151527
6309692617
7842534524
7032884305
8922222662
9866158987
9705423999
9948857123
9949405049
9985521334
7702871160
9959844104
9490472111
9293406219
9542227828
8842367172
8686622447
9247235050
9666449798
7207999610
6300597598
9182522344
9000339911
9908013444
9866789479
9989349739
8885777570
9849244055
8297649798
9704738983
9603323998
7981958857
9494221665
9014869595
9885613894
8518230285
8186953079
8518224999
9494742277
9533290699
9505619969
7661000568
8886967551
8978398389
9885116602
9052143337
9703150288
9885202409
8500866022
9247537420
9052750759
9949733736
8522001100
9441129967
9440984578
9908652301
9390638838
9849495601
7780597902
8341759968
9248017176
9985173731
7661806851
9948985106
8044923923
9666672825
9100174777
8008577472
9966551223
9652700228
9492331010
8008798177
9390428045
9705529424
9959231397
7799955037
9848579000
9912902999
9491934000
9703461890
9391884113
8008577469
9676786736
8886679145
8884274800
9550506955
9618301755
9441015057
8885444414
7416444666
9346695799
7569002092
7411669296
9866146177
9949111114
9392703258
9030406056
7675807878
9666595515
9951415019
7013340522
8639714117
9299408323
9298906807
9393920870
6300856617
8801255255
8019943026
9010102024
7981901056
9848492477
9849795544
7981635306
8374767124
9704727219
9948846112
9440195361
9848122800
9133833718
9966649994
9441837807
9848607425
9182023397
8624251677
7997272501
9888905974
8332935333
9395578781
8309422525
9505333464
8106350786
9100357667
9515096495
8674294337
9182313915
8559221195
7036295954
9866999104
9550802831
8019995341
9966606647
7989007683
9052095502
9297201203
8497955620
9959984889
6281917194
8185007033
8897157037
9506065363
7406504868
9553354109
8647222159
9348810900
9177774444
9030118888
9014333315
7993975402
8688883900
8922225656
8367422887
9848810949
8639391711
9701299204
8522859990
8247716768
8919394483
9948230474
9849462952
9985093333
7799599729
7981759201
8331037777
8639647945
9885279884
9581183227
9052253469
9949347662
9030241632
9440759692
8096171791
8048103770
7075984422
8686678630
9966237535
8008568150
9440867370
9440796978
9182356489
8106633274
9059506364
9030853633
9849255513
7382222279
9000974434
9949660636
9550792892
9966001272
9492672705
9000683570
8500545656
8555845656
8885774887
9032577004
9959663984
9948014350
9959461888
9449010143
8019039369
8604430443
9963488152
8985403193
8977351993
9705338075
9666418688
7396333542
7842444857
7842494756
9885730902
8500229520
8096665828
9118005700
9347031106
8556221220
7396247001
8639426215
9553614245
8309985232
8143336611
9948892328
9390638285
9000688999
9966661615
7382771988
7780303257
9550633111
9949264599
8285256666
9494935555
7386346253
9032318871
9848538824
8664055222
9030070602
7386347777
8919200361
9292009143
8676232692
8676232933
9492845484
9502876748
9492847485
8886877338
9553487055
9985142624
9346466668
9885292434
8886373950
9573775775
7998033337
6303534101
7095544183
7709058837
9494995094
9885451185
9951786756
9440808194
9849457667
9852018999
9396967656
8333953792
7989138168
9491013789
9849520155
8832475536
8790860044
7013342701
9110705130
9491955508
8885986211
9666650595
8977999653
9492743339
9300113091
9490926469
7799817373
8520008980
9618383834
8106988822
7799663773
9030908424
7893225939
9849055825
9362991859
8131845065
9402698166
9436227601
9862902998
7085689575
8415000982
8133085019
9862290952
9383080711
8974562919
9402997347
9436068891
9362811612
8974145480
8413834335
9954350035
9402685722
6033868582
9863499940
9383349853
9311298766
8258919962
7629841991
9383387288
8731039556
8414094377
7972263240
9362604319
9233433014
8259860125
6900378945
8119972570
8256902795
8794588905
8402087969
8822598257
9435640543
8851663409
9862915820
9436048273
8730065779
7005338763
7628988206
9863264393
8527341244
9362728747
8014232970
9862322959
8414801343
9092749002
7005019104
9863663547
7070261182
8798435257
9612481004
8730030696
8729881666
7677250250
8729902322
9615040114
9233798475
7005485188
9402449007
9954024471
9435106217
7629042235
8798052711
8787584189
9738584680
7896452033
7081641318
6009678391
7417374645
7005686536
8787773784
8798478115
9612116209
7044116778
8794989689
9366065019
8731811378
8732805707
8787321631
9366474872
9435702810
9612669855
9366925981
9957436624
7630060219
8653026497
9678697243
8414997591
9862174366
8259862017
9774807460
8259026295
9863525305
8787865068
8258957426
9531004998
9366125201
9863899145
6009978744
8084001288
8575735688
7085722615
8787862697
8794407927
7085972504
9650217933
8731979680
9402698700
8014050952
6901793671
9101593383
9394132643
6001092151
9436850735
7629881513
8118988462
7399974474
9233599169
9311946301
9862282369
7002717483
9612594964
7629081733
8732041429
9854234669
8258884745
8132945722
7005017441
9233097625
9233788944
9402222110
7640808533
9863743501
9402278141
7085947057
9362102700
8415812178
9436057700
8132012970
9233450423
8414969545
8729950783
7085441871
9863079170
8731046566
8794824688
7629985333
9856390682
9615109898
7005035426
9954546890
7002891847
8259030353
7630808166
7085722608
7085672047
8486239959
8413985364
7628083142
9862539890
8118910383
9436007524
7005662122
8062358993
8974141101
7628858538
9863445136
7413926777
8809936996
8794223209
9233431410
9602999028
8794482684
8256004777
9612200716
9362788420
9540698458
9233934484
8730045461
7627997316
8258827576
7002444285
8798050104
8798600994
6009200041
8132935458
9362865501
9678587588
8787673640
8413945544
8415865379
7896188200
7005674003
8822594090
8982884755
9089123774
9615033753
8256934855
9774626564
9402677200
9402937401
8259080787
9233642917
7411330903
8414984930
9612813435
7085499684
8798866759
7005119291
9863329682
9362979799
7005775727
8037267116
7895588920
9717001309
8794761590
9862654882
6909755443
9862599238
9436041933
9077369571
8794343537
9612529484
8414821446
8413005889
9863427584
7005309910
9774670309
8974386647
8067612360
7005470318
9233567678
8047590451
8415072797
7005234976
9401948421
9436229701
9365222187
8731826926
8730932221
7630816313
8119053833
8929207291
8822110464
8731908643
8729946999
8974548323
8721879246
9863200590
8071640485
8974920890
9862193380
8256973795
7085766396
8729938650
8415848455
8730939492
8415976304
9233908533
9863360156
7005108481
8258938230
7645021118
8732809313
7085223845
8795765059
9612651067
9612608104
8317473231
8071629689
8837270611
9436044197
9799923528
9436677255
9939449355
7005642690
8794236321
9436631237
9862358429
7005181657
8071775015
7065012902
9366126714
6909763826
9764052112
8069575000
9383349758
6901641414
9436863401
6000132651
7005212927
7811990446
9774545587
8730818108
8472952723
8505803803
9402990932
9282896969
8730028303
8414994563
6909424541
8415997191
9862945892
8257077093
8447707074
8257926069
8812942374
8826888897
7085807204
8879234962
8291182667
7005709491
8729981160
7085121350
7003128684
9366091500
7628925432
7629916413
8062646631
7002072461
8730029629
8119062046
9436898629
8729948235
8787833912
6909158427
8798053612
9362921755
7002369239
9233997178
7005046841
9383105826
9402755212
7002635084
9402250960
8974566390
9774332127
9383386280
9436241887
9365101659
8575707558
8787590328
9007054410
8974199500
8453019449
9402620165
8473894413
8131817812
8787765990
9774354244
8575139100
9597367969
8131922922
8415068813
9378106805
7005088390
9650407082
9799118011
9311849741
9402483062
9147702074
9612803044
9436631844
9436239389
9435036542
9435569704
9436049097
8798024504
7005465090
9774645275
8348728437
9905638073
6009165349
7628011179
9362921112
8977539976
7628901052
8119004171
9366937877
8133041275
8062277768
6201760532
9862643693
9402221775
8414807387
8471014189
8787881181
9097728909
9402073959
9436043130
9862651991
9394546730
7085825235
9612433363
6909756744
9612123976
8595450450
9402929823
8132861694
8259093157
9612447003
9365135265
9888992456
6033835365
8798338069
8258099473
7629957167
9612677608
8794015076
7629058490
7942725617
7629929080
9863722537
7628936244
7045088617
7205422142
7757000000
8837451605
7085221922
9612209981
6909321002
9863858284
6909447215
8787481327
8123841002
8119090484
9821804976
8259079115
8974422274
6909172542
9008763440
9954250672
9366288484
8414822209
9612751855
8131909433
7085545858
8794994491
9872449948
8798672220
6901145009
7085295229
9958598842
9953658779
9383368570
8910076013
7099145499
7629848958
9517710625
8486253485
9774748828
8258021819
9383345207
7005453474
7085078774
8794388021
9101019814
8794432509
8730015788
7086159095
9395101442
9864518660
9435002498
9957324359
9108790079
8822821001
9864434966
9707334745
8657568929
7002231101
9678507519
9435162500
6001881190
7002086275
9864490814
8486698660
7002209905
8720999388
7578006030
9508831264
7002599581
9577159508
9365184550
8011575789
9435080982
7002685476
8876543223
7002715882
8486592595
9513446164
7002349740
8884336154
8638566282
7575966966
9513446092
9954104099
9435056444
7002064360
9707666673
9085308100
9864021699
9864015761
9101145870
9082702827
7002726087
9101933297
8403802404
7835807779
7002013346
9101699587
8486433945
7002606377
9435507040
7896295623
6002499101
8486295184
7002815696
7002815922
9101043121
9365530268
9435794650
9401346766
9707583507
7002045550
8134818625
7002453260
9127888919
9854690173
9854747426
9706377805
7637045654
9435149562
9577436581
6001565402
9395226088
9085183253
7635996931
9401806735
9401132156
9181365618
8486707578
6026602701
8638204266
9854073418
9854401635
9864441456
8402026361
9969383586
8876900903
9395405750
7099040529
7002949690
6000978530
9435164255
8899627917
9864449600
9101753141
7002246667
8472947960
7896415768
7002628052
9957631653
9435036063
6712255079
7002860637
9678343160
9101561064
8657568848
7578849910
9707333802
8486044949
8071890147
8399045417
7710097900
7428494657
9859955408
9643182259
6900099888
8486370123
9435205805
9435205747
6001622282
7002286324
9864614327
7045619972
7795361094
9854027171
9707495186
9401011777
9435022635
7942876758
9240031046
8486002588
6003710438
6026669552
9085223160
7003844393
7002715539
8287800623
9101278564
7517690157
9365033342
9101586803
9854038125
9864446812
8761068100
9101243323
9435512037
9864906771
9435129786
8471973427
8638854711
7099094242
8638026980
7002184035
8134082696
8822981839
9394826290
8876337065
8209693679
6901512173
9957899526
7002087038
9101676791
9435123968
9287999849
6002116402
8822559781
9435646462
7002516707
9678316700
9435064049
9954604540
9435845710
9954475777
9625215619
9395994394
9954497737
8486040133
9864127124
9864063366
9435113367
9957566738
7002055506
9181357558
7086945620
8638119897
7002409145
7002213952
9513180380
8002660018
9435097646
9435199011
8638852052
7637011112
9864988885
7099034590
9435549649
9435041423
6900523547
9864033551
8486466518
9864060722
9707521294
9678788386
8638113432
9954796299
8638848728
9401297243
7002111427
9513184234
7002471863
9706674963
9864044491
8473040902
9365487243
8402987238
9435541538
7002036424
8037240926
9401310541
9101039441
9416345615
9365397814
7002963733
8876329669
8134949752
9707893799
8876220656
8638274879
7002111584
9957896811
9057400662
9854290582
9167160437
7002141979
6900572498
6000016898
9101273129
7896801413
8876006022
8638761079
9101742689
9706692301
7002334029
8761060322
9864042724
9435422533
6900962144
9181068772
8011276390
9957601552
6000053270
9854026302
9513179789
9513179973
9435645351
8486529749
7002607235
8812879613
8256808845
9365293048
9854060401
8011810143
8471804672
9707195310
9864708447
7577007772
9707887809
9864525359
9555581581
9859646926
9957583274
8002083388
8638773657
8929031693
7002071628
7086827064
8011073828
9207123450
9513179551
7896319433
7002176194
8135053255
9864711157
9101356198
7002365005
9101468707
6001296388
8743028881
9289923124
9435054323
9954422800
8822830424
7578933477
9513445324
7086043500
8723822301
7086012478
8638557428
9957381510
8638222122
7002500523
9954318613
9706612093
9954034460
9707628882
9631148711
8983127579
9864902534
9101425986
6000544262
9395235764
9167837611
9101971813
7002069430
8876640193
9954182658
9365101997
7002412108
7035022110
9127055738
8882035494
9864246481
6900870859
9508343464
7002363490
7002412217
8876605851
9435087176
9395043981
8403961398
8486866627
9395430423
7636052575
9678694662
9365197733
7002426421
9864070675
9854054500
9435112507
8486321423
8638845583
7002335459
9531050555
8638790855
7002584487
9435031479
9864382912
8011103355
9508955022
9707124655
9707261514
9864335115
9707022400
8743820575
9401278657
7002210994
6003791510
9678005855
7002441530
7002802043
7002513418
8068434180
9854108259
7002074340
9864939147
7002972850
9513446150
6001992512
7002446010
8742965758
7002269089
9577533121
9706254470
9854320122
6003310944
7002685025
8761061396
7896022071
9435325605
7635803046
8135884255
9101244385
9096500123
9401115867
7577003780
8037781780
7002215695
8135067757
9435150474
8505822677
7605073799
7002702450
8472837463
8474079731
9435659459
9678766687
9401706986
9954934544
7002835672
9435568067
7002181306
6003433663
9864850288
9101688121
7896733916
9678897408
7896299415
7099030409
9101177981
8135094582
9613478091
9101349122
6001507231
9401046253
8402858774
9435069634
8486310437
9127365435
9954801826
7002923421
9401827964
7002405687
8011678846
7835806664
7099558430
9365900238
8638754574
7002622194
9435041054
9957903665
9531028458
7578991940
7086693117
9394134876
7002650919
8473015959
9954030907
9365229147
8071889842
9830917015
7949125080
8486137851
8638900349
9864442778
9085334422
6003969054
8876253213
7002540637
9707044172
9954885770
9101702851
7576038944
6281384094
8638782895
9707748742
8638299970
6900595878
7002735175
8011354335
7002060076
9706222555
7002209588
7002059769
7002645692
9435082732
9854637128
7002020995
7002778972
9864021588
7086700988
8037267158
9957697990
6900583077
7896239770
8472878267
9954235980
7896834258
7002334924
7002717487
9355023248
9101786981
7002457987
6900186840
9127018550
8638265601
7035971622
9167220539
9085800150
7086090571
9678733941
7411781214
8822219212
9365348305
6000020912
9252444777
8812848989
9311647052
9957106135
9540866835
8047363332
9101286156
7578819607
8486057751
9957452021
7896668808
7002879826
8638628911
9167927758
9577691847
7411781203
9401605950
6003018901
7002127936
9854156095
8471959560
8876872232
6901490565
8486348417
9864679195
9706022893
6900900291
9365769720
6000173242
9395500397
9394936846
8723881944
9395961515
9678366356
9365511389
7086787588
7002272388
6000427725
9864756696
8134933195
9864045457
6003837342
7635815546
9365797429
9864025776
9435112151
6002829404
8811018537
8133884198
9707769750
9401388630
9957552828
7099210975
9706503489
6000844088
9365342472
7002397427
8720927551
9181095099
7002867730
6003915793
9706723659
9854784711
7002778792
7578096292
9706218186
9365287616
7664835621
7002061402
9678209522
6901388908
8099505431
6026280557
7002353354
9181366916
9401238068
9101454400
9864076179
8011504693
7002587637
8638985738
9435507917
9954510050
6002094887
7086205244
8822724300
9577241369
9864576107
9864435353
9954752327
9957890180
8638311310
8638417965
9435108482
8638375062
6901320525
8811880051
9678928192
9905843551
8402877671
9365408136
7896013406
9395909657
7002359128
9101260872
6001325039
9101479069
8011317055
6900231249
8071640181
8474055655
9954368550
7099061773
6001099902
9954315563
9435038849
9864792137
9864620001
9101250652
8638904113
9435077110
7099160121
9957712819
9435077235
9678073911
7896690462
9435077257
6001817050
7099004522
9954059101
6913002110
9365515427
8638040430
7086773516
9395112203
9435069326
7670024365
8071655462
7002414785
7002211251
6026137385
7002177095
9395536223
9435515715
8822100967
6001096249
8471923124
8471856261
9394274141
9864777166
9435234680
8822077922
9706850873
9127811672
9706873777
7827968057
6003681698
9435020363
9365771050
9127458537
8638229212
9167994897
9859392341
9435239983
9365319951
7099481497
9435074955
7002439940
9706533914
7086880554
8638653673
8071629030
6003394059
7002067082
9101741660
9954396784
9957484571
7002045644
9435123113
9101777271
8638315352
7002038563
8638119167
9531248731
7099099962
9623396233
6375843327
8011663618
8638270241
9435085360
9577393737
7896625220
9365318305
8721057612
7086856991
9706623805
9401219367
9387897277
8447895815
7002515930
8071640092
8135055033
7099795624
9957525897
9127162405
9476767276
9954021279
9707668740
7086590148
9864102424
9085938796
7099005658
6003135822
8638259392
9643480031
6900944468
8638032592
9954643960
7399905331
8879235124
8291936824
9330049698
9435739124
9435538541
8974664827
8011907131
8486262431
6003412018
6003316088
8721872103
9365790618
7002611527
6000676623
9395133152
8105803527
8638196044
7002477060
7002645286
9954914452
8037267021
7411781205
6000903667
7578911248
8071645278
7002092088
9435123195
8638246388
7002583814
9401081677
9365024160
7099116261
9287951692
6000900258
9101583341
9395104129
9101324094
9181355171
9854092420
8291979541
9101157005
8822022925
7002520744
9706430022
8638700652
6002827913
9365325727
9658898445
9435946775
9954836997
9085161349
9476831733
6003925077
7002372834
9957547257
8847068332
7002676496
7638066094
9435222845
9854974240
8638687197
9859782866
8638027933
8753957448
9859980790
7002957309
9859365490
8486733499
8254843888
9954034399
9957119125
9101452807
7002857377
8638836741
8638296081
9864398315
8069761703
9954341808
7002494408
7896731210
8876223344
7002187260
7896618872
9365001732
8638112240
7002789548
9957872766
9954738825
9957174751
6002372482
9954647744
9401226800
9706042186
9101818934
7002625510
9957937587
9706262571
8822777555
9854016665
7578942297
9957343013
9395265478
9957015499
9957795647
8471861455
8011612176
9435729292
9957117644
9854131587
8037499982
8822977592
9395755944
9957039787
6901861105
9435320041
9435594546
8099464707
9706578475
8761068085
8638227300
9774439316
8638843173
8399999758
7896171820
8876785954
8638017327
9854059184
8011433732
8876425878
9854847131
9954454758
8486839764
9435720622
8876679401
9854066775
8071326880
6003909961
6026511802
7002089340
6003121297
9401706863
7002408110
9854041151
9954691917
6002116965
9435126920
8071867259
8011402998
8638587560
9395958055
9706799249
8638099681
6001701567
7002115730
8136039280
7002349120
8876612133
9898204591
8071407033
9957887889
9707074834
6003012639
6000169601
9954786950
9365287252
9365060568
8486712750
6000395127
9332122112
9395840906
9954070036
7002313024
7099281566
7002338979
7578008141
7099216645
9707057898
8059331166
9101084575
8011006162
9435845820
9864839128
9957174841
7002013273
8133956814
9365792877
7099824353
6003268509
9167159408
8638660034
8929207494
8638770440
7086419400
8167692041
9387548908
7002058202
6000475660
9365946400
8011271432
7575950003
9864834684
9435746047
7387475486
9435014693
7002845046
7002714369
9954556972
9864175110
9706746279
9613159668
7002813955
9864210495
9954751863
8822938967
7337885262
6001069229
8638722574
8486119539
8486163717
9954684922
7002312238
8486330964
8812069145
8486808582
9365452365
8876909172
8011680913
9954303765
9365050380
9101398856
9435846733
8099340360
8011857996
6002405509
9954249955
8237784220
8638683445
9678082491
8486249925
9864183092
6901474499
8011397192
8876262291
7896805776
8135846467
8876962994
7896513626
7002311923
7002974770
9864377658
8811045865
9859971447
9954829016
7947165318
6002620081
9954736527
9289922727
8638993289
8638829654
9395961379
9891564622
8011128257
7002617504
9435044292
9875370663
7411959628
8037839443
7002063455
9181860511
9678523754
8638061914
8638791021
9706668676
7578087120
7636015067
9706165590
7002426238
9365288269
9435070738
7605850733
9435070493
8402080886
9678064500
9859905173
9365009083
9954110385
7002505482
6000074852
9435081856
9678043978
9957038466
7002871633
9612646991
9706160542
7099646554
9365846490
9954441590
9365049361
9365190327
8071325765
9127826826
9954996308
8472812681
9854016747
9854060369
6913817204
7002043811
8822664400
9954250476
8011744331
9957132421
7099189321
8471892554
9395405108
7002922651
9830036331
8812911298
9435015057
9859941044
6002393176
9706012629
9706432846
9854154509
9706771104
9864972096
9435150854
9613756544
8876385474
8724875473
9395713803
9613034235
6002348850
9127868136
9435887987
7635990714
9435071014
9707624042
9957453637
7002721227
8506064181
7002136608
7002618168
9854982121
8638082502
7411781196
8822462855
7002976794
9954440122
8071629975
9706321335
9706006842
8037839389
7002755943
7896849391
8453047619
9395406005
9435754461
8779338621
7002341140
7576862499
8062904654
7002131213
8472848208
9864762453
9435127100
9954044600
9864858237
6000120535
8822579096
9395115595
9957568259
9435035933
9864354539
9435044598
6000981707
9101919717
9864437293
7217888043
7086589109
9954425651
9193759655
8071629331
9395639741
9401369987
9435018838
8256050972
9435171449
9706585420
9435376484
8011002949
9678256865
9435021225
7002641131
9678109385
9706430986
8811096395
8638836853
8638489842
6913349749
9435702729
9435030376
7002023858
9365775610
9435341555
9435029874
8638978550
7399051141
7086377035
8723031166
8002095678
9401561851
8638894669
7980169014
8638943200
7002683674
9854225594
7002919245
9435117379
8011959088
9864518219
9957642865
9864582586
9954383933
9707602137
8638227428
9435037936
9707137450
7002814759
9085112349
8133875728
7002041044
7896503845
9706907133
9101377719
7002043674
9678973572
9435053760
9678377774
9954564336
9435131612
9706967139
7636034478
8876964151
8011120191
8876164484
7086719741
7002450833
8099198386
7002804843
6000714841
7002612913
9706036257
9435053902
9167797065
8812099857
8812993610
7636815166
9954807195
9101922327
8638923635
9859343272
9957067723
9401910053
7002577258
9435326720
9854337650
9577449810
8037908062
9435861048
8099871800
8723054717
8638001751
8402937093
8811033037
6900298266
9085582331
7896326257
9864081643
7636885300
7099078880
9864063410
7636043024
9435500474
8638750225
9954355067
9678137398
8071499779
9101456047
7896605582
9707755579
6901484084
9706440801
9365488525
9864971380
9101173336
9988118077
7002393279
9435080571
8876256964
8638033549
9435083689
6900525308
7002799049
8811034502
6003762926
9101756294
9706934551
7002732659
9435515751
9678864610
8723099781
8822011115
7002804780
7411959323
9954056775
9954450599
9101040048
7002832589
8402972272
8071407887
9706545471
7002603253
8638983687
9435051668
9167925927
6000683405
7002219772
6002639700
9854028009
9101615383
9678007361
8724960686
9167782629
9435322795
7411781200
8638603032
7086059050
9800096060
9864510752
7086510544
9401792373
6003934635
9365627226
7099030408
7002763653
9365652838
9864014320
7002971076
9289922989
8638025456
9859906198
6002142336
8638727575
8402091575
9993288888
9101223915
7896805615
7002619565
9167974735
9435066701
9387104532
8071407581
8920649555
6003577082
6001153632
8071962762
7002091184
9435078793
9435070277
6003340409
8474069339
9436103607
6296040012
8453855501
6002778983
9706040067
9101705015
9435095190
9101261118
6026026020
9167938697
9435081667
8403846830
8011235327
7099061396
9706911328
9678672454
9435021729
9365497005
9365848945
9395370466
9953832735
8402074220
9864406322
8399927822
8011004801
7002710433
9613341507
6901394590
9706964242
8471866205
9435064250
9678074406
9706299331
7002212567
9435015763
9854021162
8822604300
9435088622
9678729550
7002510247
7002072057
9101088693
8069840333
9101208744
9582340673
7002369063
7896619891
7086640436
9365194432
9401805330
9678292350
9706114928
8638164665
8473085929
9167086485
9954189489
7002601967
9531373430
6901646744
9954313272
8723821276
6001575429
7086599123
8037016305
8638754213
9101325849
8876411701
7637052090
9864781466
7002399812
7002347394
7002690290
8048794632
9127061176
9167236193
8453599367
9864361202
9365951541
9954488915
9864188725
9864141194
8473964801
8876785416
9435087013
9401800792
8876979849
8638249423
7002901844
8037517851
7002028157
6901825608
7002596228
9864365699
8181810318
9401877770
8876297908
9365349775
8638131010
9435178178
8471947712
8011684484
8402990712
7489901768
9085848482
9435609990
8071325941
9394884776
9101252446
9101217689
8001801961
8486098999
9101051016
7896622950
9707051596
9167109177
9435025455
8453126665
7578998599
9678960249
7086647020
8720907097
7662060087
8876512795
9864593359
8638613415
8638212368
8638285837
9706308036
8486816960
9873547282
8403927844
7086204611
9864031115
9706946757
7577036009
6003295802
6001056762
7002722878
9864793392
8553641649
9435078636
9435016097
7578091795
7002249506
9613860039
9435027710
8044924073
6003952135
9365449879
8472911981
7086822774
7896022252
8876553605
8100832837
9831033390
8486815003
9706323580
8048794483
7002515839
9365806659
8011266741
9147097168
8822859287
9854338160
8133036919
9233313592
9435101209
9859219676
9167782466
9508393937
9864140081
9101085182
8876565001
9954374365
9864062707
9706345056
9864546058
9678540732
9127009148
8011915458
9854068858
8921895045
9957444434
7002336760
8822757840
9718752776
7099899764
8720950836
8471936950
9864546681
9435478790
7002366970
7217888128
9555058220
9864099477
9401957903
6026990969
9864114608
8638285425
9101736198
9435005259
6001055081
6001452384
9864575299
8200198381
6900560177
9401972727
8638781841
6001108906
9954177168
8135005516
7002696929
8822882266
8638323745
7002098011
9613236463
9971143002
9957982474
9864071376
9864709697
8010411640
8811830565
6002368421
8752972718
8723039405
6000173335
7575972286
8347863383
9435900313
9401914830
9864077172
9854584868
8453558400
9435035412
9435062559
9818028960
9864812040
9864040045
9101807091
9957557994
9365576359
9127885670
8876513754
9643803629
8486134115
8048121230
8073086651
9435135089
8486036730
9435649697
9859380500
9678251004
6001556550
7002860218
7595824328
9435412127
9435035483
8011113478
8638618867
8638986028
7002072803
7002354302
7002271842
9676803958
9706035596
9435886637
7002941879
9365632407
7002300216
6376197311
9864012345
8486987980
8062289116
9167236354
7896015194
6000567522
9401366088
7002283504
9954396612
8474800440
9435208992
6003629642
7899922962
8471982340
7002092008
9387117903
7002512491
9147741207
7578951367
8048104721
8976844386
9206110105
9287954076
9401001114
8655630846
8822146357
9508811194
8402956968
9613743546
9954366417
9435168110
8753964947
9394100734
9706037229
7002472589
9707159919
8811965384
7099026912
6026032035
9101847343
7002702216
8521438530
7002791504
9395337359
9706216661
9435036346
8721081389
9435139467
9864470384
8001036030
9435233166
8929759616
8638672782
9101001658
8812034781
7021986899
9678849565
9395180951
9101205228
6001470157
8037002416
7002063733
7002232049
9435325631
9864697457
7002300380
8486476703
9798342322
7002130602
9706500308
6002388785
8638552175
7002729754
9706975012
8638056759
9435736118
9207355640
9954384667
9954910703
8135028661
8638340253
8822070581
9127124746
9101099026
9101116099
8951418397
9365337721
8876832649
7002199045
7002064835
8638293650
8638334880
9085205388
7002268061
7002690593
9954385669
6900180100
8486293726
9365669154
6002935584
8037221026
9435046386
9127489372
8876028753
8638047351
9706957544
9854678398
8638588047
7086080177
8638293662
7002544462
9181176599
9240031025
7002137677
9954161364
8638978179
9181470250
9954874751
6900904262
9854860581
9435559000
6003721511
9365130981
6000437695
8003453986
9365328232
9085013583
6900309718
7404238922
9706012454
9706771478
8638066734
9864387140
9707775000
8473869526
6901967224
9435035293
8876565005
8011253102
9101547227
9401883437
8638734479
9954230812
8042300975
7002447965
8478881698
9613044877
9101138213
9401491476
9085825505
9321004825
8638387211
8011269979
9707773432
8638052770
7039002133
9854108866
9127753905
7002715200
8473993080
7002826859
9954923557
9324805191
6000490150
9435293934
9954070249
8069199817
9435111566
8402807234
8403993969
9181082366
9678768026
9854089163
9957202161
8638023173
8721043024
7399055525
6003863879
7002276223
9435239564
6003812416
9181012194
9435176055
7002443314
9435071459
9957448551
9854698719
8048794796
9969221018
9864939919
8133941647
8638150946
9678084481
9435658375
9854726366
9706903599
9101373827
9854072268
9958839303
9436100121
9859933092
9864092048
8638083941
7429139869
9706483691
9435042076
9706341859
9854105822
9435197462
9387123362
9864055240
8876371871
9435016110
9864327042
9706738294
9678008688
9854638874
8876635836
9706080228
6901348123
9531017620
8133993179
9101172314
9118001080
9957331182
7002289604
8812871507
9954168534
9678735439
8638518083
6002767669
9864047501
7099149929
9101144748
8254950374
7082420392
6002858576
9085314461
8453116756
9706075264
9864278506
7575993242
9954022556
7896826918
9864060931
8047138296
8638158846
8001202838
6001390411
9954493325
9101500051
6001513483
7086428559
8099800611
9859949299
7002941551
8486795463
9957028578
9101991201
6002549681
7002269461
6900859962
8486724541
7827880454
8638154964
6000207357
8721843882
9678757575
9678984430
9706191917
8638091624
8822622969
7002857730
9401819417
9147372793
8638223240
9330904067
8876455626
8011818498
7635999141
6000688180
9678565351
8638210220
7397095711
9619885653
7636081150
7002679126
7099598638
7578008005
9830640004
9678401932
9365598730
9395331873
9864952493
9957651453
6002991161
8638957319
9954382492
8638346250
9678056025
9854643314
8638894776
8638126196
9435323114
9127010044
9101112972
7708015151
8404014995
7002321108
9957123501
6003509312
8011591844
9957181929
7002514782
8134067358
7635895125
9864223172
7086832609
7002691744
9085366819
9854242918
9707648703
9864141033
8638559455
8133810814
9864767066
8071264001
9218101677
9954893715
7002197130
8927753318
9706485170
8638395780
9707785767
7002702544
7002301995
9678794838
8876889977
9401407128
9864766044
9101693643
6900377078
7604006354
8402964388
6003369497
9864364159
9435389825
9101474832
9678863743
9864232443
9365314607
7002295558
9435053877
9394574392
7002368423
9101866640
9830634556
8638090554
9507176135
8822666444
9435101433
9401689062
9864016070
8100738987
9287951489
9864218442
7086750909
9101866533
9854449449
9394020122
7576096325
8876728527
9741187827
7002604403
9435809039
9395825499
7002267462
9854162712
7099023434
9706905062
8486139810
7002923822
7002256039
8134805488
8876450280
9864051910
6026938971
7002871037
8638139445
6002521532
7002656906
7575901298
7002868297
9954122762
8453542480
9854026353
6000971168
9954065132
9435729125
9435095689
9577126943
8876006559
9864049254
9706096191
9864820942
9435019357
7099026842
9954251995
8486819723
9707077188
6292300585
9395807784
9954971275
9435736602
8399913123
9954485390
9127321329
9101583799
9085875469
9706899892
9435544440
8453705603
9591972785
7259672680
9319995347
9957896037
8486121228
9365276313
9864204814
9435076822
7627953411
7002565995
7002029895
9401281375
8638730704
9435108236
9954012626
6001588604
6913649961
6003898533
7978115561
8723974834
9864099919
7002954340
9435398736
9864142448
7002262857
6901463131
8721037701
9854412903
9864011792
8638190724
7002831003
7577846733
9954621537
9435088812
9706111111
8486024166
9706663277
7002556614
9101961002
8876348673
6001447170
9864894034
7086270020
8822495374
8071326883
8638293380
7035430001
8167541947
9101932224
6000390814
8876179806
9435008662
9435168254
9401069901
8724823280
9365964757
9401022216
7002096123
8638873416
7002536983
9678971301
8071640287
6000784082
9435014999
9435124825
8638052810
9864490870
8240576150
7314377353
6744032108
9859906925
9101215798
8811922199
9365919249
9678999623
8919461186
6026284181
9401555458
9435337033
8638757931
9101783914
9435630840
7896757820
9707565015
9435310552
9954825070
9957314747
7368088516
7568133503
9435031785
9127301573
8486689450
9476565604
8291294118
9435050123
6002417691
9127239622
6000943171
6002078959
7002491247
8044630856
9474781854
9706030558
8638305837
7002440135
9954107805
7082420977
9864745555
7576069855
9854858346
8404095435
8822369664
6003685771
7896409311
8011199650
8135019018
7002029049
8822588226
9435053504
7086722677
6000275611
7362848208
9707809265
9435354324
9864942221
9101221893
7086803380
9706960803
9435601821
8011640105
8822354478
9101892070
8822621418
9859937474
7002138499
9394163363
8399015709
7002929693
9706435315
8486441896
9435135560
8876424015
9365318254
9435134074
7002694607
6003409765
7002058860
8472089961
8473990900
9706545445
9678807858
9864150494
7002068630
8638705843
7972263738
8723899872
9435037444
6002322077
9435717814
9854807213
6001635302
8811000889
9940460147
8876951989
9706044024
8638920055
9864111180
7002403236
9831676193
6901531561
8638790180
8011869633
9864144865
7002490226
9864078363
9954635971
9854869880
9101963107
8638739608
9435123636
9101320577
9101088681
8472818900
7577005630
7002350430
8011858511
9954252101
7663973387
7002620054
7002248184
7002044081
7896938074
9085888661
8812011049
9365879300
7002385254
8135027634
7002053857
7002732042
6000145457
7896949493
6913404475
9435027942
7002405283
8876269493
8822023706
7002023576
9435155724
8473926571
9387871474
8638875413
9132467299
6000628930
9706931190
9957957285
6000822616
7099163264
6000680196
7002754458
7002543009
6000677701
8723964872
8474090641
8100738983
9435154014
6000051429
7896620363
9706069251
6000635221
9127816204
9435338038
8011772955
8638785519
8770024956
7002125106
9476757010
8876228493
8822222588
7002719023
8071264630
6003178356
7002109515
9864486710
9101164930
8136013332
7367020595
9230988064
7002864138
9854404855
8638267065
9954460147
6003776608
8876052043
7662059828
8011490828
8486021656
8638696991
7002156242
8876228227
6003803922
7086594717
8638191756
7002216182
7896111005
9954902168
9957192027
8447902982
9864367501
9101015986
7002903972
9435678689
9366082827
8721033692
9435738216
8812995584
8004192282
8099509996
8453078465
9954960034
9577750571
6002386283
7638038364
9365695609
8638118855
6002294415
7086066849
7896967994
9085382435
9101418339
9864044826
9101109592
9435124696
7896609878
9954553059
9859885895
6000517227
8486197209
8042300684
9706024547
9706854146
9957721166
9435530000
9706057266
8011131677
8822244441
9435224839
6002588204
7002501199
9706016366
9613173173
6000156640
9707980293
7002870793
7002691506
6002461215
8071326287
7099132444
8720951338
9577919482
8876210610
9706108352
6003153099
7002235982
9435079290
7002053253
9009005678
9435079017
9101133418
8812949186
9954881215
8011185021
9395959991
7002380469
9101341566
7002804892
7002212095
7086189448
9435126175
9864669401
7638077373
7002719379
6001382275
7896935002
9435125919
9643104310
7578005011
8724927918
9854558971
8638768184
9864260968
8486818797
7002486248
9365489949
9706556531
9365077806
9101026137
9101246567
8638993982
7002266485
7002051958
9957729111
6901130654
6001519155
7575959630
7086545522
8135016233
9707723526
8099344179
8638761355
9954662222
6002814091
8638130647
8134014625
7002453965
9864453069
7399236555
9435584028
8928446416
9706205269
9954071034
8876903428
9435052313
8811867984
7002393259
9864218378
9207100234
9678569487
9531359078
9864658587
8638762246
9314444747
8011760028
9435206210
6900460800
9365663639
9101469216
9957813308
8473883264
9101064299
9954138004
7002891050
7636021741
9678531450
9854290952
7896752129
9435034787
9864931770
7002378448
9401502378
9435360212
8638774069
9706698336
7002844009
9864763672
8403816155
9435643794
6003077715
8638378177
8291490982
7002419458
9435323484
6000476108
9365791077
9101581060
6000761798
7002294509
8011640930
7002419697
9742335941
9335562273
8011596604
6000741565
9101144831
9864083683
9864034144
8133961269
8761943569
7576879442
8638968149
8638420928
9158758698
8638873413
9435702060
7086520556
6003903749
9706054107
8011235134
7002311753
7086061222
9435223579
8486175536
7636082011
8638793866
9859682921
8638037453
7577060058
8638184739
9706755726
9706545954
8638207047
9954003515
8069351640
9366394927
7002755133
8472938747
6003765845
8069753052
6901267507
9435131997
8721939662
6360142573
9435665193
8918873410
8638904662
9678544563
6000952138
7002977008
8876824975
9387411083
8753927717
7002873033
9954319377
8069352449
9954444573
9101615730
9435350465
8876844429
9435619595
8291288592
8135067898
8442842625
9678427622
7002447291
9435100797
7099093385
7002186161
9101020164
8638431164
9954070920
6900125001
8811005700
9531028128
6900452629
9678840578
7002540769
7896104260
7002876298
8761070119
9127020580
9435777237
9854189951
8876031972
8473048733
9101012950
7099032323
8811014799
9365480198
9706057425
9864408236
9864450308
9181016555
9435219200
8011951958
7002017099
8876513260
9957032949
9394879486
9435111805
8724842158
9394692251
9435133283
9387904092
8822027173
8876524137
9435168445
6001390823
9895735270
7002482146
9395146761
9435036322
9435036197
8069351724
9435036748
8638387160
8822609630
7636039434
6003989357
8822533066
8638300149
7002516802
6000847202
8876812480
7596072377
7002115710
7002875944
7099510012
9678943491
7002055054
8402025053
7002549419
9401932242
7399304561
9435152251
8724960636
9678434415
8486355607
7099294934
7896760917
8486214111
9706024381
8638752118
9954375324
7636909444
9435158456
9678479408
9707663756
9365119524
7002231432
9957053697
8473908372
8011356974
8011230958
8822170186
9954729782
9101085201
8045312363
8638613523
9101649224
7662990000
9707666767
9101777085
8486555630
9365251804
7002027713
8011446603
8011792945
9954111432
6003367116
9101084490
8876842350
9863697014
9101891428
6000462833
8822164805
7005289882
9954624515
7002789368
7002683072
8133037257
7002311699
8723061427
8011761868
9706040561
9101177565
8724049613
7637801245
8638044937
6001281166
7667931267
9954014221
7002880112
7099031007
9678470316
8638017127
8721906628
9864585404
8920328231
8474805485
7002618267
9864486894
9401555804
8071325961
9435524041
8638507015
9706339249
8723003456
7002822514
9678313715
9435217027
9706569044
8473827722
6900468352
8099540514
8638447345
7002702134
9365290963
9387467674
8876790351
6002610318
9707731688
6002458424
7478383549
7086321195
9395277528
8638072616
6000715526
9085345735
8638137228
9435529608
9731056299
8399980720
8011161646
8761072397
9101980608
8638310603
9435106748
9395955541
9435045358
9577273240
8638384965
8812920228
7099390602
9435504176
8037267039
9401814742
7002742321
8011340491
8486950878
9435034290
9435031366
9854121113
7947166695
9706007020
7002290542
9127096939
6000864965
7576934255
6003669780
8724040929
6002839905
8402082321
9864369696
7099032757
8638015396
9085348072
9864095583
7002882642
8724872895
9395038403
7399410657
8011716300
6003401850
9365415066
9957748650
9435082163
8453887188
9954411405
7086644084
8638678408
9678574119
6002834460
7002818618
8876994503
9435061011
9577638513
9435322426
9957111429
9706482398
8011335591
9395555080
9957371310
6909024545
8486202537
9864011482
9038389666
9401268716
7002510166
9854497595
9854201376
7663050461
7636814367
8133050026
7085206266
8822472152
9667242243
9435051017
8399883117
9859502715
7099075749
7662000888
8761839078
9854624231
8064280563
9230988063
8638599372
6000820991
9147412203
9954976315
8402892093
6003606979
8402098620
9954493799
8486574572
9435782568
8010680818
8822115441
8876712628
6003891703
7002747752
6901640279
9954220638
9101745200
8067518069
8638911263
8169119183
8638727485
9957689472
8929335947
9903619637
9101482611
9366283209
7002984989
7086432546
8133828044
8011188489
8486953066
9760332054
8638342783
7002280165
9101128649
8135013775
9101641062
9859414610
6900350100
7002444703
8099778388
8794057020
9508162473
9101115211
6001230330
7578837981
8473076629
8638328616
7086150745
8011407773
6003653975
7002505571
8638028443
9435366163
9435666777
7002563175
6002671703
8099554765
9854081948
9101630166
9435026585
8403869048
9612574461
7002332063
7086791169
6265812506
7086008746
9181801652
7896925276
9854900103
8638780717
7099217101
8013046328
9864026328
7002417442
9854299409
9706233498
7035549676
9365837085
6000542557
9954050917
9674181899
9706996896
6901299599
8135934797
9678079661
8638129609
9864086207
9864057109
8638212901
9954027862
6003368214
7005382959
9957565063
9864408436
7002642249
9957223131
7099028830
8291014834
7099916914
9864202439
8876015124
7002191118
7002009983
7002708616
8638092124
8811089166
7099065545
9957075630
8340321752
9707160930
9147100675
9435519366
7002509365
8310019840
9954474621
9435084102
9101060316
8723914231
7002324949
9435041192
8761865300
8822011215
7002817797
8474836780
6000540004
9395445372
9435111988
7578014731
9864040933
9394325370
8135983975
7080601376
9101689048
9395986488
6000746361
8876905683
6001077231
9678878944
9395343886
8638706085
9864111573
9864543533
9954306734
7002097218
9435649701
9577427370
9476712247
7099940590
9678587549
6002575954
8638573677
8486975892
8011003225
7002770485
8486051962
9101367408
6002110475
9147078122
6000270029
9859867350
9864307473
7002859965
7002744427
9435057388
7288070858
8133032829
8876765573
7002462027
9954660707
9706845654
6000122388
9287981482
8925897803
7217888134
8811072200
9706069706
9435085323
7035221285
6901265320
9181030066
9365000168
9073973774
8471999167
7002777839
9903104988
8876278142
8486718532
7086016005
9957079702
8486805554
8830084423
8812047567
9818043775
9435092215
8822686666
7217888041
8822645865
6003106835
9707315318
9287956046
8822939343
8811851953
8099083250
9101197909
9508769787
8638152861
7834868691
8794772192
7002502795
9101158857
9101213707
6900834462
7399302753
7002339015
9395177758
9954654065
9435137070
9395689330
9137541260
8638021151
8099174720
8471916145
8002660123
8822306589
9954559738
8399049966
9435110851
8638997196
8876068512
9957047243
9319697762
7578942157
6002539722
8822358146
8822880888
6001383232
8899164600
9864028600
9435081989
9957999854
8399052336
8472899063
8822599194
9957069702
9706054505
9706103175
7637906431
9435134451
9401779096
7002474967
8472969380
6901759253
6002169127
8822086865
9854080052
9707774844
8101559957
8822819525
8638274630
7002655819
9678585749
8724091627
8011175539
9435018716
7002549389
9435051891
8638419202
6913035704
7002120320
7002584171
9101625191
9101110948
9957614931
7217888089
9854798157
8042783391
9954614157
9435521951
6009248733
7896046700
9854020464
6900513083
8486844810
7638077950
6900964106
7002482084
7086335733
8135901826
7002423652
8638375977
9395665395
7896218181
8099197889
7002972868
9613748416
7399268601
8046076790
9395987966
9435364485
8486498656
9954056021
9365654485
9531217969
9954262661
9864044677
8133851476
6900463357
6002444959
7002088050
8794723211
7578936640
6002810649
7971172247
9678179369
8752982903
9435742326
8723873925
8638280042
9395137872
6000879350
9362547945
8134957225
9365476611
9864783172
9864704650
7002310810
7002057020
9435375550
6001649708
8638005600
9127233785
9707379911
6001155653
7002904266
9101254447
9365894677
7851975599
7002218406
9435134471
9706128815
8399925115
6000410743
7002100525
8879133730
8067335552
7099075928
7896318435
9957126349
9864054335
8721915013
9181168706
9126179509
9435765173
7605009294
7575999635
7399299510
9706041761
6001711996
7896407737
8004201600
9085295330
7575902259
9319995349
9147005749
6913131031
9954586082
8133991610
7002896801
8402028864
9401110007
7002698933
6003622455
6003092924
9085661629
8638263327
9706012743
8876242082
9101132698
8473065854
7002386136
8360103842
9864821916
9864193940
9127055456
7304280961
9401084764
8399935752
6000401653
6002722689
9706968485
8011659071
9435209035
9435472863
9707298800
9085523279
9101272725
7002686927
7896768476
7605009263
9401110099
9101288387
8638798044
9435117480
9864083120
7002614407
9101714290
7005993126
9101062966
7002948865
9957112207
9127010808
8011112020
9101221815
9864138799
7002884117
8069352499
8822019794
8403062892
6003898118
8327718656
8133910984
8135017157
7596039855
8822314363
7896984056
9401078318
9365738266
9957534931
7002251316
7605009264
8638195038
6360041817
9864449972
7002814863
8011316911
9355834484
8069867698
7576081557
8638733083
9678957745
9954200225
7005697650
7099325073
8011969219
6003251594
8822602911
9101291409
8638521817
6000480085
9706919361
9954593331
8011791125
9085328111
8638012560
9395429159
7002315301
6001415707
9678178264
9717122998
8721922423
7047041793
9395831313
8822986554
8812081810
9854089933
6900389348
9365701144
6000090678
9854127370
7086765953
8037781542
8837358224
9531151409
8473953891
6003916512
9435071041
9707790477
7896896008
7002263421
6000185615
8503020156
9360128316
8638621824
9954979166
8876140966
8136068143
7002980194
8011300986
6000278873
9101195163
9954874354
9435139699
8047138362
7002299428
6900329031
9101292597
9435339105
7002947549
9859464868
9864025441
7002408490
9854239121
9435073733
6002042108
9401852923
6000290837
9957641865
8011154949
7578964297
6001660416
7002394519
8822054917
9678654182
9954414992
9864881009
7002954330
9207321112
9435623625
8420435244
9877777327
8095079700
9864614346
8402816824
9864360092
8011149150
9854029916
8724966143
8638803399
7663075986
9707221100
7086525766
9864724115
6000839550
7664819339
8638174565
9435142414
8761886946
8721979506
8067518070
8402865589
7577080733
9577803697
7002373326
9954837137
8044924892
8638725332
9930565555
7002048690
9435335682
8069352467
9706080256
9864311100
6001396662
9954610186
9101429533
7896003339
7099013417
8751947393
8638544296
8876815700
9707186398
7099066880
8638969932
8638990410
7099603421
9101730692
6901578088
9957829477
7002540713
9435454721
8753958747
9706531220
7002376271
9864899923
9365427792
9435163770
9954868163
7002451181
9401707117
9435071632
9954836768
7002213329
9678639051
8069352458
7399451890
7035380629
9387598717
9707918272
9864469464
6900999323
8638509653
9181021225
9678456450
8277605201
7002321710
9954555134
9435336000
9706128920
9957498725
8486070143
9864097158
9508088088
9435001490
8486035145
9531260370
8133947096
6900571068
9862448392
9854842408
9435000000
7717784285
9678092143
8071370715
8761835522
7002208408
9401379063
9954828924
7891745793
7002474932
8037537455
9401872921
8011310434
8486083345
6001445645
9435324953
9706114511
6124157835
9101300188
9859774840
9435050405
7002051052
9265269081
9706161625
8638749746
6000765250
6026744174
9101752809
7896370037
9435094790
7099042240
9132177314
6901521856
9864140488
9707823453
7002052723
9435146148
7217888136
8724029404
8638908398
7086263932
7002588019
9706746421
9864273011
9678772048
9678393415
6000968022
9706427019
9395099327
9678665171
7002616077
9435040525
9365086386
7576847017
9864117247
9401727603
7874001086
7002311306
8011743648
8134012244
7099014499
7002100102
9854138827
9365444460
6003055728
9706816374
8448448742
8720986596
9435372815
9678523016
7002885883
8402813908
8133074578
7086324679
9435699661
9954255642
8638154488
9706303166
7576866944
9954066039
9678774577
9706001982
9954294618
8486030609
7002278196
9864210194
6900640334
8047135934
8471846382
9746952230
8638170422
7575950006
9101860148
8876396492
9954381801
8099824487
6001479197
8876506944
8876360601
8638440742
8876444490
9083623579
9954015274
6900957819
9678497523
8724878785
6002366004
9395252991
8011935290
7002026059
7002064939
9394324040
9957597709
8724834770
8638475739
7002234307
6900736441
8638213074
7002032987
8486245212
9864806108
8486477968
9101103513
8486254701
8011869878
8071406511
7002360620
9854225467
9365071036
9435432636
9707600673
9365794485
9101526931
9365504286
9612156969
7002608293
8099605156
9854793099
9435765260
9954982611
8638071604
9864097726
9101128352
8486002549
8638398377
8473802909
9954887893
9707923481
9394506983
8453290837
9973333442
7042615454
6009805693
6001723243
7578004277
9435910769
9864676167
9435102864
7099799471
8099312502
8486960451
9435083677
8721030893
9864012533
8069874143
8037267216
8037267217
9435086020
9864770033
8453167324
9435061102
9706254307
8486121333
9435020314
9864900515
9085081111
8638681451
9365353745
9957651038
8638759405
9678337739
9854000789
9706121654
9954011800
6002268554
8002094949
8638618833
8003949108
7002032703
8638133802
7578040931
9854001122
9954580715
9101421311
8486371761
7941056669
8638847659
9954474229
9435052600
8822090930
7035669320
8037267065
9101907931
8474802688
8720936632
7002952636
9678548295
7002376566
9954919644
7637847634
9864250543
8011181524
9101036244
9101089848
7002690597
8822020860
7002272526
7002058562
9435081494
9085952175
7086582105
9435518767
9365956481
9435166499
6001500443
9953250703
7002819018
7002154077
9957333991
9957271916
9706844579
9365775210
9435021491
9435242850
9365686415
9207412030
9435071215
9957553950
9864928117
7002864496
9435124067
9101345856
9435543593
9101135184
9429690455
9365109873
9101524586
8822651135
6001924442
9707660309
7002562832
7578914027
9678783616
6002668516
9435023497
9101612170
8822992042
8638786045
9864264905
8638318943
8169892013
8753079799
7002955855
6002503318
9864031382
8011071838
9706981902
8822810939
8800699823
7002060043
9888223388
9957089150
9613506775
6900380595
9101535125
6003750232
9085287365
8812832713
8638393064
6913525113
7002557631
7399033340
8720954325
7636871684
6003372780
8638749321
8402823872
7002291278
9435704900
7635804449
8002091415
9101182406
9435056436
9435057035
8453704906
9085650647
7002793838
9365459664
7002245767
9394864627
7002209469
9706296910
7635837922
8453997917
9707434255
8822339929
7099384091
8473843874
9678287970
8011726150
8876121442
8069840334
8638893372
7909082185
9508020707
9957460348
9706039318
8822232327
7099200123
8638083768
8011339314
7086670345
8638027102
8638740590
6002107629
8486581192
9854903316
9706434257
8811968628
9957422034
7903944206
8876835330
7002327833
9435213180
9435172935
8471884090
8472901653
9401847991
6001130583
8638714308
8403934380
9435601301
9854905165
9864481693
8638042906
8638226318
8011544541
9101419167
8011998525
6900968674
8723043073
6002908609
6003937434
9435212403
6003375361
9365545582
7002194195
9678650891
8486627950
8638171397
9401101995
9435050505
7896764232
8486025041
6000214695
7002853225
7002351217
8472823262
9577375843
9864032175
9930741256
7399877564
8008895977
9954022863
9706179055
7002397797
7636822611
8011335569
9435199628
9854050567
7086588415
8011130311
7314499582
7099745592
9508990668
9435152289
9954671923
8638537656
8486106282
6901532163
8822589327
9435561765
8761887225
8047590337
8099204228
8474094625
6001997363
8133023473
9387228131
8822326651
9957673337
8811968390
9706882008
7002592362
7002293931
6001295855
8037002033
6003921745
6901979799
9864667227
9706995626
9954774731
8473076546
9859157126
7002669960
9957849489
9401207340
7399755727
8638170311
9678337898
9101286703
9435005993
9678846226
9859889772
9678443238
6003499364
8812878070
9435080717
9577677562
9854019460
9508438544
9864108606
9864179853
9365629672
8011863847
9954503805
6001012161
8011368351
8876246952
7002070060
7005300239
9101615659
9954070398
8453758055
9085086843
6900949900
8037838777
7086045833
9641569426
8071372576
7045274951
6900182576
8822609220
8008910161
7002325963
7002540175
7086008952
9954446926
7002576171
6901773682
9395551201
8638792630
7002970905
9678652584
7896501172
9954171224
9101591329
6000080182
9435087123
7002820520
9904575203
8486303323
8071216643
9101957188
8811831959
9830575171
8298294449
7578986547
7005861334
8486037184
7664941000
9678795597
9365295600
7896194332
9957114020
8638162906
6003744781
8474838974
9101541568
9435087019
9560930944
8486444045
8133829040
8749943070
9365919646
9687687555
9435157461
9954887442
7002029758
9954652309
7969122876
8811933580
8099843898
9101192106
6001707590
8037118067
7002611291
9706189490
8822522270
7002026765
8724860671
7002881098
9864095359
7002005078
8099339262
6900417278
9401864131
6002145297
9101240560
7002365279
6003699188
8453607049
7002692566
9435165045
9181013666
9435910300
9395808088
8822776161
8133930281
8011259933
7969285779
9394999687
8047629948
9706462712
9854759786
9435084777
8486530381
9435182661
7002715405
7002665728
8638168354
9706955024
8822135679
7002975411
8310158968
9859724505
9101334900
9127802050
8486634397
8822802088
7002386271
8099961844
9864181147
9707017781
8404098095
6000386522
8068932708
7002323874
8011921628
8638158119
6001007994
9613131314
6001464839
9127370834
9101724526
8638124060
9101304431
6001447151
9954186960
9859807110
8486537681
9435024048
6001097421
8755157690
8399081076
7002733670
9954046167
8638947749
6900298577
9954180186
8011725282
8002583333
8471929991
8876464413
8638186402
7002489634
8133809640
8876109748
8062216518
6003540817
9678971175
8062515009
8638005271
9954122827
8474851022
7099720409
6000298436
9126482214
7002892704
9365765660
9707727613
6002350052
9394937200
9365200410
8638978271
9706901353
7002658406
7086114441
8403986538
9706812443
9864495278
8798024987
8822874777
6001849533
8638616498
7002843893
8822922060
8011619141
6002866194
7002953419
9435155338
7002555059
9954580784
8638054387
9167298117
9996668351
9957334515
7086519510
9435913292
7002593969
9435104717
9613235388
9181839706
9864180234
8638330329
8822123373
8876061062
8822033082
9435076180
9854054157
9954952313
8638505962
8638757905
8876874325
8638119250
8876866321
6900212414
9435514204
8474846090
8638826235
6000217541
9365403825
8876804986
8638871151
9101180754
6002116162
9706776165
8638250060
8011728602
9706611069
6901240660
7099067999
7896512437
8037839890
6000720837
9435428204
8811847796
8291043091
7002973002
8011261202
9476555928
6001831464
7002301102
6001637843
8037840004
9435240011
8291132849
9101345014
7002454122
7002658606
8638546335
9577275275
9394716602
8638301967
9435159113
9101525918
9859785408
9854199110
9508850999
7086014988
9365288878
8976018559
8399036573
8135041638
8473063196
9435596132
9181624585
9435623902
8812054538
7367952026
9435274530
8638061175
9181206349
8638048103
9074317512
7002056136
9954146919
8071372487
7001265187
7002156514
7399927611
7041805212
8486168808
9706099482
6001628522
7099309922
6001689811
9864943784
8254056301
7002053561
9167912675
9394516601
9101407607
7099835862
9957362369
6001735756
9864685620
7010506932
6001662167
6900654342
8409277204
9678823770
8067518071
8811835522
7002342482
7002336098
7002602288
8638939973
7002357422
8822558707
9707505468
9101776881
9365475857
8250352141
9435021892
8399886494
8638773207
9707050918
8011500525
9864130705
9101403993
7969285739
9435493464
9859047752
9435080162
6901205255
9864263117
7896253030
9864520766
9678881117
8011121314
9854343121
9435087137
6003833325
9954318371
9957911845
9101126247
9613039480
7086856079
8011498091
7969228381
7400169631
8071372477
9137445309
8473885305
9127445602
7002481697
9395623990
9101274852
9101140964
8822686715
7896900230
8486517095
8724874645
7577931023
9394064857
9394845653
8638233719
8486394258
8822919408
9864312300
8133051906
7578899646
9854415847
9435480751
7002865425
8638447915
8638234439
9435191754
8968386622
9435026294
9864759214
6000260613
7896979581
9435168489
7949282137
7977609341
8453913138
7429550020
8721834455
6026575597
8876603179
8011459587
9792360099
6001929001
9954854860
9387907065
9678719727
7002562831
8724877892
9282604500
7663963967
9706384781
9401723991
8399030990
8811897525
8638985924
7002811400
8638115187
9954883268
8638445959
8638592806
8099649598
8037267064
9854049146
9101371124
8876401122
6001481461
6002006469
9127345188
9707330637
8638535913
9716838048
8761938056
8822630733
9864413879
7259552019
7638839872
6003701954
9365008477
8486136578
7969149108
9957177012
8638283639
9957096810
7002410966
6002978139
7399041192
8876513110
7086874972
7002320282
9127331569
6002535698
8876257990
8474899012
9435332308
8486050599
9101758208
9435138278
9435138669
9101666871
9678150739
7002738168
9123827841
9365376195
9707295306
8099580419
9401802896
9864074129
8047590342
8860320887
8486762657
7896636157
8638320435
9435322224
6900578215
7002186873
7099797611
7969122539
7002026133
9706680077
7896983707
8811051501
8822017774
8811857244
6000696946
7577901597
8638264217
7002635369
7002296744
7002729354
7002308261
8135060195
6003858458
9864217809
9365306117
9387844234
8402058877
9435053571
9401364522
9395599372
7399296382
9435168210
7002368053
8822436037
7002566292
8811900270
8721041618
9954038814
6002231714
8011011393
8486912984
9577949324
7002170511
8071371921
9101466721
9954265380
9954103681
7086754021
8811916104
9954276086
8399918227
7002082343
7578004298
6000073009
9435077237
9101890630
7002469551
7219821111
7002092803
6901244424
6001510852
9101741376
9435365999
8638415399
9401336017
6900381881
9401362260
8011516490
8724851968
9508311189
8448444840
9678154900
9706565814
8474020436
6026873761
7002967638
8638706287
8136084103
6901118148
9707308417
9435757966
8071372760
9706866991
7002800818
9395101992
6901848400
9954320425
8486855469
9531409677
6901486114
8402067988
7002093472
9957409528
9954998985
7086199930
6003171673
9101918204
7002269464
8638781186
9435023773
8638381591
6901455806
8291925948
8486990286
9101899501
7896453604
6003951010
7002511668
7896500311
9957094133
7002294462
6901732473
7637990573
9365566236
9363512619
9387945115
7002361538
7896952356
9954281829
9854650577
9435029188
7002067684
7086665290
6000912271
9707270932
8071372738
6000102341
6002113161
9401298958
9957262334
9954221715
8811873004
7002750294
9707018032
7635924395
9707893457
8812048269
6000102057
7002407574
9864512277
9954064417
7002421976
6901253652
6901727919
7002201782
7039427263
9859294963
8761944661
9954449528
8011120631
7002457758
9864501777
8638760545
9957896299
7002990121
7099210013
9127211702
9395346946
9387960258
9387411054
9435182156
8428502612
7352529691
7002682219
9085408482
9181902985
8474817297
8011452598
9167281637
9864267556
8638608794
9864448456
9821557154
8011003043
7002482809
9127106583
6001548236
8638151500
7002771885
9864095217
8037604154
7086112254
9678751349
6001723437
9667664759
9864212231
7002601286
9864010137
9282103878
6001664325
7577980081
9101831365
7896154718
9954352119
8638439346
9142023285
9954306894
7002357126
9954709809
6002527916
8638986630
7896601803
6001333070
7002893045
7896128241
8638675210
9435021191
9954843211
7896943372
9859456127
9101596821
9635193195
8638181625
9859993420
9365044677
7002275094
8486411214
9599369533
7969285457
9365589654
7086818808
8474025561
9957999299
9435714921
8071327045
7002281904
6002330192
9677055307
9619982181
8402013474
7002315400
8822111122
9957415214
8638136791
9395475916
8811077725
9954241897
6000498029
7002017614
8638415845
8486845437
8011672703
8638525643
8134071909
9854004531
9435030964
7005374011
7002059514
7896499004
7099022860
8638966335
8135030463
7099075999
8404077061
7086834970
7002029169
9859935316
9435135979
6901358061
6002013393
7002979340
7002265737
9365407344
7636080095
7002798486
8287075795
9864508257
9395786125
9127299196
7300380499
9678054086
9435501111
9864015057
9706410377
9365003803
8638314177
9707452544
9435197677
8638908031
9864369529
6901111960
9954160754
7635833011
6000267928
6001254142
9957767010
9435094949
9435167444
8822800175
9365959473
8822175856
9859229944
7099247912
9864879878
6003576569
9425257904
9812584984
9707333344
6002726609
9008382279
9717146641
6002665509
8876088169
6003601534
9435755688
8011842550
7002590861
6901859843
9101316493
9706551972
9435154086
9707211950
8404007215
8011079153
8723931413
9835694669
9304754871
8676993999
9322315452
9288447478
7301960834
9905533631
9804516257
9523101809
9513445312
9717875952
8804981786
9234388100
8083208407
9905943085
9031044156
9523987514
9430111000
9031243094
7677355469
9572958196
9811082788
9958255977
9835230185
9334338989
7070000736
9386183342
8789094144
9234052600
8406004300
9708222719
7042825302
8920930157
8404983879
9431860296
7761923249
8757570858
7282014973
9199933828
7004387994
6412423531
9560805022
9110900400
9934291332
8292085613
9090110755
9117171790
9334125186
9534444141
8929111435
8521050164
8210344609
8879976934
9771439773
7004731654
9122776626
9304335375
9199930104
9708865003
7209304874
9973759368
7667584378
9470090621
7260983512
7707006004
7352368570
8929111298
7290880801
7834980900
9355522981
8409228099
9123838145
9431401028
8809850361
9304223294
6182222008
9798901341
9852212239
9123173305
8252504908
9262720898
8579936094
7370041283
9334101442
8084029999
7217887961
7011291430
8084961985
9472812677
8700177325
7303066164
9835070190
7545001199
9017359181
9155332222
9431206524
9082708223
8505803499
9470745145
8757986961
8657568933
8298348005
7004970152
8047027204
9431438652
7004980118
8409266071
7004421046
9852822022
9534805991
8002186273
7004966118
9162490624
7277330356
9334954263
9608840667
9771665372
9835098388
9546965424
8447144646
7004210880
9711828730
7279819601
9852478510
8634687777
9905120820
9097036542
7834805353
8882877626
6207252681
9065585051
7004829510
9661716291
7488105380
8657588403
9304457108
9386897326
9205700466
9470222450
9905245864
9693810092
9955848368
9386910621
9513445187
9771407476
9065566118
9835079513
9304055873
9661240404
9973317044
7250226947
7004101738
9934763900
9355522486
9334848129
8292825353
8210013367
9229551007
7295958408
9708009456
8873058499
9031516866
9128400732
7530831905
9472155555
9771222492
9771653227
9117282257
8292922352
9955353543
9262354410
7004469121
8271218500
8603450944
8210158422
9693082360
9470057988
9279813614
8056119058
9555246149
9229174988
7366860900
8929111537
8409968643
9504228222
9973915082
8877883633
9304786138
8252813330
7254819803
7254822470
8860640733
6201028167
9672119898
7482932509
9798306372
9135149205
6299784079
8657568682
8986020610
9430951980
9313018130
9507539869
9355523090
9472148143
9354196784
9308560647
9612942489
9334518306
7903377391
8443026265
9546995776
9546293066
9934751834
6200826551
8092349030
9973745555
6299958138
7004865243
9939255130
8447090039
8877396631
7979860332
6114357830
9431271220
9262228333
9892841174
9431858960
8544207704
8264100981
8083849209
7481068602
6299471003
9852843917
6206335965
9334948275
9693604943
9771035702
7352092956
9122168471
7903671221
9289922712
8298661742
9162455029
9472689867
9507030355
6204523002
6289644211
6122233333
9910863960
7209711961
8789568094
8291973329
9507395333
8709492739
9386122718
9693573171
8709495758
8084241216
9942087157
9326940215
9931886065
6202562502
8797251031
7033263486
8409786886
7858955931
8210101223
9082702144
8291974185
7909046529
9334400556
7646048949
9135714040
9006606090
9060735479
9934658217
6122504045
8709688506
7827375347
9891652133
7634824056
7646003334
8271523368
8825239505
9334512030
9955347764
9835441250
8789923375
9590258605
9852548180
7004818903
7979741995
9852140795
9199441002
9513445980
9304780276
9308345004
8809688719
7033097829
8092352627
7979030399
6202611554
9113195569
9153267531
7991143183
8047642577
8076536378
9798090584
9470666466
9708205139
7004909614
8873609623
8037837548
9431241451
9431435902
9513446324
9768186411
8929111602
9523065824
7295970737
8291974034
9523172888
7557731082
9835494200
8879238021
8292424574
8002760502
9289922791
8873559342
7480057737
8210101436
9471454931
9771137513
9708350579
9288169651
8657568865
6272222076
8434826666
9619934108
7544060607
9572590255
7484875586
7079537790
9955777199
7004732788
8291972988
7091966998
7903753291
9513446341
6207490700
9334475188
9955555585
8789559692
8409480668
9334759525
7488805311
8804067732
9334165209
9135554000
7834963599
7070074836
9945608687
9304493585
9973350820
9113416937
8291973585
9296787356
7903031970
8882525151
6206334663
9122194521
9162443045
9955293948
7283050216
7004459889
9570535353
8863062158
9931167770
7903000290
9654161778
9304165515
8340136034
9470210620
8521542244
9508502105
9513445612
9507070946
7004735726
9234921558
7949213830
7256836548
9472923855
9934443007
8271010438
6202788534
6201993484
9334766760
9934654122
9973343993
9852606846
6275222224
9308993899
8789264079
9155057311
9523909033
7061075777
9955594369
7209114447
9905441266
8789133510
7320027661
9955555676
6201833667
9167238550
9431653080
9122804205
9205810100
9801084700
9661222455
9122930276
9513446577
9709941046
9801792207
8271353092
6200852717
9798999988
7277352542
7004435166
9431890143
9534868300
7835053865
9955732704
9167416882
6206657016
9325516832
7004252398
8651409270
7492976949
9534905428
7870117077
9117011928
7463860485
7779998883
9334836474
9241291123
9431032748
9990141929
9905878253
9472852131
7717777140
9372764709
7544914357
7320836982
9229234848
8271707549
9931073315
8409663255
7295077208
9934410611
9473354310
9199533111
9471283151
7292066552
7321090480
7322954009
9709090189
9162285292
8100855899
8700230443
7004175890
8271029770
7482042595
9548000088
9431415162
8210753557
9386162590
7004328831
8292915185
6204425971
7781815217
8271039382
8544210600
9430431190
8825323717
8291974210
9065901801
9798207255
9709709833
9835217615
9910192319
9934961656
9939927078
7004251112
8709819926
9241277675
9006004499
9430444765
8825113907
8294577177
9835043243
7254811555
8587836436
9931295474
9934229011
8544154455
9931044341
9572242528
9470857194
8210504421
9798106980
6201439358
6354718978
9122899170
7982973010
7631688271
6287065429
8544301002
9572271499
9631893705
9801030066
9631803627
8709822272
9289251941
9142620833
8709142841
9708256535
7992467573
7301170876
7011346578
9931309448
6153242066
9334267165
9304686339
9508533219
9934692875
9771711047
7463843106
9065008100
9334453558
6132313258
9334661805
7091300106
9308358511
8789800584
7949213884
7061630501
9135584684
9031006223
9939936136
9097800700
9122048797
7371061988
9835662532
9852630864
9458250428
8051279056
7061501016
7654038987
7870101971
8538937007
9104370833
8210095015
8227004447
9153342032
9619529926
9801355056
7762002103
9430085591
9905187051
7979025585
8340798479
9934092068
9700331111
9899226045
8809514264
7870408548
8340255561
9060948120
9798092345
8008890688
9334265955
9973994312
9155596583
9155511029
9430890693
7320083821
6122225411
9576930185
6232874384
9934057042
8744004437
9835970933
7280999373
8521352334
9334909048
6299547413
9852833282
9525010050
8804006538
9525885050
8757904969
8340712226
8409821589
9430000061
9570737433
9934984374
8929111536
9431091136
7870569905
9304415323
8936096869
9801755635
9031400553
9631429719
7320939658
9006485455
9315020763
7906114422
9771858729
7979734750
9264110363
9570506222
8406068772
6200978643
9801218786
9155733300
9899800575
9304022264
7835049589
7979805643
9931853022
8048170690
7549808771
7667049008
7631594768
8271293282
8809101000
9931093156
9430806140
7759026786
8809377936
9470407506
8603205052
9525203640
7001989026
9471424994
7004376098
9430881872
6209899035
7485090885
9264499211
9472423703
7033313565
9031365560
8210986905
9296066626
9572504524
9709704785
9334337871
9934888896
8252181948
9709769910
7717720229
9431461394
8210048391
9708011998
9576324245
9771523423
9113165838
8674940384
9304722456
7903071356
9771498806
8804577101
7546837549
8603064877
6201129428
9835068731
7840862199
9934284530
9931943004
6182232058
9661170049
8210611923
9097335327
9911345388
8789658474
6122350859
9304673290
9931846621
7250330790
7033066595
7779990946
9631324307
7992242294
7982702423
9634088041
7277380581
9905607591
9693252813
9102726858
8804500125
7903767004
7979948317
8540894472
9534002582
8507219786
9308063961
7541877494
6202525048
9279856143
9155731007
9570244352
9361236396
8581017502
8804778177
9934775300
7250363191
9288302223
6200040166
7667644121
9801027956
7258021625
9334357024
9471059168
9110956793
7210050006
7301073020
7645089706
9262768095
9122187326
9955662999
9934373229
8986084258
9334706796
7004191960
9711742579
9162831848
7808630231
8825381959
8797001672
9122000122
9137563900
9229039001
9279533203
9801232367
9430238770
7277041275
9801604466
9431289116
6184250035
7004178242
9631062910
9162972084
9631974007
9334258608
8252276573
7250404444
9931727513
7004255239
9006463503
9835794348
7739919594
8002563652
9801467996
7050758500
7488616379
8839348240
9353859029
9334691234
7256816518
8084040300
9241078438
7979902762
9431020732
8809575553
8709861227
9852009318
7361912872
7979059727
9097165014
8409560506
7277629203
8271769467
7947165296
9326823284
8340494504
7004742409
7004198163
9955410922
9939535100
9431616038
7277602111
9430474500
7291988857
9431428832
9472500961
9525279573
9006197484
8092907594
9006517230
9097002029
8210856533
9709301133
9334746185
9471679158
8509118815
8271695505
8051676576
9852550861
9973729191
9523061545
9835084704
6203236339
9060083633
9199441129
9852342063
7371875515
9931163195
7903867451
9097126368
9955231188
9355522958
9771550789
9709730557
6126714974
8002884215
9472933300
9097761563
9473210532
9835258859
8210489130
7717779824
9472899001
9798517807
6287555207
7543035282
9334782664
6207242254
8540050866
8235556982
7635064380
9334747292
8541035344
7903345559
8873333633
8527181655
9801112266
8969475191
8789316378
9472958003
8709363167
9431048339
9973609805
7979894347
7033987774
9241473523
9122743179
8289016010
8083900808
7667856751
7070567281
6201039870
9905825774
9709333300
9801635472
7260840493
8789351160
9472503631
7324802828
8083613146
8521009923
7739873442
9572116000
8294526074
7903614029
7277084780
9835850264
8092856942
9110996292
7488688875
9162329140
9990222379
8235278783
8434387423
9162414178
9334206762
9334047275
9931924970
9279261097
9122433000
8051180511
8581909536
7631176499
7903166139
9835830888
7596073942
6200826239
7835016667
9661946046
9398026501
9341933175
9931028601
8789895262
8083995920
9798378243
9065407330
9262616138
9608764749
9097922950
8044938976
8789795275
9334730111
9971364952
9835291073
6124077197
8071889601
8071889862
9708097552
8840081368
9334143034
6290257589
9472196287
9211414618
6262300031
6200277021
9854234785
8987120140
9471206155
7654513539
9508000803
9472213469
6299537629
9525803817
9334482624
7070707491
9508485266
7667915811
9708137546
9835237757
9135640606
8651636333
9931475249
9315954494
8210800754
9534818121
9934316401
9525951616
7485868733
8540945480
7050205271
9135707271
9931641678
9934792490
9934952335
9711337319
9431055914
6204863665
7463957539
9835673826
8849718589
9334709962
7982446186
9939545765
8789482590
9986788734
7079060265
9709010072
8252004471
9576131844
8340245271
7717761759
8002335360
8298384526
9934916547
9265082872
9534552551
9334196747
7050205820
9386453695
6205324271
9835449825
8800023546
6299803984
9431860600
8051668314
9955577666
9905822214
9709536555
7480094847
9525862677
7632064577
9934759847
9234466552
9873909552
9117941749
8521072019
9570000323
9031130732
8004914340
7282911001
8709835324
7779997575
8210680716
8651032163
9939735761
9939965891
7070111994
9818006909
9835279059
7761934697
9934682799
9431616551
8291022126
8797979808
9334010110
7979068659
9471616122
9934935428
9608265321
7903716177
9264492853
9748676097
7870838482
7903741501
9097188220
9508696686
9386744477
8809998475
9973956573
9128815851
9934485822
6253242511
9430688666
9069785295
9934070148
9560952012
9431684900
9334027722
6122672962
9523792274
9852220903
7050054902
9523167272
9431021096
8102651404
8210525588
9135854994
7294803020
8271330910
9973464695
9631411213
9899087003
9204789998
9334255685
6122230156
8603328412
9308210187
8825361442
8002806669
7070000694
9939325257
7782926844
9835260092
8071408386
9973475753
9097121209
9296824357
9128961001
6205023665
9334442401
7070894786
7903113610
7717700484
9931664425
7717720153
7277492305
9334202173
7654418702
9708071006
8920591358
7033679591
9430371118
7520592092
8210720036
7678631215
9771329507
8797111139
9934080808
9939369089
9835678553
8002541707
8002077236
7595923338
8862986278
9304804373
9508546969
9905805206
7700838586
7667427741
8084595681
7903316758
7050217826
7739306005
8235179184
9234568750
8340768262
9473360304
9709611005
9852071645
7004737505
8969227791
7050813544
9229734877
7079138350
9430488524
9110053946
9470837849
7061546323
9575999890
9498095892
7488076292
7739502777
9102815461
8969133101
8102976432
9334003999
9199212699
7324942884
8271064990
9065510679
8459251308
8210880423
7209532526
9899668573
9801202666
9117000110
9572918542
8438132561
7070992170
9873838917
9797338358
7070276432
9308190848
6454242577
7461891962
9771293690
9939758015
9798007696
8051563799
6206012490
7632038034
9955590189
8877990599
7319788306
9204552658
9006292726
9263220075
9117077289
9801333937
7870414703
9604712588
9102570070
9939231214
7295896775
9631015074
9110040601
7979843334
7050424564
7352727277
8757639959
8298604444
9771905666
8071406450
7281810630
7856947857
8071404532
9576375315
9911476731
7004298879
9319329339
7260868416
8271866366
9818332681
7479776780
9472373220
9934681106
7070903525
9122728888
9308883889
8117946750
7673814361
7352550220
9835892227
8877771149
6122262642
7992276136
9939573798
8291566813
9473013242
9135800892
9934138772
9934957724
8095267150
9798450390
8002626356
9708313708
8210649934
7250894899
6203487490
8409897881
7870215845
9334144232
9334948775
7903290902
6207246449
6204294207
9708770045
7739966788
9771684940
9471296937
9934260786
9835616165
6200761955
9031541367
7781929580
9955354442
6204255695
7541901653
9955135552
8046808803
7274930940
9097724395
7004682426
9304493635
8252488533
7004633492
9801655548
9470657522
7260060092
7368087584
8002615732
9162388642
7676266087
7635000303
8271632291
9199066523
9457988797
8507081786
8935874595
9162000150
9431870100
7654443125
9608072179
9798229246
9572597228
9934726709
8102377105
8298246519
8804365175
8789555928
9661011111
8789802915
9973735870
9501442828
7277466773
8809106140
8541909378
9576267619
9279074616
9619443282
9082711941
9430245555
7949213784
9939545294
8757323686
9572089539
9572607978
8969097005
7547021956
9709742072
9534285350
7061282879
9934078980
7070755534
7004172493
9534754004
9031129322
9122445795
9534252611
8001039139
7070070095
8420077645
7991167912
7488178062
9934491805
9931853468
9934141900
9122068461
9334211143
9334288533
8269505757
9934493286
8540976592
9288004312
7992251763
7717770897
9128884488
8076077830
9209300233
9905279742
9431040477
9771690350
7277285998
9308782500
9934675496
9507640675
8879921984
7808986227
8651240872
9631160764
9279999965
8114546029
9933363433
9608983178
6454244411
9973497420
7004482286
8340692424
9334337211
7707006024
9852215291
9576300472
9852292885
9430008761
9006408386
9771716161
8873355398
8045811661
7563971613
7479791734
9504136684
6201087842
6200565729
9234383464
9334158963
9334336014
8757969008
9798201359
6122206172
9386544005
9234205593
9572958015
9263989723
9234867213
8877415111
9431239676
7654381437
9470018832
9102004428
9430242490
7808752542
9523617499
9708888288
7644969339
9669411411
9234434077
6033853620
7070889444
9113484955
9334317396
9570373948
7766841943
7677201201
9934692970
8210459744
9835608877
9801047313
9304223282
6203780731
9334254234
9234877566
7462885939
9073641916
6202334101
9570449652
9534721851
7970888557
7627024231
6202508811
9341098270
8434810064
9304428291
9135119988
8069873863
9798986856
7003435554
9162598715
9264237222
8340228809
9113449982
6200760481
9835224962
8541893518
9835853681
9835219946
9771366185
7482897150
9570001113
9570007777
9304795769
9431280043
9771975443
9334731665
9990382050
6262847777
9334707718
9386802229
8252299808
8048069476
7319942747
9386253381
8271345803
7667004617
8826652056
7463076216
7273092737
8130690221
8252623992
8210739197
9525066749
9334114720
8539899799
9931699832
7717751703
9122707153
8521369945
7033116666
9128467333
9204775735
6207905950
9525223138
9431252215
9241197606
9289922172
9065768989
7004823190
9031618101
7667730825
9926900453
9504443888
9262999401
9263869416
9631395644
7870182583
8877666447
9153763916
8409408169
7209476096
9608689009
9117350529
6206958191
7766851303
9525531616
8409679998
7369852128
9304268207
7654496413
9153703019
7250238666
9122801555
9708622586
8877661781
9122940049
7942876702
8539998045
8226890301
8541827306
9504112266
9162475913
7903825700
9693753964
9167057908
9588159686
9304960164
9431050230
9905878589
9304820610
8936035195
9511240811
8271238686
9939700475
9430054961
8102379736
8877978760
9431605819
9135555151
8862888555
7033191347
9155398837
7541806035
6570475439
7230926996
8294567168
9955320999
9334158930
7909028429
7050943837
9738262330
8709047712
7782999491
9955724624
9031005991
9167496152
9931073462
7903741494
8044938954
7779956964
8210769683
7295876883
9717071726
7903303077
9135755830
9122366140
7004637985
7061905518
9934819735
7979880393
9934250083
6201397382
7631335444
8879129698
7759933444
9570833321
9708970680
9835654377
9798896675
7542915033
9572537242
9546349090
9801216698
8207664021
8044938921
8002780384
9934258936
9315572369
9135579700
9229316924
9546931393
6206386443
9135572530
6206606906
9262294847
8804684786
9065566366
9234628677
9572799464
8271997843
8292247080
9546392277
9431404536
9934695370
9708137640
9709519457
9304104094
9199031098
9798901056
9931015359
8210027925
9431053769
8507714780
8804922930
7323823647
8987210551
7314620767
7949213790
6126711207
9798545861
6201453016
7091490695
9852664145
7488688422
8292429958
8002966304
9431223286
8210916337
7050707087
9386795683
9891346268
9835429844
9507483205
7764942500
9031676786
7004897517
6122504745
8544477777
9608153410
9709700220
7061009844
9386732221
9931024755
6201570115
7277362661
9430524783
9955880092
7033027991
8037784134
9508239078
6205395069
7301414400
7488311990
9065387777
7281001038
8233753547
8294367023
7631045312
6206950883
9308568822
9955500880
8789500037
9931373063
7763080408
8292520220
9199761277
8815794076
8447191377
9769638625
9090626276
9304882768
7413907539
9334279375
7209652777
9507346272
9155487551
9472480100
8340322576
7004282221
9572295780
9470204080
9709311613
7947166813
9905608689
9031440058
8092183522
8294152625
8986983110
9431423189
8062914414
8102196024
7296079835
9340789150
9162662065
8757558223
7368969796
8051575667
9709945529
9334118060
9122220753
9625273437
8084542906
8507047055
9023062396
9955005117
9955601888
9304010727
9766499077
9431225387
7061311374
7717389642
9234065342
8873331829
9431292449
6203309251
8210931799
7739095476
9264447068
9341618234
9135667005
8409827172
9341508378
7258959760
9522555004
9102758331
9128479941
7543910475
6122672661
9123207148
9431081248
7091664545
9934927614
7463881864
7477242266
9334505999
7979078884
9631836718
9508402080
6202678780
6183222567
9129329375
8863839000
8073703463
9835093901
6207335487
7979736427
9955948475
9431446615
8084262437
8969172000
9334088892
7282994711
9015948861
9128444870
9661838430
9199346124
8809398664
9931923918
8541900695
9709152742
6114223077
7782818596
9521894423
7949213822
9471404252
8210758714
7004805005
9708172722
9955540475
8541955393
9973128046
9199098087
7903144730
8044938941
9905241127
8235689601
9308017781
6205267549
9431617038
7870788338
9110065965
7050044337
8757789060
8709093052
9771196699
9430210185
8084924834
8002625794
7033953843
7982661224
9771634687
7294191482
8409606737
9327678246
8789014446
7301515368
9304814681
9939059247
9955809037
8210469209
7273046969
9576809466
7903248170
7004737447
9546879423
9939099590
9661615786
9931218733
7004567670
7632084135
9334827350
8235571314
9113327534
8825162508
8825381397
9110191741
9473231456
9006962380
8210788310
9334231061
7061823283
8409436663
7322877217
9934890700
9234937452
7633846093
9504948485
7281001064
8789889790
9470650010
9942239922
7091483618
9430032992
8051333747
9572611626
9162734847
7030901161
7004937243
7260953558
8002057440
7739461460
9939480000
7903671058
7050241878
7546888696
9128712345
9534319426
7050825617
9135467175
8084873327
9264456410
8340553287
6201708842
9523606847
9835601831
9771392439
7004100406
8051677258
9931672157
7870984017
9973646464
6206184302
7779820900
9905466094
7779820701
9431289592
9430874430
8298867808
8340277259
9576072888
8071639256
7979820433
8986905393
9123440832
9693501229
9955426786
9525243170
9006122222
9334003537
7677464363
9304293799
9608874945
7979754335
9155352173
9771459378
8804327529
9262686999
7970979797
9835998274
9334109795
6126711209
9122793497
8235123350
9905479950
9931927300
8069156806
8294177060
9060894988
8757825029
9934249393
9570201009
7008622726
8809359533
9334444897
8862856522
9852287696
8603472559
7004187060
7324096237
9123134349
8540069354
9955591266
7977232219
9953682111
8271625211
9835654569
6205796743
8210128160
9334383636
6205833138
8709815131
7903056542
8292396825
9284557842
9122103330
7282038195
8285125792
9135908609
8044938916
8541966562
9529607164
8969947537
9631883800
7903336899
9546725083
9471916400
9570356623
8210177463
9939180180
8544616892
7677257537
9939695070
9835041809
9167831523
9801610582
9473454724
9031992211
8804085560
8809322992
7808008081
9955238611
8409186147
9934466746
9006519487
6206405292
8873319088
9135472654
9534380555
9470026488
7992264892
7309166425
8709102544
7033091113
9990665155
8084076786
9934808460
8045476003
8071325913
7488213346
8651130048
8809943098
8368143449
8789374479
9431266620
6475223712
8877831555
9431657022
7903378164
9431269753
7858903884
7949213914
8582038873
7004302622
7782880605
9771459288
8521907877
8603322281
9973658578
7557703333
9110177532
9113447277
9167409318
7004288633
9167076477
9097421239
9572090249
8873496662
9835650008
7485029788
9955117000
9934636487
7301784501
9431233016
9310505215
8651119975
7563071690
