7837222666
9022834900
9956012050
9930349384
9768709033
8080805915
8879979813
9326657245
7990473939
9029250227
9136745118
9699838398
7304135136
8454065990
7977164150
8419999138
9326257484
8045248100
7021711960
9970846767
9619680357
8767828184
9867096095
9137273838
9320008055
9004307595
9004998998
9167565675
9561050520
9819439878
9833463615
9326060336
8356955390
9222221265
9512341234
9321000507
9082807395
8169177520
9833601660
7290095802
9553073030
9819674832
9920545474
9137127733
9321320449
9867650091
9324935668
9000153980
8001217474
9867348165
8779045565
9821188325
7208239883
9619614200
8879909854
9820824822
9920003143
9372887526
9967693137
9820065626
8451869658
9167495445
9773697767
9769056073
9022486774
8169156382
8928089641
9992220763
7715971555
8850687739
9769112748
8452854777
9167539095
9920557806
8652143702
8002701950
9998497292
7875676252
9768772716
7045464718
8828010397
9019029029
9769354957
9158934318
9967913755
8097639013
8062916803
9820362982
9819975818
9082087611
9152004949
9152002004
9867412334
9892272816
9324516326
9892981714
9892115503
9324625627
9920038921
9920608010
9321330557
8793610885
9653131251
9167528552
8369201721
9702225152
9004090941
9833074070
9321983105
7666974557
8879994961
8047631628
9619817066
9768282501
9082907433
8046063910
9702414104
9930292537
9819704230
9594641772
8047547027
9833826647
9870006264
9859789444
9892200696
7045358508
9665567408
9867632715
9321288415
9920085309
9004060454
8104218859
9422212308
9322839035
9156180900
8983900282
8180819004
8698670111
9021322193
8600412888
7385409212
8087450505
9890906875
8796628269
9822269769
9999465257
8980845212
8237678474
7219795742
8582093759
8605865406
9112667914
8983500409
8484977200
7378989996
9822829431
9922261495
9022634413
9075474024
8275940972
7218065550
8446548961
9975214329
8048602961
9850985939
9922478652
9422035795
8390557332
7385637086
7378303558
9325793485
7507347777
9172616363
9011072655
9762170330
8208689283
9850111786
9921179175
9689888201
7769090813
9518965404
9637072588
7397980242
8500890123
9604568533
9860773212
8767477102
8042783377
8766697853
7770060908
9825087673
7021992300
9372523237
8689996996
9653299928
7745040057
8169459552
9980469883
9833368284
9320261511
9988994677
7385928948
8001088586
7744055531
9049731763
8806006552
9004336036
9822975901
9321059944
8485054552
7386568230
8048035006
7687860313
9321110066
9890730140
9763699900
9594220586
7588724944
9326743938
8169709884
8888772441
9922689225
9819570211
7666816882
8329115090
7798234598
7875294904
9823331155
9823744239
9673008748
9049395723
9204888018
7276015298
8795091295
7405308000
8237200888
8888861619
9082177034
9834672816
7040294514
9404118681
7276411414
9172402789
9664097074
9975360805
9011031395
9004043991
9326282125
8554997709
7875188286
9137429205
9637210996
9930329380
8888508109
7350321321
9820986629
8451876786
7738744023
9850800063
9819952683
9168661541
9881710061
9699240145
8691000085
7600100340
9769279303
9090809052
9769767474
7506522210
7715930813
7039111777
7045864712
9773455735
9004862670
9076824534
8879966440
7089154077
8286114600
9326115676
9867624369
9322673599
7304852159
9766622389
9930014730
9222997066
9673131333
9975833022
9137394778
7397958113
8104855903
8451820012
8450918790
9833392329
9975360548
9136488855
7030379215
9819132481
9833716071
9152676364
9867330421
7718901119
8879051606
8369549939
8657900860
9833099690
8652300965
8169194621
9076103325
8691916782
9167244619
9773788366
8071820133
9004344101
9421871421
8070676161
8097386318
7039785186
8976001191
9820130161
9004049390
8108036576
9930734324
8108872427
9967278477
8090020070
9322946978
9029746765
8605940276
8591177088
9820855667
7738541878
9820394409
9029805522
9920943438
9930119370
8928076705
9768011226
9833365369
9820068099
9323887882
9987734354
9029532556
8655228747
9969310989
9619482007
8108161305
9594068358
9594598959
9987333931
9619484168
9602331668
9920404359
8424020290
8879790825
9833058239
8850854241
9136501678
8046043312
9820124517
9152208080
9503333287
9833613327
9323166423
9967400003
9689451354
9819559035
9967639744
9322284599
7498981703
9920633891
8591295549
7720829444
7977698427
8356950628
8080225363
8108406610
9763196197
9930894895
9869831680
9820211269
8976500942
8369285199
8484098997
8369080480
9850015552
9356939466
9867388881
8108329445
7021609902
8879141176
8879685207
7666777390
9404999255
9870634815
9322413762
9969535428
9423584060
9869007312
9967115806
9821313600
8433842619
7045616744
9322379993
8698682222
8451934343
9769578243
8378998954
9619771158
9320505040
9606350000
7738584949
7721971097
7420920885
8097969157
9860305161
9920802651
9322130691
8149827086
8080565429
9172757053
9967693333
9892973721
9594534316
9821137594
9224410000
7400498525
9067902322
9920726955
7972480365
8655589422
9167270027
7977610883
7290092205
9421904476
9664742158
9967522424
9967797773
9594338584
9167679535
9920871905
9619953988
9822232985
9869602852
9137395718
7720961234
9820710499
9757352538
9850275015
9819533634
7290096076
9619147640
9158741205
9833089277
9323873157
7588072436
9820651717
9223373963
9921685888
9224259205
8828081057
9305401469
9987003674
8795200400
8652587603
7506716516
8975907907
8356865866
9766111207
9820416375
9702266662
8070609010
7559363032
8796274844
8922900168
9820728388
8268981631
9967821948
9833411532
9769762503
9022162449
9321986411
8291085053
9321390986
8788315640
8044953386
9220161411
9987044889
7400075943
9657178111
9561115497
9272222317
9607009507
9820545957
8467812345
9820600684
7900117893
9819029200
9762889672
9820935312
9619975076
7045572295
9769890420
8080237616
9820934934
7039021191
9987786287
9920289340
9372020354
8286131122
9867888271
7045835386
8907090704
8080808927
8369431208
9833953055
8828770202
7506471392
9967757915
7700901113
9545533461
7208540522
8879948999
9773686360
8828456779
8080488144
7742913755
8108036868
9987941202
9867909941
7506372987
9076307775
9322299099
7905365347
6126714911
9702424718
7674897701
8828276790
9324362304
7718963774
9819156003
8452988178
7506981210
9820426093
9619775141
8652224000
9588665568
9664897329
9468052228
9320073725
8104646651
9975404685
9869664658
9930437759
9921048148
8108730657
9930192705
8356946001
7350139444
9820044965
9821252911
9004199987
8686005151
7722005530
7277440011
8879741241
7815855555
9607001950
8484061252
8806090099
7738149129
8898940707
7517463846
9890210700
9930355384
6000260028
9931128892
8291111005
9768024760
8693006001
9820978071
9321622477
9326969962
8369637656
9821757571
9920401743
8657510882
7208567804
8928453087
8928889327
8268627890
8097969199
8850084755
8652726968
7900181234
9326069974
9167004856
9820320086
8001030260
9820658397
9324942145
7358444961
9322249216
9619633221
8591076335
8291934801
7875588899
8767876549
7977775825
9004566257
9930201201
9967339118
9819845070
8291054910
9920956325
9820020714
9820611667
9004552539
9890677006
8655973366
8530025134
7738740019
8356929194
9608634662
9594898888
9820009175
9820125836
8108662281
9773237359
9889889771
9967563885
9821521781
9930675524
8045815398
8070056777
9867867743
9892033486
9324604678
9869128640
8433730625
8605801807
8779849160
9819437758
9004480007
9769713539
7249640724
9637769105
9320842356
9820090968
8983223850
9922719117
9529000309
7058782520
9029284687
7007824024
7738461004
8796788720
7021408384
9689890296
9930788126
8433563929
7506321599
8655857606
9960082380
9833889336
7304790978
7038734715
9619162010
9324631919
9503838498
8976144102
7776858169
8655540372
9833900545
8048603729
8108901814
9137374252
8828141102
7276772464
8390895643
9773030888
9763831991
8071889621
7276119875
8302656234
8879049682
9702542747
9226220103
9322447570
7597477790
8369062827
9920641115
9137051322
7080672363
9416068110
7498041540
9867747779
8108525656
8828048803
7208568913
9004033102
9619773983
9323107644
9136641668
9833722508
9028362996
9152991731
9503282401
8233731642
7039640068
8087685647
9987209787
9545254242
8600141757
9936894526
9867217879
9833686042
9322057597
9930576937
8048964777
9870333205
9699791601
9137598143
9607002140
9819968648
9607848080
9819852494
9702861969
8087106042
9321080822
9834093644
8767072226
7021091434
8779773878
8693870004
9930557123
7678096887
8698893301
8291084881
8828963655
9607003340
8689966868
8898508644
8452005198
8530980555
9307909030
9822744058
9322834564
8001207066
8668786946
7276539538
9371028907
9371804300
8788538939
8087279615
8048250488
9822680782
9370145102
9423003944
9372222593
9890760696
8879885781
8888832485
9970198331
9604858282
9422525153
8796863350
9527254347
8591261746
9324341057
9833388803
8103777999
7719815333
9867775455
7350238873
9930611606
8591290571
9930154583
9920648428
9819858091
8097918482
8850500399
9820922356
9702145446
9869333007
9819413693
9820433247
9004161315
9221401413
9821768766
9833884140
7977956250
8767627124
9820999886
9870688130
9828244990
9920790011
9769381737
9167246768
9769664444
9920161493
8879764125
7045550100
8433959100
9167349950
9321594939
8520020027
9870201624
9820648138
8828034080
8424094321
9869769182
9322013575
7506565290
9136040507
9987502666
7796505050
8744910045
9619952722
7710027104
8104520004
9892349213
9222213191
8097727001
8043892668
9082353477
9892940305
9820157340
9702993984
8432701000
9773283587
9892080937
7208670534
9369398206
7715815809
8433555118
9757092220
8530470862
8800900009
9987207826
9987794974
9004879560
8369968861
9833156759
9810012345
9144465444
8879682863
9987162383
9967908921
9822910637
9324868580
8208907162
7666605362
9763823045
8804555533
9921957070
7385414979
7949121728
7722025566
9689421213
9405300249
8888592977
7219305466
8857819125
8308490817
7720056295
9096842561
8956777256
9819186318
7385818805
9607055959
9822272229
9552211222
9070004242
7756028685
9270371032
9130710902
9922512000
8600340286
8850832351
7021500700
9665351951
9769001749
9920757462
9867107803
7400256736
9004045169
9821025411
9870226161
9819562406
9833828919
8080806939
7021994264
8104683604
9136055575
9272645798
9820598747
9133561182
9139091031
9152012503
9320782000
8356892231
8080892888
8898982482
8070222333
8888007777
9920345658
7021956841
9503357739
9137730758
8080605001
9702935768
9892308876
9022270866
9819893278
8779781349
9321430495
9960194600
9967477530
9820475210
7498294308
9820303947
9322533838
8802444478
8983839985
9904770107
9823311036
8433519113
9867320011
9769713213
8928565452
9152093903
9225132218
7021844804
9767742070
7666153456
9768652418
9422094430
9011179396
7400239522
8080458617
7506355051
8097973463
9372775984
8291226595
9967989378
8237920570
9902599025
9324303386
9619429473
8828119625
9004638435
9270544486
8104233706
8652444441
7666618500
8097555522
8879299338
9833373406
9892608916
9987321686
9137561004
9820101311
8655735507
8048600491
9892035513
9833703382
9819972727
9833604097
8779179852
9923073303
9029458229
7039509932
9892771133
9702142252
7838943150
9820510178
8530470553
9833082162
8879186486
8451917407
8046065054
9833994402
9223456769
9892699937
7738358806
9320767070
7869495353
9819968125
9580481239
9833013640
9867683584
8048038631
9320544455
9922011033
8422021057
7248908644
7276649222
7028491495
9770747074
9689703939
9156882844
7076775050
8983748571
9881193784
8268460280
7666394404
8879575709
8888885869
7039666636
9359475006
8563998563
9657777666
7414980547
9158155510
8275668899
9226875581
9820528209
9403365873
9420891540
9158239191
9822689186
7721964931
7558257704
9766942512
8904009547
9960544150
9922669903
9975065223
9922562474
9404508181
7499622623
8329057994
9850794999
9284242723
9527207777
8766851213
9325821501
8065489949
9673181609
8668556838
9405857777
7083808380
9822066601
8087561674
9561609084
9673060100
9158211786
9850631257
9550005822
9850538709
8329791310
9403372480
9096745498
9011923034
8830196067
9696171758
9637901897
8007125064
8459846938
8446310117
7132234757
9607567933
7620812606
9960996008
9822368305
8003130026
9561302049
8055803416
9860155116
9890457373
9226543106
9764381092
9422161938
9225907613
9000073676
9440166607
8341627695
7396050658
9966308382
9550083888
9440282992
8944255499
9440105447
9966229367
8108138000
9908882911
8985485421
9848198449
9849127732
8501010727
9393111886
9550064791
8106306606
7824812121
9849199779
9885603618
7045457770
8074797081
9291244874
9705917333
8069867570
9298355575
6281901080
9441920401
9390399793
8639471172
8639922925
9000951310
9963498652
9908333000
8919617664
8071264861
9390488898
9640648999
9553550477
8333000555
9866049933
9248017375
9177986981
8071326901
7780705750
8002587555
8801722428
9885448768
7780205660
8069865888
9246401807
8309150295
7337333342
7416411901
8666993058
8861096126
9392111995
9030321047
8666632123
9490884577
8885513619
9247894177
9873567620
9248192471
9392034900
9182563503
8662574798
6300455025
8074771531
9966032786
9676427241
9966822871
9652124433
9912714786
9704505678
7550055551
9393779988
8919900394
9848246429
8662491044
7735282131
9866224405
8662433395
9342967344
8712232323
9246497262
9542066789
7842116103
9985837387
9885347440
9440001775
9441051206
9632561008
9618858303
7799095321
8328345004
8071408350
8247479969
7386006066
9980689218
8982342346
8037002687
8634059223
9848286408
7569197439
8143843716
8790496562
8019887926
9393023736
9032255571
7799357327
9873546782
9963392372
9849123299
9121345123
8465061964
9963122526
8037002387
9133338691
9133338692
9948265234
7993184643
7095429977
9704770379
9440210910
9866437141
9642612143
9949643219
9000980887
9014909010
7338117138
9491827704
9959964648
9885836045
9167984737
6281711405
8612377666
9989980815
9014932336
9849096647
9281438587
9440283217
8977918118
8125464938
9916027378
8019190319
9912475116
9399911099
8247498760
9177368284
9912200000
9121014232
9676999711
7799234567
9700071345
8071639210
8125586098
9704824156
9949252444
9949945071
9701694139
9177628278
9963014388
7842418136
9381557508
7995467054
9032643637
9392929223
9703560177
8341346134
9100389588
7093344200
8886679171
8005997800
6305716311
8121046777
9873568560
9959900814
7093405887
9550038885
9000886595
9441684279
8978915344
9986499853
9441782272
8655610773
9700271446
9160160192
7942811882
9703195540
9985345391
8500250505
8071629665
9866283786
9885839505
9840346985
9959894725
9441206986
9440846513
8688668099
9985042889
8328493040
9393979794
7019398570
8143685353
9966221286
9160774777
7702062456
9573461270
8069867572
9440250863
9885228950
9619086037
9429692121
7569015511
7671868003
8772251677
9966771121
9866868853
8977716851
9966129199
8071639207
8885336488
9866243104
9246350543
9866604616
8985674728
8428045537
9618138625
8639437411
9133642272
9505445555
8885412654
9347519536
9550113499
9963626567
9398079379
8500318226
7981893136
9491929210
9000988012
8328169150
9848087109
8046333629
9866546118
6300065986
9440205326
8099822487
9848984598
9966000798
9963191769
9494412466
9948369057
7674903083
8309800600
9873498534
8885322283
7842415527
9949074312
9966916700
8341236954
9381467382
9849794317
9397888799
9849905294
8048740473
8071640074
8019992800
9347149457
8328577669
9912864888
8309645014
6281831149
8037002434
9100566503
9177731139
9247832426
8639508222
9553011305
9445888336
9705676561
9542103111
8886989992
7774948777
9700236387
6281168697
9167076203
9440047081
8096657572
8069866711
9848152177
8518241234
7981493529
9985208077
9849599517
7386126234
7799368546
8328620921
8074414734
8096751369
9494414989
9493660909
9493536996
9848768351
9948151548
9494403737
8037907640
9440383269
9663415366
9032638173
9490615039
6309797477
8500773434
8897887885
9550122759
9000159651
7995607080
8499901653
9885250915
9949379737
9873498481
9505600402
9293789489
9885898203
9949202441
8518259004
6304903878
9247795546
7995099582
9703122432
7730831722
9966852286
9030709768
9167984835
8008002792
8037002541
8341723230
9289062307
9491186637
9459451991
9550550060
9133403039
9014116724
9440014617
7995182555
7039001496
8944255403
6301050436
8886443866
8041017532
7997923262
8562251214
9246941444
9866693615
9494509890
9440564635
7416390066
9100080102
9246642333
7288999999
8071889798
8657568649
9493449392
9246634589
7680803368
9246624406
8886841999
9963866664
8885557678
9533393738
9052360516
9247871397
8639909690
8500504333
9866869296
8121555503
9550299953
9701810326
9642418070
8922270799
8944252244
9951832346
9652010423
8008937637
7416173449
7995122234
9912568200
9247269900
6302741855
9948118782
9701490190
8376888888
8328446681
9985338955
9885655635
9281020919
9177854868
8501007511
9666788501
9441894258
7036338999
8497979185
9491947792
9248017126
7070080883
9448216228
9642079903
8002103311
9440073709
9133551082
8247253669
6302709901
8884375559
9393814182
9052779781
9059624943
9700683678
9963222340
9603058345
8179271359
8562244456
8985798523
9618126552
8520028580
7411781318
9866351153
9494582202
9949101106
9652765766
9440383214
8562456260
9703261888
9949990277
6302386028
8037002315
9160960012
7842707544
8106962752
6301174565
8041017538
9963505108
8879934386
9885046589
7304053032
9121141021
9885925758
9493023038
7904812147
8554319747
7901311123
9550171714
7416462317
9849981825
9441072882
9440073448
9110368918
9704209591
9849540079
7013502295
7013258506
8099822001
9505600430
8555969615
7386665666
9885552457
9966449628
8885552888
9703368890
9440951999
7942844896
7989233768
9577566999
9133338976
9292252880
9949758743
9642424299
9989554567
9293953266
9848398483
9393333665
9298112244
9533667666
9291341333
9392113293
9346226884
8048982832
9440535848
9581108999
9848788399
8297551818
9182872153
9581223311
8803232323
9704051420
9247505570
9948611116
9052597366
9063857857
9346840209
9866026648
8247048766
9966004406
9339338339
7330859003
9014453708
7893846301
9052523360
9849555848
9502681629
8897163840
9014998262
9160691000
6300678826
8951642257
9700241009
9912711043
8605005555
8522037680
9494365558
9398784262
9121212121
9989872073
9949630620
9030265187
9441511122
9441444991
7732007739
9177304599
8071640571
6301158488
8712929919
8106811171
8554470382
6281290822
9866062139
9246666211
7702775499
8041017608
9030478802
8374567323
9885365634
7997667111
9505777297
9154777773
9640969701
8554312331
9908591140
8554221314
9989319069
9182782870
9493504399
7416295942
7729080222
9010048930
8500051811
9885185617
9160672762
9440216388
9849360925
9000085868
8978265777
9000664439
8291094468
9948403625
8074176733
8074870109
6302849387
9014507363
9295708960
9704642560
8048968282
7331124249
7842811325
7942762702
8836662291
9581207550
8639634996
9440532918
8044939699
9676716340
8886657985
9963126567
8044939690
9059444559
9966437927
9989707906
7411781317
8639811195
7598074707
8578222240
7989975299
8578222494
9848117262
9908758148
9848365993
9553751507
7286869666
7893871997
9985130979
9391450660
9848497964
9390336339
9703519828
9440593938
9169849999
9391364250
9849563496
9848392609
9704346123
9494046530
9701606471
9494229192
9493767680
9502759549
7093327534
7337555896
8099927877
7947479761
9014206868
9989816229
7702730242
9849029273
9908232129
8639498197
9666618459
9948533395
9392436480
8639044990
9550814224
9121179864
9246589252
9246464641
9360779999
9873573220
8977211242
9440363487
8499985152
7207202170
7075176974
8005995555
7993527535
9177145424
9391996060
8688603428
9121811233
9133004444
7285919381
9550240828
9966227622
8179653458
9885773633
9030985551
8247298018
9885747552
9493524718
9440352185
9392653750
8978812640
7730020387
9440255545
9032902468
8885645550
9949767383
8291093658
9440455087
9110715599
8686611666
9440936999
9553792299
9000162206
8019993450
7331122985
9000624429
9035054467
7330834446
9848535481
9989070554
8846667666
9441274374
8500121003
9030989690
8037907619
8071889672
9553469215
7396804004
8978380437
9951587060
9666968665
9025424477
9490853348
9936784588
9704021188
9885680280
8008663335
8019459855
8885401242
8121934811
9652545426
9494652523
9885444523
8612345444
8686764964
7306111133
8885805500
7780126778
9873560825
9000992991
9581117722
7382926465
9246466266
9848388175
9966637552
8842955295
9550455757
9676595999
8008877299
7207244404
7893961550
8500651117
9848848625
8500057116
9136935555
9398419494
9848802082
9391254958
9030281221
9640707387
9014908165
7093565754
9182779142
8044939684
8497933999
9985023838
8886222869
8505937171
6369706147
9030303111
8977441997
9440094362
9440447020
7601095976
7893904599
8367585797
9515342222
8612330462
9618222233
9848154861
7013848282
9704555177
8885588256
8639776677
8812235057
8612320645
9666373132
9491708833
9951333296
8688072281
8048740435
9700878092
9052206830
9845577591
8897201851
9951671969
9390598091
9440953794
9849493392
9908890513
9505129999
9849393848
7702443270
9381776416
9848473884
8179771242
6309666789
7416831816
8341733606
9848065131
7241122333
8367053765
7659015999
8806666888
9866644425
9652966144
9566271994
8656236789
8688425875
9701034803
9652405547
9848518532
8037016328
9848894899
9492340919
9885198001
8008577333
8812222468
9573760879
8812234977
9704779640
9848335659
9032660333
9397684691
7337441951
7989714518
8776679999
9290208344
9553316799
9959384684
8662570005
8071889801
7993661399
7207505370
9666066973
9392973265
8247745344
9848607110
8019244255
9989772558
9100455666
9966600050
8836662944
8812241848
9700414116
9704450408
9848536633
8885500669
9066373163
9505130953
9908466099
9490677131
9398311004
9533799933
9856525999
9393626989
9182894285
9966062884
7207267226
9133895969
9963670555
9493990837
8978192347
8143119677
9908379577
9553320446
7207733335
9177723335
9393769996
9441109327
8096903000
8885757155
7995678997
9908401192
9122721098
8919680708
9490003311
9989575290
9603999039
9701037176
7328912345
9989343866
6303077504
9848688593
9963172828
8686858126
9059329121
9167071738
9502212283
7036091744
9247681652
8367217327
7013609740
9494404318
8688782900
9908327126
8985691818
7893764524
8688194881
7981298221
8552250444
7942845837
7070569742
9133448419
9666692349
8886657987
9885582512
9866252014
9949107184
9248641777
7893160714
8985089224
8247514148
9731103515
8500362936
9700700909
9603155999
9666831220
7807702595
9985179917
9393600103
9177441933
9659625555
8019773771
6304165312
9989514282
9440511287
8885322888
9292157157
8130302708
9248389577
9666466795
8121434696
9121093621
8143999680
9948796579
7552658822
9989492409
8309107736
7602224449
9985558488
8071639209
9959460778
8518442525
9848599242
7416162763
9030406787
8074933765
7382289902
9951133784
9849350328
6303683142
7330722338
8333848666
9182045083
9581378999
8790768865
7013819342
8106724151
9873570193
8552200421
9533371797
9948381517
8247572758
9441005963
9440813381
6304051793
8897945452
9000670746
8590076831
8495252029
9491118786
9000954108
9491460606
9885332911
9160033309
9912121290
8121288008
9490348969
9885307787
8506063948
8885665780
7659927777
8048740441
9885812827
8686083408
7075425750
9059465655
9121634576
9391510414
9440569106
9160829786
8886657991
7569680826
8037394929
8037002469
7337338251
9246596777
9505004844
9182351795
9790331299
9000372695
8500140841
9740737943
8897708567
9154793851
9440729131
6300968941
9597835978
8048740464
8015898780
9154540792
8812251227
8008200620
9111442294
7204667968
9032949939
8071639216
9866965385
7013373600
9866944516
9948152365
9550500999
9966875037
9908869896
9848377522
9652395356
6300273806
7386045091
9010708064
8885757199
7993062971
8886663002
7569944444
9515355831
9000422205
9000222312
8309146032
9014330381
9347314037
9704414300
8125343499
9599819940
8790208608
8071889667
9848012326
9908819442
9959989891
9052552023
9952352985
9247277353
9606979366
9885091189
9642490425
9490033067
9573686633
8985336905
9281477765
8074669618
6301113940
9290028915
7382237855
9110734815
9063387665
9618492630
9989033822
8106298563
7680841444
6302625835
9490345399
9581977999
8048740439
7702499666
9248886789
9441800687
8008340800
9052026999
9666167495
9490706666
7013530004
8816235314
9866536225
9052332555
9959345624
9989394981
9441323760
6281207934
8929293017
7989134235
9391392872
9440312562
9000934897
9000999740
8106606551
9959112400
9010509747
9963095103
9866937169
9849979140
8500764058
8686393619
8333899696
9885073717
7799768855
9701944279
8048740461
8816234511
9440183836
7288877300
9701461152
8019457468
9888422245
9676664177
6363459473
8374890057
9944878985
8309045672
8686120023
9492621961
7207067026
9701554245
8041017551
9440017711
9652330777
9676478710
8500900119
8088553031
9966691011
9924577556
6309554319
9440188135
7702997929
9848218760
9347812380
9705722858
8977702611
9441723977
8578220330
6300804190
9797976333
7799787474
9441616189
8328020155
9133059659
9885418899
9646856666
8639012555
8142565113
9398145057
9849995302
9533221135
9492491919
8048740477
9949164777
9700650603
8801555549
8106488683
9963356777
6303332380
9705556669
7039001492
9866143194
7386890121
9849520278
9885113599
7989211216
9154824543
8143240751
7013748688
8985916999
8879896089
8688953118
6303908889
9618316776
9989598989
9912908405
9849131146
9246651499
9440550230
9440793339
9553093399
8897240055
9700615003
8143500779
8978315222
9581561309
9032367951
8008945278
9985551697
8008332233
8879654556
9515250201
9848274128
8099480995
9390611285
9440177618
9885348743
8790759727
9849822423
9912679767
9701332707
9640012828
9603752777
8008159333
9133877777
9550033111
8688312772
6300421102
8220035985
9182754598
8886760888
9490767804
9110791343
8099423456
9111408111
9848350671
9247400253
7845593985
9177959585
9948553326
9652525353
9059745600
7032412479
9642113333
9010855614
6302336167
9491850018
8047027148
9346866608
9160177888
9390247084
9440193810
9848075759
9032195959
9666136683
9704788061
9121192999
9440674755
7386762887
8500066550
7708414857
8046512443
7013928737
9849639697
9492524164
9299999564
9246845554
8977768131
9849156644
8842362341
8657568516
9440677896
9642440652
9550732628
8977760871
9848302444
9618049444
8367478131
9948925267
9848160445
8008577338
8922232653
9100027741
9912917877
8922222916
8842302266
9490544693
9553389090
6303958078
7075552666
9010236226
8374493331
9581095590
9291233360
9640550964
9397032686
9063840667
9246675588
9848986703
8047027179
9440620575
8041017577
9866176556
9396969998
9494086655
8500577733
7416450555
9615211234
9513445580
8922272676
7305040985
8099734567
9703792889
8662436344
8037002778
9705870707
9856123777
7601084532
9100759100
9848965645
9705036803
9010738234
9502645080
8814224158
9666009199
7569408602
9666744444
8099926669
8121812391
9393608760
8985987333
9602426294
8882206944
9573873648
9849465863
9381621521
8143424012
8048073992
9848157991
9866867082
7205818999
7207781699
9059412576
8333830345
7610666999
8330906565
8106441011
9440337314
8096796444
9441772389
9542678910
9951528883
7989292158
8886092405
9885285880
9642936586
9848124056
9848299828
6301019626
9912341209
7942725983
9652896768
9885512932
9738885999
9393940509
9052773409
8592280429
9888827222
9908846096
7396462103
7780516563
9440128603
9440599979
9866399418
9912989435
9866281394
9133756808
8309695575
9000824066
9393979776
9032326167
9581693353
7993117767
8309019198
8143753787
9490322710
8071729854
9347548671
9347471547
8251825179
7780776788
9676395331
8643450515
7330701116
9550057096
8602331234
9885539355
9121318989
9440856312
8333924937
9542455552
9963706382
8985343593
9949455705
9966322000
6281101486
8978478474
9989873783
9290523234
9603633359
8688879267
9866025061
8885366606
9951505854
9505099881
9395366811
9866041388
8341082943
8297551898
9182023295
9182554967
9966724316
9059209171
9346800524
9440930949
9618138383
8592233995
9000878808
9885247800
6303173892
8340821777
8688328102
9441326697
8106666295
9885366766
7981186390
9381249069
7893443204
8985113766
9912690226
9347966765
9885955858
6302679858
7815967016
9704570045
9494582434
9949419823
9491860614
9493194119
9490810760
9052215855
9848586242
8374009550
9701719596
7382069427
8559222613
9493757552
9742993339
9440984143
9014362298
8074952744
6366952275
9949375590
8374390072
8125922009
9704936508
9866104972
9618889486
9515300345
8572227629
7330878301
8919224640
9640139027
9491434488
9985528063
8074459269
9742292427
9966654555
8125498396
7995410806
8819223277
9052913157
9949796300
8885776707
9849251001
9346866899
9666899023
8814222560
8814224146
9440532123
9059141814
8978321582
9949807073
9652448229
9703966047
9441870554
9000082876
7013610371
9652049929
9849330112
9640269355
9618923772
9381388933
9908511375
9885214306
9394211212
9600253985
7989301636
9000410010
7075663333
9885441319
9299995262
9618363347
9502220225
7039002884
7013204964
8674293467
7702893460
9573374412
9581861451
9014793999
7396021413
9703830515
9248017368
9346993739
8037518672
7075490539
9440369214
9849532661
9515769973
8044939703
9676119432
8672223778
8672225567
9110733948
9059668832
8121928775
8667321145
9701194585
9133617424
9032238487
9246464612
9010362836
7842305444
7729962346
9703184183
9949896938
8790636439
9640888999
8886428888
9646191111
9989917996
7013417139
9849391704
7396963753
9246936378
9247234364
9985321513
9440948383
9989372797
8624221515
9118001601
8367762563
8977175787
9100320329
9133828285
9363425147
9701859735
9392179121
9550845677
8247205257
9908989123
9000747886
9492962777
9494944947
9959017344
9494663307
8497940889
9885327453
9579799844
9705903186
7671899325
9010055097
8328657414
8179846276
8185832245
9440786593
7981494981
9440322695
9966021407
9640996511
8688912356
8790018483
9703642520
7799888117
9100166665
8520888320
9652507074
9381259534
9553451720
9848675156
9490143214
7039002041
9948677338
9949307073
9142143777
9963177489
9600310985
9167042590
8819222889
9949992237
8106607348
9398561757
9885541120
8333830999
9985023900
8947231084
9502703218
7396718004
6300630210
9182828321
9701434153
7989542620
8143391443
9849081881
9908363651
9502252209
8919716836
6377036979
7200786985
8071889804
8341617220
9894574539
9347918538
9676758288
9949995378
9182756994
7780596855
9959225681
7659871177
9381250230
9866135112
8647223032
9739454877
9703658888
8897651007
9553318786
7396479275
9573180272
7997777078
8125262167
9618669212
9573573517
9390500175
8885229127
6302255655
8121555123
9494243113
8044939695
8010161016
8963221555
9550797747
9966446481
8686668020
9948438828
8816224690
9866717243
8247548707
9177334297
9110768775
8552226060
9866495368
9985560848
9059602055
9948064325
9701356694
9247829946
9652876555
9118979118
7416348124
9032910075
8639011341
9652693122
8121490507
9848596900
9502986879
9492468314
7386230283
8106747488
8608933333
9908718454
6301125328
8978699883
8071655459
9849862852
7039003284
8008891049
9148063856
7493901222
8897698255
8037518315
9290045366
9966594717
8712183828
8143161837
7331113075
9959225646
9492816375
9542947456
9666566846
9505000867
7348842595
9246456400
7702525357
9505047927
7075557143
9885595973
8512255474
8886713739
9440320558
9398342107
9885262888
9849411416
8626250955
9866970966
8074083545
9542649480
8556796139
9384042985
6382531147
8556356526
9440622008
9858880999
7947479814
8498801805
9505620301
8333909192
9505316689
9440224521
7702267242
9440514177
9398218382
8639915889
7893483733
8886661398
9032202028
9000314631
9553023220
9886851517
9959954280
6302414917
9218169238
8919936050
9866572070
7780229292
9440937760
9542316164
8247827673
7989655074
9705143926
8355891286
9581432456
8556228211
7993551562
9142525444
9989814400
9849685165
9959018835
9849658999
9676005009
9959326999
9848084890
8067510312
9885867426
9908535303
8247561319
7386161094
9989301085
9014525451
9440221810
8071889933
9440392760
9966805825
9948020830
8309888153
8978067025
7893092057
9052836262
8074931299
9441412796
9908599850
7845559985
9000055109
9440243730
9705822111
9848780890
6309493068
7382226096
9989929419
7995346477
9492806125
9848666385
8179028582
8328196137
9966587402
9606533976
8074566326
8185994662
6309161663
9963389760
9550083266
9010779595
8922228730
7942553159
9985272079
7396980626
9985054939
8564258588
9966241431
8977111723
9959588647
7013082026
8688370173
9030431599
9701800600
8985748946
9398628722
9524242090
7013345167
8571222303
9885946459
8904203351
9704862977
8571222677
9538565603
9849022963
8106486700
9620220706
8071640357
9247883179
9490976181
8143117108
9700927660
9482803070
7207263612
9550585823
7981879267
9440062220
8688060337
8571226005
9652334474
9491984106
9100190021
9908913347
8041017562
8041017563
9063407023
9247292665
9492289238
9951544861
8883622888
9972893335
8282824138
7993242003
8801066512
8071629553
9701213342
9052656699
9441241146
8125555912
9063733386
9440725575
9966462550
9848450226
8142062091
8247200325
8688988283
8977920953
9059595209
9966969997
9091244244
9398116652
9866147342
9912263751
9399388199
8886391222
9440226610
8885500446
8564458697
7893887729
9866959910
9980147668
9515195339
9396966007
9390722465
9652879608
9951539501
9052522448
9000996116
9052166700
8512231129
8512222123
9346202610
9885875385
8341081284
9624512525
9010866928
9577957723
8041017610
7013377500
9772093035
9951703469
9700441458
9676016667
9866481670
9676237683
9642422192
7799088003
7981857999
9908155573
7090801909
9440219680
7013638096
9849256724
8309505114
9959120471
7382777098
9247008884
8330910212
8643220564
9182707630
8907978888
8041017554
9533310817
7674960828
9493476563
9505663880
9866711368
7386942431
8712126853
9347080100
9849586844
9533952026
8686633333
9989097747
7418849737
9912324533
9603810838
8328046081
8667528147
8555949187
9849189416
9989672035
9849206059
9705303355
9959618052
9849752607
8686406775
7032379946
9700040143
7013667470
7732024776
9885841233
7036043221
9089123123
9963111385
8886657992
8800119365
9705000555
8778963822
9963877778
9848188802
8819224553
9848611502
9848352518
9701264228
8985338028
9666688805
9398534050
9966745574
7306006460
8309024760
9052861888
9440251581
9248017335
9959849384
8870303252
7075732868
9959225647
9705443324
9666505384
9052129887
9502880954
9347039421
9133309210
9949761356
9059056228
9866781218
8919719159
9491394222
9866444787
9642527512
9642326742
7207760921
7942813713
7942845842
8008685531
7780755903
9440361900
8512293131
7013033190
9703482123
9866940551
9440223101
9490540094
9440764284
9182385123
7337557446
8125292821
8019336049
9849581931
7801034577
8712786967
9959428186
9949898008
7569225301
9247217171
7032610432
9848180250
9573765765
9030533371
9640915593
7013070030
8186073359
9490602828
9550966990
9989585622
7396827447
7989416663
9010226161
7981983850
8514241916
9391810811
9848558739
9866557494
9989451388
9182354588
9182360301
7075935657
9490046388
8978819835
9063507777
8816238319
9985632101
8074844118
9154500080
9908611991
9392099836
8816233779
9704928230
9885778884
9440231484
8596222444
8048740433
9346683957
9392553149
9513445079
9010085075
6305960582
7270004222
7013624943
8816257333
9440920818
9346993714
7678007943
9581868186
9866692771
9440444509
8341342545
9100513777
9866887271
9866795505
7039001986
8816233822
9640044777
8578200333
8045950120
8897240687
8885666418
7799898869
8074458223
8886957572
8062913286
9985757057
9133222116
9542563661
9030919111
9346954724
9030044668
9849328888
9963044483
8814220052
9666447331
9848146793
9490778565
8041017595
8816295777
8919618578
8816239901
7989783773
7204890300
9494345468
9959877577
7981436563
9515126673
7013507361
9000819498
8854255823
9121877622
7989002400
9063664333
9059957033
7942954007
9440993469
8179596398
9505686253
9700866823
7660943077
9440740559
7671836769
7815960768
8333877792
9848139042
9866024924
9133828470
9440208960
8185965727
8185857685
8030691000
9966988518
9985011620
9741163838
9032355339
9346856118
7799465657
9502277519
9440423368
9550393231
9989350777
9666875786
9177566525
8674244544
9346914485
8143144555
9246776889
9848956585
9052533345
9118001234
7093603086
9299999877
8790949991
7799537070
8885119971
9010015400
8885232552
9849123070
9492814545
8814220444
8004254141
9440467729
8096298935
7599999990
8309846581
9966926260
9866027873
6281150577
9398898170
9989112434
9849864844
9704961028
9391133716
9966537437
9490175942
9346515155
7777875577
8309278206
9533351607
7288999567
7989943393
9030252905
9701044026
8801888704
9848047201
9246783700
9989232259
9652954295
9848412067
7842138140
9848045325
7981075683
9848478011
9966226564
9441151188
9652896967
9849259276
9951323031
7396647111
9640252025
9676300111
9966753468
9177232224
9492874646
9849254708
8309246789
7993894938
7337481818
9866664755
8019469452
8925593985
9888677775
9985666459
8885108501
8919165829
8309182156
9848112879
7217797548
7207201819
9908554066
9502095007
9347226265
6303244789
7997993407
8037014087
9849287798
9666061397
9010470667
7207282828
8886832030
9885021403
9355010316
9966400020
8885822280
8885562333
7337408241
6303737288
9440745001
9502528121
9440216901
8870664851
9392546044
9866826900
9951499510
9700535555
8895418852
8374412001
9866791078
7032501666
8945241094
9669578999
9494741463
7013841990
7075176485
9492792792
9177783944
9182248509
9848434443
9666867796
9154682715
9459924444
8002581800
9440740837
7382283370
7680810239
8978117380
8008575292
9849894220
9963225338
8143361885
9319371038
9030723200
9177243299
8688313641
7330811320
6305701665
9666311663
8500569099
7569019916
9676746753
8886553017
9347073935
9848223913
9000314933
9290100149
9701288229
8505866422
8041017550
7893534260
9666566650
8297549555
9951134622
9848123669
9393184487
9705770255
8074989146
8814228586
9949229336
9849625143
7337338059
7207027000
8341137716
9247452865
9160273633
9912931250
7200227985
8879194803
8071264836
8187003525
7729071038
8647256832
9703114507
7207353493
9492279422
9440984984
9989777662
9000575938
9177113052
7013443395
8977647009
9296108665
9700607143
9346441976
8121813140
9849627791
7032699328
9290439927
9397876970
7288991599
9849052930
9704475316
8121904562
8008878038
9441117278
9989758486
8500890225
9603156754
9640368191
9160915366
9849424218
7337555902
9505226123
8978737873
8074708162
8328182690
7032313546
9885780809
9010157999
9676314940
9553703737
9985052659
9849263883
8814210444
8814222221
8947231425
9866128363
9642881418
8885111789
8041017605
9966802709
8096181205
9494085959
9502254822
8143199406
7799889333
9291339133
8142244255
7396132748
7337555237
9908957143
7794993530
8041017596
9493212655
9100991708
9866347483
7093907762
9110399437
9989993055
7942845880
8010622622
8090905900
9493137318
9666517507
9966611337
7671035679
9494405688
9014700637
8068935614
9989379777
9736919191
8297079555
8019121297
8977575977
9010274460
9866457041
9247708799
7995659999
8626241144
7036155488
9573386005
9247125746
9985608857
6302832726
9966682677
9492772772
8008029399
9581116558
8855232084
6380754841
9848480679
9177194589
9491212222
9100656371
9989215656
9000033143
7799973338
8885694930
8929333993
7095245851
7013894678
7893444111
9014551298
9553366066
9393979269
8978431114
9441119897
9347186110
8185818147
8142594889
8790269996
7989454897
7997004332
9849589165
6305601091
9581818143
9483849658
9982407407
9014848533
9949500070
9866411194
8919280402
8074055285
8885886455
9440349333
9000296148
6302839852
7799304202
9440292440
7013134001
9442329734
9949666735
9866422613
9246629129
7549997999
7416498434
7386301676
7780174149
9100633677
7416495269
9885012999
9949395915
9866866125
9703335786
9490518931
7386465465
8688618982
7672016211
9440917639
9392329618
7780576290
9266767323
7396518259
7794064939
8008120104
9908627724
9032828585
8330990551
8019757452
9246157358
8498833663
9711737738
8790944311
9952625459
9666672229
9248015550
8662577279
9177337837
9394858999
9866226652
9121213301
9154224117
8466933777
8047630574
9550395522
9030080296
9000079298
8778387443
9100703226
9052515515
9398837265
9030239622
8790571220
9014331333
9866928651
9985656599
8019977441
7013280310
9110568578
9908162069
9848249527
9908965365
7799499849
7799786912
9440474747
7989174160
9885199977
9502504602
9440013128
9440571818
9704733417
9133885433
8317602465
8341924145
9177267450
9000878588
9985148616
9502774315
9150175985
9440249087
8041295616
9431333999
8071326890
7013364594
8019300611
7674985356
9885258585
9398234647
9966628888
8812237664
8812220550
8499966490
9849546805
9441332999
9949749744
8855232180
9985689999
9849812177
9059050175
9949565275
7997747999
8688888843
9490839105
9100042430
9703713758
8500222480
8977484847
9440919276
9966977879
8333855550
9959596391
7036512365
9848128498
9581477944
9959517774
8008590559
9133210563
9885133663
9866155645
9959111936
9177416037
8886149777
9154912446
9290578781
9490202008
9955524433
9491508001
7875213794
9440736689
9652793529
9291112237
9966031000
9505000916
7661929353
7780751363
9000858915
9030530933
9550507517
9980766014
9553061872
9787630216
9989759516
9440281877
8977538936
9573621690
9705006699
8512228248
8004107711
8814222567
7995231113
8328275779
9603333339
9849267559
9989429662
8985938654
9000410075
9885622563
8945243288
8712375131
9110343543
9182766448
7981832783
8106090807
8945294469
9573320921
9030473526
9440556725
9160201110
9743424588
8945241111
6382546147
6281530233
9440829644
9959706978
9246299930
7416341615
9290813666
9381663926
8903186783
7386517704
9666432375
7207955655
9326719291
9290527835
9052221002
9848064567
9100034433
8121906301
9581435362
8919366322
9966537207
9603432766
9848182086
7299667892
9989855342
9550612526
9010208571
8978853330
9701707087
7799009925
9963623988
8125552129
9700508030
9985299123
9949619305
8555077491
8069248288
8978585787
8019808294
9542092555
7095123892
8499874630
6281610669
9347330267
7306060240
9491981236
9030131342
9989425028
9885209795
7780316465
8555083499
7601054075
9849847517
8247434545
7997041832
7032164353
9010547597
8886272999
9704949199
8500850373
9963180069
9866026306
9246433363
8919295778
7702875958
9133177316
9959944464
8558224883
9705790579
9030553072
9989492741
9247464371
9885381306
8309214447
9885275722
9700335675
9290003410
9490644018
9585063602
9703293003
7893498808
9393665656
9032445186
6302101505
9849574660
9063677277
7672096861
8712357999
9052617192
9347314007
9949814812
9000714376
8374649811
7799413274
9666004143
9866155909
8641234589
7386699058
7899903514
9666388854
8712172375
8185883377
8374324948
9000628275
9963869652
7674919986
9949646757
9581142315
9949014446
9703839370
8008840982
9581956898
8988878681
9849519952
9346185251
9948899227
7780353541
9299951234
9989898089
8885782551
9441361168
9908805333
8919253015
6281906647
9642108849
9440949316
8185062434
8919022245
9866022774
9063163555
9949610502
9701896780
9885600280
8625256092
9160753202
7659959533
8985678493
9951181367
9640735732
7801019492
9246617816
9848678831
9032871954
9989508850
9032437100
9398176499
9885883108
9985980451
9948163007
9866022212
6303362759
9182908187
8648226226
6281093803
9010727793
9133712019
8555976776
9849652502
8686703060
9247760017
6126727980
9182720815
9490780081
9014116070
9581052989
9704490160
9949097049
9505154650
9347566388
9963817089
9014723980
9390320779
9985388651
9000668833
9246670187
9866852285
9966881293
7411781300
9100688595
7893916009
9640116138
7358465199
8886077683
9701116029
8099281872
9885885393
9010086189
7382971128
9014349307
9160997383
9160915473
9397199599
7013894730
9705287004
9440740293
9441983476
9908206477
9440244453
9849226929
9440776228
9347739300
8099354700
9703302126
8512250705
9294009007
7013240359
7901404999
9014278088
7330673933
9908010614
9110516353
9182430789
8465033350
8071408352
9290045157
9963813631
9642723753
7337771311
8886546446
9100510101
9133858042
9989028685
9177470404
9989980097
7288961135
8367716948
9985111811
9299257975
8662572286
8044939685
9524777779
9121055696
7306991999
8125368313
9959699988
8186859565
9955336623
9515063344
9553488008
7207755382
9502324013
9966332319
8309033293
6361869206
9000656514
7386974794
9866582013
8500706364
9985243774
9391427748
9640403040
8297927777
9568666888
8818229224
9030278393
9666644404
9392996700
9052059171
9603565222
9966067765
8340889417
9494555447
8818221381
9440146559
8121252047
9246477666
8818221680
9848087600
9110515051
7981230440
9030200445
9440474678
9966946777
8121463074
8818224008
9493555253
9100510016
9666566662
9885970273
8044939687
9502438444
9849492726
9848382088
9441906786
8942228699
7075732018
9513184489
9133266251
9786589147
8886657980
8942227785
9963891485
9440319600
9247127639
9154815184
9948024522
9849553774
9059793834
9246679184
8374945079
8885801416
9703522111
9848193765
9000573434
9949634902
7569391151
8897678788
9347738778
6300565814
8641232827
9581373939
9885404349
9618199259
9490402103
9494769091
8814228930
9122577777
7989264025
8037762169
8814224710
9948599546
9676608284
8977552424
9182837690
9866369165
9082714158
9966676231
8559221966
9391733603
8143722201
7382050777
7901550099
9000450300
8596222009
6301851911
9391417596
9948881831
8050560432
8674240070
9441849142
9398226611
8019391006
9121149449
9032636174
9985239590
8499902277
9177010203
8519904584
8463993222
9440921318
7995105226
9440688252
9044337799
8855231993
9032290433
9848085277
9666155566
8374317432
9121069561
9347023002
9490479723
9959679790
6309153641
8500006311
8367365158
8500234580
9059023089
9441022880
9490381943
8978822467
9347736379
9577433888
8645232377
9390567131
8186003132
9700670090
8184849292
9440374982
8818225433
8919052496
8976018798
8333984333
9849047847
9000097275
8309105117
8501082486
9505650873
9866304703
8096498958
9381277745
9177444644
8374142652
9701413832
9948146556
9848097603
9985802043
9989244887
8309155130
9069000444
7989739278
9866180980
8500354107
9741140141
9108410651
8505867671
9985648143
9493949870
9440823880
9441652959
8571220977
9704534048
9642889385
7901230678
9440527339
9581009209
9618316647
9032193112
9666222783
9849135850
7997756254
9989074189
9652477927
9440255328
6300950445
9490391553
9182305419
9440583150
8596223400
9347024735
9849378718
8071629435
9247864434
9866824365
8571220345
9052112455
6300584689
8571225559
8571222166
7975708181
7382406555
9515918024
9440002808
8074151465
7675931149
9492076119
9949571969
8688696869
6305520814
8309563946
9440506923
7989192355
8519880665
7382626005
9951119757
9848983777
9492449945
9703430201
8044939708
8886657981
8247095080
9550562785
9392537030
8069866718
9866557669
8922295666
7013546572
9951450906
9441041630
9873586845
9676843857
8169161916
9963202681
9490972205
8922459895
7977764519
8520046595
9666674573
7997231999
9010095918
9247632468
9492929648
9440632604
9705408810
9959947888
7093293541
8074184416
7676226339
8885039390
7288872148
9246915044
9920874776
9247820468
9700459901
9885838846
9440325176
9704253634
9440205114
9866198885
8814223405
9949127729
8328421351
9885550885
8712363799
7013230066
8596222022
9985084847
9703113818
8885653533
9866506623
9440328796
9856778899
7396463143
9440188956
9666669199
9849535450
8919898123
8886668366
8328606971
8639763551
8044939696
8247024899
9650336390
8712274966
9505512888
7729966997
8856230763
9133277288
8143164805
9511527811
9885454561
8639508008
9701500940
9493232154
9100022273
8645231444
9290792509
9652554429
9700890020
8341270217
9709702709
8552221022
9640564081
8008440344
8814224100
9577911119
8143445646
9014050759
6303082996
9059913930
7997007002
9441442299
9866159939
9087493147
9133246116
9493695656
9030421887
9032077277
9299555565
9966130011
6303522414
9000335200
9840810886
8001025093
8130907705
9581422848
9391417497
7842562621
9703179879
9838089057
9849459555
8790373006
9908081555
7989429557
9160121918
9030802223
7731982866
8341636568
9989325585
9667274275
9849933903
7997229951
8341573206
8328685254
9573786740
9642755383
9059592929
9977661189
8037303628
9966895678
9900007645
9030743663
7396241316
8643226004
9761089999
9160090770
9240083061
7396623999
9522866999
8674242712
9160439996
9719429999
9174292222
9859808808
9392707971
7981480124
7989730488
8674248748
8666627567
9440111961
9618000379
9505060600
9989927786
9966432166
9951734688
9849821851
9493626370
9963889366
9989732100
9391417567
9949915177
8886628889
8897761040
8801939393
9985670888
9346285786
9848680320
9346969007
9849583974
7207270707
8647255098
9818866824
8008335848
9848102041
9440704095
9299108149
9573144531
8919637676
6304414493
9676343343
7780126122
8688818778
8001033445
9640451725
7675937629
9581673781
7396666868
9703762070
9704244489
8523838815
8919589987
8852241503
9949848338
9704848555
9908426334
9493779381
9502794870
8985100260
9963804488
7382070905
8647252960
9848360310
9885004615
7386267878
9059674992
7993326036
9000780416
7981427868
7947479836
9246444644
9449220091
9866873484
7207650499
6300414956
9573657794
9030374040
9848934422
9397108109
9000532924
9959002667
7989469231
8008112202
9052751666
9652731188
9000864038
9505150999
9052104222
7396358419
9963527758
9966178046
9989719043
8466933334
8332005053
7989472475
9133709571
9866710592
8500007377
9948514166
9603409925
8142042543
8041017534
7032877888
9059888088
7995180555
7660085974
7337338003
9514844123
8247056973
9052919088
7036828939
9008159457
8367457529
7942876846
9440373818
9966853656
9849107105
9916994546
9440076626
8019267026
9849664730
9441120170
9032433684
9553774288
9642296524
8571230988
8074241622
6302060460
9849556689
9398203986
7702337759
9032695550
9281014162
6301789825
8885344430
9848122738
9440796227
9059593956
8333830510
9949252012
9948253710
9440983668
8143199399
9848115162
9491115642
9346934619
7702981199
9849568810
9848121786
9866842671
7993402158
8331813450
8287515525
8519999123
9248022575
9959169895
9573636802
8309662249
9032845040
8886665595
9866725374
9000033709
9440276246
9000945008
8179661663
8790965544
9642509307
9110529931
7981198608
9010815646
9391577183
8647253253
9866826296
9908052210
6305902293
6305605748
8037221182
9160779030
6302413587
9177149549
9441563131
9281435996
8044939691
6301305779
9885141188
6309026484
9346873733
9848587664
9642424666
9849431965
7386248331
9393693938
8451999506
8632226100
9989620007
7842221777
9153182222
9966749532
9848116609
9908108413
9494310513
9885161591
7947479831
9885677659
9246456206
9700333363
9393020555
7093442777
7075077228
8309051412
7780755863
9290094078
9030212529
9989348737
6300961507
9010196493
9348566566
9885858033
9010501045
8074288676
9492174111
9666447007
8520055666
7386664014
9652337686
9246061124
8639045732
9959011038
7997466477
7331132203
9700872277
8643221066
9666016319
9440203036
8121223133
9550177746
8420499352
9440494746
9949897944
8885667070
8674248087
9533333457
9849276950
9966367057
6746172518
9705771444
8374242902
9573084684
7023778899
7942762703
8071889670
8500008888
9347101077
9000412227
8939469894
9160303070
9000516971
9849521430
7337331103
9885315436
9030985034
9866044596
7330904500
8885018954
9299994335
8558226789
8558225648
9492203247
9290573210
9949746237
6300249350
7780137441
9032115364
6301592627
9392160489
9989957540
9966040920
9888598789
9381581773
7942876852
9182858612
9493947865
9908738186
9603072201
9000868587
8074346181
9700636666
8071264593
9550469143
9866148909
8639836658
8801048564
8142144443
9642377888
9502141753
9293500525
9949395447
9494415449
8886424103
8088215447
9966300999
8099948885
8924225779
8235383838
9030685866
9985607427
9642799123
9491117622
8328557855
8340941491
8466905301
9440087517
9381667885
9390510107
8071326722
8505926464
9704708118
9948404606
9901766148
8178024094
7093265426
9490046636
8106716359
7997044520
9441104782
9110709138
7207307551
7013078009
9392295146
9491330504
8639394142
9492535939
9993398008
9866932499
8071326963
8688778749
9989456016
6309941512
9052516131
9493044031
7382926413
9393632666
9866441154
8121517773
7995969549
9989254444
9849193346
8121851551
8434843484
8501810137
9700047286
7671022399
9014486131
8019244114
7386146375
8500009671
9949123873
9966111468
8552295065
8309037115
9000034330
9302992983
8333019875
9177981496
9182480516
7993794949
9533441239
8552222410
7386939330
9848647057
7013746055
6303929276
8855232242
9494948322
9553324445
9390501981
9703682825
9951776571
9963515513
8919709487
9893844833
7095577773
9700137269
7989504914
9014263474
9490404841
7799892967
9030437031
8552223399
8374973491
9866228857
9949621123
9848616444
9848098700
9949627099
9573190459
9014652079
7997017851
9441302626
9441708394
9441230855
9395375456
7676600900
9550079708
8143353636
7702213569
9959452578
8497904704
8885020455
9441020301
8500177795
7680066655
9849786856
6303052219
9440554284
8121391214
8247257103
9849093817
8142208449
9177937021
9030998853
9440471524
7842206166
9866088986
9701417694
9949844635
8106531868
8073415226
9885926585
8121732666
9393828212
8142651212
8186883226
9492291980
9441794887
9966998762
9492241300
8374749996
9000054541
9908308390
8978272620
9959225657
9754222999
7013103704
8885333224
9502095960
7893541889
7942762698
8639263456
9966623898
8309571815
7337555913
9849555933
9440272557
8855333666
9182363638
9849653882
7799771021
9985019777
9000848676
9030098809
9885899911
9032242575
9010381456
9652271395
9030389669
9347074141
9299995455
7678522754
9848213367
9959092819
9491464824
9160097816
8463921075
6302877252
9133607494
9347872549
9441409642
9676893091
9972252278
8044939698
9440711299
9985188624
7780680585
9908387887
9951069431
9963052989
8978593837
9963039949
9849293595
9440622009
9652223368
7997750760
9985114466
9663461666
9000045020
9849140204
7022219966
7396141712
9886545199
8328088568
9492021739
9989337708
9550128296
7702513986
9963333123
9966997525
9440287414
9494817143
8004198518
7702681119
7207924365
9885649983
9963067390
9849507076
8816233273
9959496860
7032127025
9885172015
9346740314
7337338268
7989279762
9392078995
8639990153
9966261664
9959125533
9502071384
6301722286
6305883357
9346178922
9491672279
8647253584
8571220916
6301214419
9396895232
8309532666
8048740434
9885052825
8121764313
9866956222
9606979363
9004223740
9491855639
8142313143
9491532304
9701162333
9642866448
9912605461
9849214331
8832464219
7780334993
9030783178
8686112127
9290442725
9948233336
9866490389
9848112196
8919497474
9247862127
8639473098
9948839679
9849171385
9573669828
9490906666
9848164070
9493362598
6304934504
9392408999
8897827610
9885478603
9398535309
9390922028
8885384638
9063470294
8555044255
9000646400
9845773880
9966761195
9603907208
9848155516
8071264913
8832426155
9133135477
7989032856
9966202073
7995595355
9959817018
9030551110
9247741677
9030596508
8832475909
9347498817
6281627779
7661808835
9030050034
9989872931
8374671525
9701019193
9989695993
8892897777
9248766991
9848973007
8712016888
9885476271
9100393678
9908158561
9492336091
9866326565
8886665264
9697719999
9885539987
9160730202
9703258999
9490715891
8886201487
9603241111
8820782828
9966231461
8842344123
9441124815
9573771736
8890699477
7942762693
8099936664
9093868686
7013067584
8842361806
9054898889
9666228380
9993999865
9912698895
8247525458
8688604758
9848239001
9848022373
6305845452
8332939399
8977164744
8046512441
9603499504
9070702005
9542517425
7675878638
9347894174
9182983749
9642432423
8924223105
8074277024
7036190873
9440675258
9701424209
7842234444
9885061610
8247772756
7416500559
9959992373
9010516966
9010490375
9704264463
9666670493
9248094929
9908950020
8500182020
9381241625
9052588333
9494074740
9154334420
8645450725
9246666246
9010020281
9618661066
6301854354
8466099883
9705668866
7799918628
8309043462
6302275804
9030806185
7800174001
7730913713
9948588999
9494692044
9948618587
9381549995
8045952007
9666681786
7087659321
8790001041
9848377711
8143238979
7386944444
8121335482
9985775501
9542445972
9000770330
9963269997
8143653777
9014474455
9704393061
9988747778
9553345491
8856231100
7732000120
8019777178
9502874839
9290131327
9666404499
7411781297
9010405314
9848104915
6305732889
9494147104
9989985336
9603888055
9014488777
9440664929
7842591009
9494012348
9394041267
9618321672
9666287101
9440111667
7416398464
9642327234
6305846854
9441834447
9182822481
9000090800
8963221425
9063320388
7799771136
9515404080
8886635749
9491675598
9441039614
8309434571
8008443888
8008833999
9441745003
9885778188
9966126653
9000271948
8814275853
9493562798
9849243383
9963585115
9346675912
8095911211
8885550607
9542222732
9949722602
7207447830
7997211920
8688447830
9963207873
9052448844
7989939212
9246462940
9885982762
8620990999
9160100143
9246666457
9030208820
9908003555
9490983299
8374512333
9866747476
8309545353
9866578188
9704728042
8008007879
9502131252
6281369722
8819351615
7799011116
9398804412
8572245700
9441152276
9133302999
9494827787
7997797715
9346666484
9440273214
9948587774
8819225338
9030912982
8885819197
9949838340
9100939384
7799889972
8672220925
9441865555
9849114406
9110382362
9494386215
8074581783
9206211192
9555993366
9738777779
9052814888
8919546858
9703011958
6301620029
9989347504
9959480636
9398980050
9492995895
9542455330
9502899199
9666557054
9985610174
9966091874
9182486807
9866552558
9959990503
9849345863
9000387878
9493228181
6305161694
9966485267
9441052897
9000389009
9440504119
7842414475
9381326652
7993690903
8374267991
9848166062
9440226980
7799466371
9381383861
9177003905
9550099789
9866636031
9885876127
8919162688
8897826077
9052573717
9652525285
8125533229
9703040197
9888964446
9182975630
6309977779
9849135358
9121166920
7095178568
8106226953
7702228698
9885108000
9441662948
9182445579
9291599466
9908506119
8464999920
9693917688
9391602300
9908720786
8712457557
9884055415
8688837750
8662571983
9346459428
9032078033
8463924483
8463924903
9963324865
8500068486
9966221218
9849235760
7942762697
9966756601
9010557777
9346687693
9705550055
8977403551
9700555397
7993988755
8374186789
9441914642
9491925251
9859991991
8341888860
9440207366
9441854335
7901220777
9440664662
9490539163
9963699979
9491291002
8099933308
9700083476
9490486781
9865938306
8596222982
8328369563
9248011858
7942812243
9642233455
9490175940
8008803503
6301958505
9393840955
9391927770
8247630892
8886498882
9502568731
8331820242
9498080898
9885555183
9347411287
7702730030
8096903555
8825220163
7013789949
7942813314
9384805574
9848971796
7942877835
9704036658
8247382437
9182381368
9490789495
9640502024
8096818646
9703336116
8125302246
9642607979
9885079009
6301851915
9177519551
9133049268
8836666680
9000996999
8520807893
8832499066
9498054256
9505975970
8886296661
9985051244
7729029088
6281829356
8985403630
9493797319
9948202323
8832443335
6380026596
9492381308
9177852526
9542637116
9849520517
8919144025
8897622296
9248094455
9848377695
9949173883
9618971911
8143145383
9553887108
9908286174
7287049516
8626251188
9885026273
9000119990
9930646982
6305991534
8922235500
8291029584
9676712999
8459179307
7995277758
8516916916
8922252900
7416264455
8500303003
8099118060
9885875717
7842333399
8074896609
9398485699
9292459459
9052703828
9848163050
9848586116
9015964626
9989281413
9985786666
8037762185
6301241073
8978126757
7382333315
9902333311
9390019331
9849668466
9182212221
9491206141
9963361515
7989423639
7942762768
8374444414
8885858895
9493999983
7331192999
7420014074
7942845926
9849835736
9494645681
9347951605
8924221333
7004375488
8069248267
8924222900
9346050403
8185870802
7981317178
7901241330
9550921326
8977331660
8977599995
8019912235
9652757565
7396596433
9739588365
9246630957
9848520848
9032747315
6301042530
9396225293
9177930164
9381141518
9014312825
9059050410
9908968639
9885270817
9603554535
9492606970
9542099972
8019199129
7594002510
9704165134
9866281355
9885942135
8121212449
8879935417
9160126206
8674243494
9618627774
9505716269
8885909052
8919181844
9010144141
9440388919
8647254645
9391261611
9392939449
8328451389
7337206110
7947479872
7995959939
9849694560
9494504320
9059931758
7330900525
9133906563
9162828362
9985555946
6303817808
7947479900
7013006011
9010775599
9390593232
9515452478
9949894891
9505555673
9490592073
9866917393
7331112228
9849296408
9440830031
9247266674
8106802134
7794917109
9182075118
7842007827
7780663467
7386622463
9848756106
8978154033
8074256696
7382533644
8333997836
7829444644
9966336027
9492879797
9700929281
9704178881
9849229565
9573682900
9494543819
9505213766
7702714814
9014314090
9908020821
8647255466
9440712886
8019931254
8632231188
9246402174
9848613780
9866025075
7799385828
8520027510
9849665505
9966961566
9059459701
7036401829
9030751917
9866508657
9985882411
7013553440
7337256555
8040184450
7288978212
9346347625
9133533883
8068426654
8922233528
9866682886
9866193089
9703344483
9490231698
9441518705
9703575810
9000206864
9959225688
7337042340
9513480480
8556222629
8623242040
9603553355
9985761069
9030492829
9121650385
9030227759
9040069626
9866664517
8106818437
9866828983
8309597566
9848302586
8942227691
9440115686
9392323974
9440383409
9440937584
8985446661
9492327421
8660509448
7358897492
8570255202
9441774863
9494311333
7013371641
9290996681
8008123412
9052052068
9912693720
9091108108
6301817729
9133711823
8897584242
9866728920
9398661909
9866318017
9848357543
9441107642
6281252588
9247142035
9218169274
8106454599
9059493661
9492000876
7013312462
9959952358
9490882020
9441444639
6300872151
9848169811
9030329087
8978343809
9502078900
8071331055
8919091433
9966693997
9526953183
9490155443
7386767596
6383529821
9966322889
7416523128
9885022444
7338826985
9490165695
9505671395
8179719799
9248017276
8712338999
8897873468
8186919636
9441273879
9030400551
9352568128
8571224515
9989529034
9618918968
9866624660
9963977775
9618653325
9391838407
9856009856
7337586718
9000917123
9703859593
8080599778
9154222444
6303168466
9848930139
9866701426
9533329591
9848532644
9494477561
9966843406
9849614829
7893948606
8121827770
8639000687
9440215158
8044630730
9247382266
9440559307
9030804367
8572233753
8688720723
9440393023
9705493605
9441065694
7569870291
8309276769
9966805786
9581020193
8688922464
8985539537
8568286349
8978936785
9963716293
9966823300
9640177722
9908273744
9573466266
9553339116
9247008887
9959938380
9908732193
9398404095
9700275111
9866554055
9182637292
7386799999
9346346402
9347900900
8644229197
8644225159
9381378035
8672222688
8121746588
7287035967
8501957868
8672223555
9848569772
9182565321
9290187792
8886644868
9014163786
9848168363
8019895845
9030236306
8919200480
8099175165
9966744466
9640821617
9966236246
9396867779
8071655205
7075645225
9440372678
9966150964
9440243888
7013421109
9032735199
9390323349
8978837520
9494908820
8978578861
9573333945
8555898757
9553285959
7382559125
9959793931
9581454444
9848114286
9642284690
9490522477
9291277771
7382027643
9347897769
8073272414
9110771799
9848039909
9949334908
8592233315
9966281577
9618426422
8328381456
9182557626
7416166138
9486990928
9182763376
6281003735
9154708090
9154528995
9052486430
7995880105
9618798712
7386721114
9398687467
7036098994
7032525185
9866040174
7793908987
8498882088
7386048000
7569717461
9441956174
8790105868
9979939142
9848116222
8019324093
7396269495
7660806740
9959164945
9502386301
8812232427
9289922629
7093180646
9885519790
9490296667
7893657999
9652125555
9247462986
9849532166
8143695125
9440456268
9949908244
9966311192
9866129500
9030311009
9849692998
9143143811
9533337756
9492828320
9533338777
7702246578
8985053999
9440353009
9701638359
9701803902
7799675333
9848060615
6300881009
8106076653
9533190666
9030205684
9700264217
9849979215
9505409572
9908300569
9440268838
9141236666
9989901344
9550046022
7659812399
9703148136
9493800900
9666932273
7095353888
9864675900
9494663456
9908776318
6303908171
9182028835
9010056572
9904301155
9866198296
7997998889
8068426657
9848977567
9533535956
9849567856
9059210911
8500379937
7032738111
9985221494
8074401432
9849854054
8297347786
8089972848
8143656945
7799337761
8977138978
8562221973
9959633533
9848677525
8096430287
8074464268
8247376767
9177629594
7095445543
9885138384
9246440440
7095426118
9676570629
9392322972
6305749383
9440155522
9553675559
9440304122
9059835679
8179893515
9493674066
9440265039
7893628654
9573222455
9030482879
9966788728
9440248276
9440248401
9949443329
9550464442
9246668692
9392912607
7893228193
7989982896
7989829669
9240031040
9640995789
9849148888
9949394555
9959225550
8044953827
8125371555
9866629349
9948351026
9949472877
8886568555
9030054549
8008441855
8555923471
9948461966
9951171129
7780437077
8071889799
8886665887
8814224511
8186909566
9949328602
9885118214
9346827974
9666119655
7976380264
9866663724
8814223141
9666350503
9640287271
9493704708
9966610896
7386719505
9866096818
9440061514
9666656156
9851247365
7036774462
9494544305
9603070908
8647230877
9440193650
8500253345
6301313891
7981151993
9885289481
8037221096
9059965551
9492545450
6302440746
9440100235
9866709967
8977877383
9912918433
6304209345
9441058956
9441089607
8639713124
8712601885
8945294898
9000501431
8037016373
8047027159
9966066777
8062916185
8071889917
8019201920
9885314555
9494689393
7995716742
9397916225
8019398699
9705959792
8328466128
7799955999
7799408166
8019184151
8185802956
8019985594
9550077534
9240013912
9440001447
9390610919
9848537356
7661904370
9440750851
8852241960
9603898768
7382129139
9848664462
9652112623
9908459305
9550062685
9542628436
8008738999
7207230334
9059247017
9885372424
9000014108
9014737777
9392625858
9052316888
9133932399
6281303065
7942813659
9701225799
8985242766
9966045679
8885763999
9848013373
9010933555
8463999919
9948457444
9014907222
7548845042
9347155369
7674079048
9840103541
6301457313
8919767646
9701368565
9908643089
7075371737
9791230451
6300371151
9440088240
7893441688
9177036975
9502496163
9154971691
9347423238
9848377738
8657568512
7981806555
8886224820
9789778985
9494099678
9849627474
8500434569
7942876807
9010035559
8816225669
8977743275
9885670256
9849311235
8816230555
8463931347
9491517755
9398223232
9032748817
9951433977
9000075533
9700766659
8688589900
9228849672
9963944455
8988885666
9246462080
8897376778
9160992107
9347816129
7306332699
7780663723
9491511705
8978857847
8074779263
9440837782
9849499960
7207107971
9989216305
9491922208
8790373886
9398185660
9289922417
9010430000
9100137155
9293737276
8142221695
8008445191
9052139999
9030359459
9490110780
8002680000
9951183426
9542223362
8639918223
9391550456
9396885349
9538572666
7036844045
8514222212
8514222291
8514245334
8897744048
9866247099
9561423585
9440291300
9014820320
7947479789
8919396627
9703430506
9440307930
9581444014
9553397708
7989444293
8885712229
9000069145
6366952276
9885829937
7569856641
9959143212
9248543248
9949201875
9160236023
7036975752
8919999384
9951097732
9581666064
9700245590
8942222203
9059966745
8660515782
6300054793
7658942130
9885919675
7306794388
9440006719
9063630030
9908626862
7981071294
8074230265
9963573653
8688439325
6309456553
7286997186
9291081084
8074624287
8074561505
9912688125
9030057777
9700277754
9398681653
9347778715
9441962515
9491841080
9493047786
7198099448
9959477083
9652922108
8037016462
8121292920
8019990007
9494446686
7548805772
7207207247
8106663105
9542719995
8555885479
9885793763
8074838577
8886090199
9030307722
7845363985
9182461033
8106511611
8125983849
9393935223
9010572223
7036353434
8919525302
8008577523
9346538033
7995579997
9393939513
9866600935
8886010747
9912345541
9852585668
9493937656
8555832881
8466936185
8099999269
8790157079
9493826752
7674959604
9848911777
7799966285
9201010157
8125167385
9000943667
9704441235
8556224801
9619633028
9052630009
9885332498
9059985041
8037016772
9281014164
9885515456
6304056721
8044953897
7799779116
9704740646
7799918642
9989969724
9515428488
7799965656
8041017584
8877992289
9885396143
6300158556
9042267798
9912854431
9985175992
9347114229
9966959067
7989562357
9393871094
9248749046
9000156322
8309660901
9581622624
8643224022
9966131693
9849887530
8555805858
9492140267
7799404755
9959225872
7386440344
9343328177
8985049497
9030196001
9885971740
9396218012
8071576042
9963695473
9848911463
9299999496
9494692894
7032711094
8499945684
9494496105
8121279609
9985692992
8854255900
9985018999
8854253329
7548809274
7285916916
9703484836
9848578888
7893357703
9052508350
8644226060
8885888516
9963210055
9533381222
8121612134
9849500465
9392003875
9951647943
9966260368
9966496669
9032555639
9966552565
8179398492
9248495999
8071629857
9246483744
9948719222
8639741677
9700420470
9063666310
7093386112
8559222211
9703600373
9885193211
7382507799
9966485757
7997246989
9393386668
8647230636
9985856108
8632333369
9804040456
9700976244
7013400594
8008360119
6309426620
9494434949
9248678888
9441690237
9550237882
9581964196
9014367190
8686808074
9948617617
9014206867
8297042555
8712312335
9581494161
8977860959
8037014009
9052586104
9392155656
9542722999
9059912930
9885492077
9032610100
8977000605
9703113111
7056247365
9962716989
9542785269
9107379379
9533335977
8096391110
9640767616
6300273041
9676840909
8985551812
9652991173
7904011212
8672225200
7075135858
6302877101
9059992626
8309181821
7013798645
9246697889
9581025088
9618042952
9959657586
9966699992
9100903852
9553358422
9652818079
9666155551
7569254052
9441022237
9440242799
8897678767
9182452022
8106411741
8142399959
8520887419
9246644899
8639027967
9505388488
7942876859
8977633400
9780714714
9908036331
8099255555
9240083059
9705622111
9030808222
7942810811
9949845272
9985258294
8592233647
9885106121
9550212181
9502614657
8068426607
9247032955
7989662047
9490175908
8328284556
9110325595
8046333633
9291252774
8885557620
8341993259
9581943889
8592233173
9866395416
7660090755
9199099919
9963629009
8919019792
9618925728
8019225428
9110325727
9133317811
9948517949
9985004979
8106106512
9885082906
8500388881
9849884055
8812288299
9848671313
9441528464
9063655200
9951808899
9985630760
9676664311
8068426685
9949863687
9701702620
7702799087
7032761679
9866024855
8812238538
8096090301
9246678890
9948423233
9346944389
9494893336
9000039789
6303143873
8842383366
7373579795
9440567346
9866483780
6302561204
9676564656
7396494444
9493566707
9866408648
6300537624
9030773737
6303738760
9542524200
9052786847
9100909010
9493333069
8071858871
9290129319
9848338487
8309595923
9505244455
9849390490
9848333679
9851688999
9247319273
9963322214
7675984773
8500619437
9618858190
9441177776
8309320008
9866369153
9949405499
7799722172
7399942222
8464821333
9885968996
7997282729
9246642899
7019280827
8374006555
9848034711
8985608456
7200333250
8886752777
9848366706
9948313972
9533412345
8978711335
9959127112
8401375434
9849763445
9618611681
7207486744
9989252999
7386452890
8832445679
9948056666
8832448777
9347577204
9542815425
8500464809
8341588488
9885959013
9398330065
8074331574
9849664860
7794005438
8790909648
9966923757
9849144765
9642337896
9515537503
8069352457
9440254945
9440429450
7416179113
8004193555
9849385558
9888147778
8688016999
9030152020
9177756497
8037016767
7799339544
7569690077
9014142388
7672021267
8846688888
9499979997
8919164239
9703999612
9948037897
8501900433
7997503333
9010431555
8037762179
8297123123
9848684444
8985816481
9848682499
9553400015
9985150441
9491049653
9440074897
8067335514
9014651898
9949885407
9030771050
9951721114
9440594646
9494339148
9440328768
7842342696
8071640317
9397818950
9866687669
9393995998
9550576144
9652992476
7799934565
9966284747
8033113311
8179399021
9999668634
7569310764
8712292555
8143283628
9542883344
8553440021
8071889669
8790333399
8037781990
9014623235
8037221003
9505179772
9247122338
7981889279
9966496267
9849653731
9063122122
9849501706
9347129999
9951258888
9700936608
9397905405
9701461545
8143249124
9177316622
9281152223
9666387666
8500450044
9553918190
9390689809
8519968174
9866162299
9393720303
8978855222
9000410774
9705176859
8008772784
9912168991
9182851698
9704607866
9959395652
9347183582
7036111101
9848575991
9059611499
9849071492
9399393996
9500138281
9849368678
7075812345
8989166999
7729884477
9290106100
9963660707
9392513967
9966223989
9966554478
9296203848
9603263777
9292255319
8912720072
9032057779
7799933781
9959432686
9866133942
9440459745
7036300300
9912406844
9849781737
7337333948
9676644157
7337327014
6304460630
9160062690
8978998176
9949929921
9000234662
9966657783
9440001687
8374302928
9441665248
9866885480
7981168672
9985663780
9866913064
7995460940
7799999923
8019812939
7337381416
9676547740
9703692687
8074049973
9392673420
7013283930
6303098169
9000845194
9966272231
9573943303
9218169244
9493579413
8686870667
8712338621
8099988840
9502660106
9182056754
9493404546
9885406188
9985787386
9912791232
9949940936
9502273734
9110572726
9848995809
8919212612
9917747792
9848367486
9966176927
7207267894
8978241555
9550004225
9542960464
9652324093
7093393435
9949278777
9246395566
8048045203
7386665786
7448933747
9440247891
9959639311
9440285945
9177580401
9704362345
8071890027
9597552072
7396595929
9959214052
9949045910
9949940080
7893413847
9848000611
7013338503
9949784184
9032433345
9014771045
7731933395
8074147009
8886893739
8333891166
9392339556
9885457833
9985099482
9490658835
8002081234
9652427709
8512220240
8657568648
9963052573
9642666919
9849916756
9000748777
8074866103
9440324116
9494748600
9966650505
9949456667
8942222156
9133090256
8143672299
9030607016
9059036345
8712341473
8328256030
7097661786
9036454649
9848863236
8688123064
9052181777
8047027146
8044953811
9502059777
8041017603
7039001475
9700306777
7893939337
9010855118
8317678919
8340840897
8885638989
9848295244
6304502065
9985155555
7207299998
9866835102
8125634099
9848212453
7330723489
9966087009
8130181301
7386455106
8070743743
8885824288
9246277727
7948058652
7995002737
9393996467
9154281136
7842000070
9640755559
8885156688
9398617144
9537622758
9100373806
9666913613
9989120558
9849316984
9676504174
9247103929
9396705854
9885674466
9966665334
7416770618
8985276677
8912783575
8309354865
9959322103
9441598676
7396660211
8121363549
8672222728
9993378781
9966330014
8672227000
9291612736
7893432714
9492010356
9704442318
9866865117
9949057884
9652818105
9490503034
9440044337
9248155336
9246927282
9848121918
8897854252
7989229122
9951857317
9398223127
9182251020
9182079760
9948120705
9951150405
9866438473
9160223359
9246921177
9030390802
9989045686
9493008238
9505897269
9000833833
9440942049
9945157783
8562241676
9985246633
9441402970
8919039964
7569064317
9966393532
6300972292
8499969449
9849211118
9885389000
9959696508
9959275200
9346081444
9848872866
9492295224
9493579797
9550124792
9866844488
8977718817
9603266366
9355834351
7993885519
7036386999
9988787666
9615155999
8856232337
8856232496
9346971808
9494486669
9346993809
9391417615
9177437018
9676739096
9948773434
9866826022
9866775590
9440988025
9248133822
7995246413
7036179729
9542954449
8500081885
8186813443
9032081338
9908258888
7396684933
9866411390
9848682799
9390257990
9542522232
7942876769
9493704797
9985831850
8977054254
9912107506
9493772668
9959225945
9030929252
9246639009
9247478158
9573720839
9490904415
7702891260
8341512819
8977929909
7075867027
8977760748
9989811959
9849187476
6366667475
9642357589
9848048128
9550321383
7675032922
9290238883
9848903025
9247417099
9491929903
9160858258
8639767660
9951111111
9246651059
9951710101
9703033039
9949502144
9182520126
8639391925
6301361457
7997992636
7013101367
8096188777
9515071277
9440145222
9248419345
8341027748
9440578757
9848544422
9966051892
9100594499
7093747129
9014235192
9505520472
9848997777
9505345123
9901172626
9959247279
9394971117
7997918888
8074483355
7382342099
8645232203
8639159617
8639851852
9441294481
9177741113
8985952055
9177443615
9613456567
9494000886
9908437731
9246696686
7995859554
8309125122
9133442202
9949342799
6362536294
9989207479
9110588474
9666385602
9866270962
9177659470
9441589270
9866125577
9014703147
9866509312
7288955897
6300552027
9502845306
9110317345
9491132644
9989895491
6281482624
7670907872
9912699789
9848984457
9885509354
9000957727
9030210609
9848850116
9246985444
7993542605
9000078896
8512253785
9381559035
9553334399
9397056287
7896989232
9908379017
7358070080
9849417837
9032061508
9666392109
9014722940
9618769769
8688226240
8886520942
8247893572
8588807298
9030877425
9704951982
9885528103
9703196139
8919051038
9133610310
9240221889
9347077194
9849598314
9492757546
8185820257
9030333980
9992755509
7416414600
9030444798
8790488412
9963224177
9491586951
9440797105
7799975333
9848167591
9440247987
7947479790
8500050159
9440355060
7386064059
9959659704
8647230007
7989974161
8647220229
8374692277
9963934527
7731060846
9908632732
7702600272
9553776398
9440942066
8644225566
6302564324
7981563549
9390327744
9492982212
9948225874
9666314449
8978487807
9524571116
9000056116
7989176519
9700352020
9849987999
8106572162
9573649985
9948769276
9640586446
7995072664
6300171647
8942222293
9948263919
9618352274
7729975080
9494964459
9676704392
9963813486
9949021468
9959805754
9391283576
9440639268
9666917474
8463931721
7003292507
9440171297
9908700882
8121612187
9848647285
9441078784
9948803082
8555811855
9553369007
9100381789
9885651439
9492946080
7330710371
9440726539
9111988808
9121846826
9167835555
9866424509
8623244355
6303836063
9491692588
9989998070
6304480198
9848749161
8886688864
8554242425
9701491779
9187375578
9841707577
9441882995
8570256623
9701642425
9849796555
9244336666
8096977977
9866457490
8309684430
9866164991
8121266257
7207766842
9515544442
6301182847
9885037566
9030600794
6305211884
9246940606
7008480334
8179106488
8247273144
9573518698
9085916916
9848698916
8074477686
7075923420
8523018275
9573205115
9290087010
9247466793
9848752529
9177018634
7661943142
9000160088
9393935141
8074316455
9030953009
9948816318
6300433675
9187777777
9440420919
9848447494
9000240700
8819225333
8071654939
8044939709
8688340514
9666705703
7799844544
9949255429
9491925688
9885563555
8266896689
9848477447
9246664866
9505680687
9603539353
9059975699
7995014274
9133277752
8623242223
9866455457
9440287755
8068426608
9440907735
9059048555
8341214972
8886660108
9949549697
9479478471
9000385372
9948049856
9553850811
7809662658
9000902044
6303120800
9246222993
9398972115
7013130950
9849303057
9441730737
9550801333
9885144998
7386278787
9701176782
9440984267
8071682127
9440646488
8184989612
8106268046
9390457966
9966509808
9885533557
9440953593
7382281965
9030165040
9533996666
9441012610
9866269752
9347932674
9010988388
7842466999
9281042880
9985346445
8522029193
6302603113
8106134710
9700064007
9502229047
9963249930
8179618999
9490399682
9912312786
9182270805
9764186101
9949227383
8374664959
9063263616
9966717676
8088088035
8008085113
8612320682
9959178555
9849942734
9666534986
9856967777
9703066889
9573770070
8519885555
7013132949
9347510720
9849999687
8374576400
7702243444
9381742605
9030935094
9676583439
9652946669
9949552264
8047947125
8922226868
8922225962
9885333228
8801520845
7780306587
8106950611
9032234844
9398356229
9985984018
9493939212
7032797555
9985198681
7901275163
9441796279
9160567308
9441176152
8639441651
9133693694
9912776364
9494637513
9885448477
9182078944
9848155242
9573502756
7330534567
9885217369
6301204014
8046395148
7799839097
9618020360
8008143436
8142020114
9550752939
9908777222
7036088824
9948141476
9247118764
9440254161
8885861470
9494954218
8886422649
9949595090
7995154867
9849136394
6303473481
9848253671
9441659637
7780623199
8977991144
8309010023
9666154524
8688888903
9848293313
9912371255
9032990099
7093615900
9000707365
7799881165
8885578016
7013469420
9391612368
9000394573
9966250045
6302816263
9177536222
8143646043
9346511901
8143674757
8328656753
9848776480
9703046705
9490350427
9849849824
6309192250
9441204489
9440567335
9885777379
8099380354
9848037657
9542399345
9440651960
9949398161
9989499932
7788993939
9347729708
9441468940
9440841324
7995608385
8801418458
8500273929
9393628455
9704933319
9100408505
9963521144
9577334499
9347466546
9848371133
9705222844
9502766817
8814222662
9247466460
9959561922
6281869923
9246462676
9603031755
9949775330
9666584271
9492525586
7013303323
9391339165
7675991777
9490280025
9182337723
8977255714
9949964923
8639484911
9494468922
7036399997
9866529205
9848654564
9848472621
9177964999
8555818946
8047027162
9440582006
9347809460
9052912888
7893403344
9849198494
9573012442
8978601901
9110729757
8333809999
7337552410
8886786761
7382082555
9100752753
7661970223
9441450865
9703577784
7799357979
9966242554
9440524435
6303980538
8328019264
9963152003
9492337744
8801148687
8626251999
9849262473
8499934819
8121157719
8985620038
8074872516
9848246418
9494951436
9908755118
8985837642
9133031531
9491377026
9490103958
9959987442
9502336015
9666072831
6303223383
9154260555
9848430006
9618997769
8790988633
9959592564
9490607573
9676323455
9440999581
9494569822
8112188888
9985688034
9959000898
8332990331
8497009915
9063171786
7799591234
8106348584
9703777686
9848087880
9502354460
9052507754
8037513750
7306037772
9642961945
9985942862
7780127515
9594820169
9703090901
9949820547
6301735271
9989693143
9981611822
6300628712
7801033370
9848546231
9986612121
8067518078
9666480600
9542299444
9848279000
9441157320
9906170125
9492081033
9666004043
9701769565
7290022123
7416616646
7799772651
8912566656
8985898866
7732044514
8912558162
8185921684
9885011347
9849727146
9398994468
9848031158
9866234979
9676370616
9848878663
9912283966
8912564825
9132743999
9052177377
8662441116
7042424242
8125818282
8008588871
8226822662
9491323838
8922224034
9440532952
8977936373
9000437300
8750687505
9550232721
8662535595
7330984620
9949142891
9009001489
9490272227
9848125539
9059179779
8942226222
9346222567
9440838758
9849387474
9440195005
8069840341
6304587930
8297554488
8985443072
8632223456
9491616663
9010177709
9912912510
9490725164
9494149888
7075560655
9848526555
8818224555
8037513853
9494470477
9848222113
9121922992
9440706908
8291540681
9441083001
9010891196
8688485868
9133033354
9866599955
8885842585
9885534444
9966795208
9959579984
9392113553
9866567567
8816223316
9010900024
6309250666
8121923458
8816222021
8790743815
9848699823
8328636407
9908963567
9032886335
9014016943
9848966218
9440964329
9440799030
7780747774
9000600460
8247086356
8247533244
9908777762
9573688534
9392512056
9346922541
9052501910
9866182225
9063662728
7337445797
9494865856
9845878643
7330907979
7993881135
9000304272
9290746278
9246617500
9848023932
9154682872
8179691643
8332912209
9866913354
7093707056
8041295534
9966512376
8074944033
9391038110
9748243316
9440983816
9398183276
7893707899
9032811227
9177655356
9700202662
6304586029
9948313953
9885756560
7416324492
9398044945
9248165047
8071499723
9866621318
9030283939
8125544990
9542788412
8247883510
9440428292
9100946460
9398616146
8500641674
9246661245
9848499497
9885179772
9502513583
9392391653
9160242074
8555025720
7396577177
9494873336
9848324543
9908844424
9346449616
7680928872
9133595969
9397905447
7396433704
9160010847
8554220175
9866383176
9703429510
9949087387
9966225882
9441146517
9100314614
8333802589
9550141909
9177965250
9030485435
7075571304
9966959970
6300921512
9247572249
9849900934
7815977207
7207202722
9440144692
9000795704
9963287528
9052238616
9949193371
9441587377
9440297264
9866959997
9908991804
9100738175
7893439988
9052103151
9490859419
8886153277
9959394841
9849468452
9966126277
8712236368
7076010950
9490996310
9390471471
9491777505
9949853560
9440650691
8187060963
9052271996
9703009665
9391148275
9849655906
7032174231
7842432409
9492802134
9010001333
8885587855
9849413323
9985052486
9885574242
8886710043
8333031317
9581655111
9985877344
9393316569
9030524997
8184811911
9951354156
8121372809
9440264770
9989053946
8632233151
9346335097
9676806676
9885339806
7702222227
9866058615
9779770999
9030866059
9290166881
9848122834
9032333402
9885412064
9849229852
9866422055
9849242480
7702539242
8662573129
8662576141
9052110115
8639052212
8309429301
7842265949
8142445144
9392033191
9949999222
9866761113
8666621816
8446808446
8143969062
8096434611
8106365017
9885286868
9705564388
8985821231
9951558775
6304351582
7569899655
9246769639
7032839780
7993587224
7075727579
8731960987
9862988007
9436228763
9863578071
6033870061
9436081157
7085453317
7085996083
9862618194
9862358446
6909908918
8731984136
7086337594
9383060401
7827292915
8974228222
9863125330
9362687303
9774219320
6909735616
9436661824
8974903022
7005159892
9049690857
9436074877
7628936883
9774731855
6901320603
8798053353
8729947950
8974690536
7628044173
9774074574
7085338131
9436418623
9862314876
8787470492
8794724401
6009663492
9862360504
8126143734
8794021061
9366278234
8431719832
7872143009
8486115183
9643363191
8132803929
8729895222
9383003470
8729905122
8794813805
8119913361
9612981931
6909124659
9863410899
9862194745
9233433441
7085918413
8119068744
8798394440
8837318602
9862295052
9362296612
8974937039
9863074483
7640912419
7628963343
9774461988
9863898820
9436017000
8794829970
8729968104
8258030590
8974647427
9366008082
8787382262
7085463299
9362991859
9402997347
9436068891
9362811612
8413834335
9954350035
9862290952
9863499940
7085689575
9383349853
9311298766
8258919962
9402698166
8415000982
7629841991
9383387288
8731039556
8974562919
8414094377
7972263240
9362604319
6900378945
8119972570
8256902795
8794588905
8402087969
9435640543
8851663409
9862915820
9436048273
9862322959
8414801343
9092749002
7005019104
9863663547
7070261182
8798435257
8729881666
7677250250
8729902322
9615040114
9233798475
7005485188
9402449007
9954024471
9435106217
7629042235
8798052711
8787584189
9738584680
7896452033
7081641318
6009678391
7417374645
7005686536
8787773784
8798478115
9612669855
9366925981
9678697243
8414997591
9862174366
8259862017
9774807460
8259026295
9863525305
7085722615
7085972504
9650217933
8731979680
9402698700
8014050952
7005918956
7624818681
6009289867
9233428307
7005373382
7357401603
8119092908
8415924496
7085758570
8837401835
9863364683
8794137327
7005978113
8638286306
7099007444
7629820989
7628855215
9862635115
7005244006
8837269321
9774620863
7005190668
7642040040
9774249297
6901793671
9101593383
9394132643
9362370894
6009343568
6909180464
8794796816
6002025371
8118988462
7399974474
9233599169
9311946301
8732041429
8132945722
9863743501
9402278141
8729950783
7085441871
9863079170
8731046566
9615109898
7005035426
9954546890
7085672047
8486239959
8413985364
8794223209
9233431410
8794482684
9612200716
9362788420
9540698458
8837446026
7085160806
9402071827
9402607640
9612431559
9612983405
9856187143
8731084319
9402937401
9402055159
8486792637
8729838891
7629821239
8259080787
9233642917
9402477544
7085424040
9366346932
7411330903
8414984930
9612813435
7085499684
8798866759
8132892771
6909423206
9862920770
9401069606
9402869201
6001233123
7640954648
9856084271
8119901732
9118002000
7411864573
9152928718
9167118957
7357201667
9863329682
8071639258
9233301250
9362979799
7630806402
7827866379
8732002879
7628064053
9401850274
7005893566
6009431212
9863831833
9366994261
9862829877
8729980855
8259865709
9435399660
7994264672
8258875033
8259012043
7005849014
7085427082
7085683411
7005627685
7005239150
6909125991
7005775727
9402045366
8258875750
8798092514
7085689905
8037267116
7895588920
9717001309
9862599238
9436041933
9077369571
8794343537
9612529484
8414821446
8067612360
7005470318
9233567678
8047590451
8415072797
6003903422
9181973551
7440012192
6003785104
9435513298
7002846237
7002814512
8638941473
9663956950
9395622023
9126704701
7977783814
7417437475
9612890199
9322225163
8134830069
8135018629
8048954027
9289321729
9312841756
7896559790
6901281861
9864046498
6001585184
8095548756
9435011204
9864760623
9859081231
9435508298
7577811763
9707200300
9859942913
9954969322
9394797441
9127011121
8638264902
9954536898
6026884901
8638373312
8876080547
7896536600
8638403701
9435064249
9954850481
7578002462
7002394759
9954486918
7972630637
9435351022
8390882510
9401524726
8133023813
9435468616
8844365294
9435081088
9706037659
9678338749
6001205578
6001029440
9435153759
9435902138
9205586056
8638778339
9859278640
9394138891
6003721924
9101394033
8798623798
9833577171
7636046479
9954441447
6200717971
9508973458
7002458728
9859475178
9118001030
9717619858
8158081826
9954294212
7005999296
8402096978
9435168295
9864929772
8453347524
7002113445
7896149290
6000294565
9577210185
8876238543
9101024450
9864889417
9365101187
6901943972
9287959724
8638879711
8133044959
6000039286
6000569445
8638822180
9435123361
9435060096
9954013421
8876996996
8474839377
6002433685
9101149494
7418700125
7002865105
9707694047
7399050780
8486034902
9706015009
9435046111
9435703567
8811034444
8822022000
9864272137
7002687737
7099042020
7002157566
9864045004
6900258682
9435043934
7002091695
9435015937
9101720331
9707079000
8399093454
9864502237
7002442497
6026356787
7949107023
9181213332
9859056017
9678007385
9957943064
7002634185
9680650851
9864029095
9435611156
9435417473
7002099317
9706817032
7399326614
9435071925
8876603366
9127882275
9854173946
9706031928
7065039505
7099036677
7002331317
7086485661
7835079399
9435071173
9854040322
9401386700
8638462638
9678834118
9706209980
9101464715
9706270514
9435032025
9435032167
7018495365
9435031815
9435031475
9435394345
9742997201
6900445941
8071889549
9707555522
9435131018
7099896247
9409767967
8486708567
6001544188
9957018663
8136089020
9435032255
7002654901
9864796424
8134939614
9435736147
8876177512
7637891840
8638999971
9365844856
8399865108
7002516350
8453204582
7002510772
6901681601
9859333055
7086140400
8822859589
8044953402
6000040218
6900910101
8044953404
8050024416
7429825864
9864094425
8879884350
8638227750
7399075171
7637963112
9864321429
9395406213
7002583007
8761080440
8486387535
9395501606
8071889944
7002970924
8721075716
6000301156
9101537002
7635951785
7099376600
9706055208
8881388829
9435051759
8723089402
8956249738
7002584525
9101406153
9401620628
7086089595
9957101178
8721095884
9886563659
9435943966
8471900287
7002445620
9706432312
9706800250
8761072053
6002538188
7002438346
8638206685
8011126283
8638246175
8638794902
8638020599
6000368538
6003909303
9401255556
7002755366
9899228340
7636082733
8638966918
9864477067
8638034157
8638822896
9101565268
7002745591
7005143790
7002276242
8638692679
9395302764
9085847509
9957603064
7086377006
9678065714
7086957107
7002097605
9706048966
7086613680
9101104126
8135993703
9957210506
9864570017
9707852404
8453020087
9706423706
8011840020
9706906190
8402030043
9954885466
9365191002
8486771704
9127598229
9864734595
7002354221
8638027512
8404045245
8486901262
6000893654
7896890880
9395944414
9854346587
9435571284
7896021725
9395795482
9435192872
9854452138
9531088956
7663063689
9435160125
6001910402
6287546214
9365163390
9435062697
9903425002
9435727623
8638369141
7002190755
9395297074
9101370326
7002302853
7830607027
7002013754
7002317360
9435031905
7002623593
8811029169
9435131973
8638320625
9435212348
7002708839
9531369936
9864020875
8638975996
7670017670
9395012532
7002397793
9435386963
9957990729
9864279216
9864521905
9864018738
8876443574
7002345885
9435376213
7086397739
7002441448
9101105933
9706805659
8638068369
9127017749
6003368483
9181566356
9435499843
6901860476
8135955400
9435124260
8399985406
8011699223
6002827695
8721009080
6002394002
8486359433
9395131780
9395591208
9706106960
9435571059
8876672350
9864099093
7099027444
9707096960
9707037281
6913610033
9957188800
9859981118
9577100000
6026850166
9126266666
8876490887
8638757195
9854092593
9394500683
8486718127
9864823071
9864045226
7002780108
9263193084
9127024016
8486033361
9127070222
9707524001
9854839946
8399925075
8753905395
9395036563
7578834972
7099077667
6000729285
7002261791
7002553678
8037002597
9706553898
9864792573
8638870746
9085550303
7002702144
9394112746
9958297569
9365757448
9101239054
8638119982
8811881110
8638006879
9435460777
7002342716
8071889548
9476601367
8749881314
7002323167
9365277792
9476706501
8486271133
9101453858
9706318500
9954099782
9435232007
6002389967
8011299386
8133078829
7002502310
8134063160
9706166288
8929146469
9854908692
9435299997
9435030838
8471992769
9435566665
8069645044
6002113879
7002402851
8638859712
7002413561
7637877469
9954601240
7002601859
7065040468
9954455208
9435050699
9910637757
6002253539
8761840882
9435420001
9706512048
8761842555
8811989097
8752822707
7002413199
9864432333
9954451407
6000711056
9957468989
8812849693
9678939342
8638186517
6001160012
8045262586
9101372115
9854120361
7002801700
9167190652
8453890317
9513446591
9864465786
8011928328
7002972630
7002338226
7635995516
9864074530
9394687924
8402843515
9435314267
8118898158
9864028851
9954985811
9864045291
6900695885
9854075629
9435547779
7099390280
9678004260
8472047737
9435553570
9706098843
9864032780
9508911333
6900111069
9101046617
9435104580
9957309345
6001298871
7099074777
8135878739
9864511984
9435405593
7002892640
8486222342
9127452433
8135891733
9101019826
7576045630
8876137121
9864324962
9954906208
8876850455
8822702929
9706239381
9864391103
8723083479
7099265738
8876156121
6002551855
8822815070
8638788982
7002546125
7002620989
9864569637
9435080079
6000626086
7663885566
6003617706
9864505055
9954939823
9435184893
9101064640
9365593157
9954358439
8822349674
7086771577
9854075599
8802154288
6001627982
9401371998
6000599690
9435071086
7399531385
7002914119
9990125457
9954699199
8638707310
9954475146
8638721804
7002275573
7942811893
6000040782
8399946501
8638614405
8486517233
7002667846
9954077140
9613645002
8638240417
8721011092
7002526105
8071889550
7578051462
6746172569
9311594203
9387070466
9706529880
8876577561
9435064923
9864994578
7086418950
8638544901
9365820431
9181999003
8011767104
8638995520
6001572600
9864735581
8134912436
6900960834
6002549473
9678279394
8638076536
6002961710
9401511113
9435164136
9678791035
8217389597
8133956950
9706148911
8822101933
9101600632
7637833721
7099042727
7086159095
9395101442
9864518660
9435002498
9957324359
9108790079
8822821001
9864434966
9707334745
8657568929
7002231101
9678507519
9435162500
6001881190
7002086275
9864490814
8486698660
7002209905
8720999388
7578006030
9508831264
7002599581
9577159508
9365184550
8011575789
9435080982
7002685476
8876543223
7002715882
8486592595
9513446164
8595450450
7002349740
8884336154
8638566282
7575966966
9513446092
9954104099
9435056444
7002064360
9707666673
9085308100
9864021699
9864015761
9101145870
9082702827
7002726087
9101933297
8403802404
7835807779
7002013346
9101699587
8486433945
7002606377
9435507040
7896295623
6002499101
8486295184
7002815696
7002815922
9101043121
9365530268
9435794650
9401346766
9707583507
7002045550
8134818625
7002453260
9127888919
9854690173
9854747426
9706377805
7637045654
9435149562
9577436581
6001565402
9395226088
9085183253
7635996931
9401806735
9401132156
9181365618
8486707578
6026602701
8638204266
9854073418
9854401635
9864441456
8402026361
9969383586
8876900903
9395405750
7099040529
7002949690
6000978530
9435164255
8899627917
9864449600
9101753141
7002246667
8472947960
7896415768
7002628052
9957631653
9435036063
6712255079
7002860637
9678343160
9101561064
8657568848
7578849910
9707333802
8486044949
8071890147
8399045417
7710097900
7428494657
9859955408
9643182259
6900099888
8486370123
9435205805
9435205747
6001622282
7002286324
9864614327
7045619972
7795361094
9854027171
9707495186
9401011777
9435022635
7942876758
9240031046
8486002588
6003710438
6026669552
9085223160
7003844393
7002715539
8287800623
9101278564
7517690157
9365033342
9101586803
9854038125
9864446812
8761068100
9101243323
9435512037
9864906771
9435129786
8471973427
8638854711
7099094242
8638026980
7002184035
8134082696
8822981839
9394826290
8876337065
8209693679
6901512173
9957899526
7002087038
9101676791
9435123968
9287999849
6002116402
8822559781
9435646462
7002516707
9678316700
9435064049
9954604540
9435845710
9954475777
9625215619
9395994394
9954497737
8486040133
9864127124
9864063366
9435113367
9957566738
7002055506
9181357558
7086945620
8638119897
7002409145
7002213952
9513180380
8002660018
9435097646
9435199011
8638852052
7637011112
9864988885
7099034590
9435549649
9435041423
6900523547
9864033551
8486466518
9864060722
9707521294
9678788386
8638113432
9954796299
8638848728
9401297243
7002111427
9513184234
7002471863
9706674963
9864044491
8473040902
9365487243
8402987238
9435541538
7002036424
8037240926
9401310541
9101039441
9416345615
9365397814
7002963733
8876329669
8134949752
9707893799
8876220656
8638274879
7002111584
9957896811
9057400662
9854290582
9167160437
7002141979
6900572498
6000016898
9101273129
7896801413
8876006022
8638761079
9101742689
9706692301
7002334029
8761060322
9864042724
9435422533
6900962144
9181068772
8011276390
9957601552
6000053270
9854026302
9513179789
9513179973
9435645351
8486529749
7002607235
8812879613
8256808845
9365293048
9854060401
8011810143
8471804672
9707195310
9864708447
7577007772
9707887809
9864525359
9555581581
9859646926
9957583274
8002083388
8638773657
8929031693
7002071628
7086827064
8011073828
9207123450
9513179551
7896319433
7002176194
8135053255
9864711157
9101356198
7002365005
9101468707
6001296388
8743028881
9289923124
9435054323
9954422800
8822830424
7578933477
9513445324
7086043500
8723822301
7086012478
8638557428
9957381510
8638222122
7002500523
9954318613
9706612093
9954034460
9707628882
9631148711
8983127579
9864902534
9101425986
6000544262
9395235764
9167837611
9101971813
7002069430
8876640193
9954182658
9365101997
7002412108
7035022110
9127055738
8882035494
9864246481
6900870859
9508343464
7002363490
7002412217
8876605851
9435087176
9395043981
8403961398
8486866627
9395430423
7636052575
9678694662
9365197733
7002426421
9864070675
9854054500
9435112507
8486321423
8638845583
7002335459
9531050555
8638790855
7002584487
9435031479
9864382912
8011103355
9508955022
9707124655
9707261514
9864335115
9707022400
8743820575
9401278657
7002210994
6003791510
9678005855
7002441530
7002802043
7002513418
8068434180
9854108259
7002074340
9864939147
7002972850
9513446150
6001992512
7002446010
8742965758
7002269089
9577533121
9706254470
9854320122
6003310944
7002685025
8761061396
7896022071
9435325605
7635803046
8135884255
9101244385
9096500123
9401115867
7577003780
8037781780
7002215695
8135067757
9435150474
8505822677
7605073799
7002702450
8472837463
8474079731
9435659459
9678766687
9401706986
9954934544
7002835672
9435568067
7002181306
6003433663
9864850288
9101688121
7896733916
9678897408
7896299415
7099030409
9101177981
8135094582
9613478091
9101349122
6001507231
9401046253
8402858774
9435069634
8486310437
9127365435
9954801826
7002923421
9401827964
7002405687
9957903665
7896239770
8472878267
9435127142
9678853103
9365592885
7002880841
9101172835
8876634755
9113065354
7002550732
9958595866
7002981708
8638088683
9435111319
7896227361
6003346250
9954410669
6002183048
7002779886
8876754696
6001202606
9401604763
9957906616
8638066709
7980931388
9085716237
9435035548
7002184527
9864448728
9101250043
9127114713
8876408984
9365087119
9707738976
8404033861
7638803378
7002308186
9387357844
8474068133
7002768512
9957708455
7002807784
6001836970
7576910534
9181410607
7002735175
9435397769
6000520075
9531028458
7896082089
9435771404
6001412630
7636076398
9678209522
6901388908
8099505431
6026280557
7002353354
9181366916
9401238068
9101454400
9864076179
8011504693
7002587637
8638985738
9435507917
9954510050
6002094887
7086205244
8822724300
9577241369
9864576107
9864435353
9954752327
9957890180
8638311310
8638417965
9435108482
8638375062
6901320525
8811880051
9678928192
9905843551
8402877671
9365408136
7896013406
9395909657
7002359128
9101260872
6001325039
9101479069
8011317055
6900231249
8071640181
8474055655
9954368550
7099061773
6001099902
9954315563
9435038849
9864792137
9864620001
9101250652
8638904113
9435077110
7099160121
9957712819
9435077235
9678073911
7896690462
9435077257
6001817050
7099004522
9954059101
6913002110
9365515427
8638040430
7086773516
9395112203
9435069326
7670024365
8071655462
7002414785
7002211251
6026137385
7002177095
9395536223
9435515715
8822100967
6001096249
8471923124
8471856261
9394274141
9864777166
9435234680
8822077922
9706850873
9127811672
9706873777
7827968057
6003681698
9435020363
9365771050
9127458537
8638229212
9167994897
9859392341
9435239983
9365319951
7099481497
9435074955
7002439940
9706533914
7086880554
8638653673
8071629030
6003394059
7002067082
9101741660
9954396784
9957484571
7002045644
9435123113
9101777271
8638315352
7002038563
8638119167
9531248731
7099099962
9623396233
6375843327
8011663618
8638270241
9435085360
9577393737
9706625612
9957983306
9678281265
8435287862
8812818638
8471941013
9082702410
9954064566
9401805379
8638982123
9395924478
7002268095
8720955730
8403990191
8822514728
9854705286
9101745342
9957924665
7002247299
7099815137
9707864420
6000143626
8403894890
8822115111
9181452023
9435086459
7002815955
7002258755
6003687004
7002634781
9101737323
9435066685
9387897277
7002357600
7002097957
7638834326
9395344561
7002852485
6901131010
9435079479
9954145428
9898070257
8724854103
9707047779
8486955137
9854550513
7002511619
7086306902
9395443141
8822077757
9706084041
7637026092
9435055340
7002010627
7637856484
7002705604
7002759599
9954283475
9435029632
9957954168
6901850459
8403837467
9101315151
9435214350
9107720007
9531435127
8638582695
8399833644
8099911171
7002313139
9706477141
8638788728
8876893022
9864194369
9435080061
7575965109
9957093255
9706266678
9435036020
8822935219
9435139993
9435036546
7002425844
9435901707
7002711714
7002585826
8638682021
8822275627
7002328202
9707598229
9101324094
9181355171
9854092420
8291979541
9101157005
8822022925
7002520744
9706430022
8638700652
6002827913
9365325727
9658898445
9435946775
9954836997
9085161349
9476831733
6003925077
7002372834
9957547257
8847068332
7002676496
7638066094
9435222845
9854974240
8638687197
9859782866
8638027933
8753957448
9859980790
7002957309
9859365490
8486733499
8254843888
9954034399
9957119125
9101452807
7002857377
8638836741
8638296081
9864398315
8069761703
9954341808
7002494408
7896731210
8876223344
7002187260
7896618872
9365001732
8638112240
7002789548
9957872766
9954738825
9957174751
6002372482
9954647744
9401226800
9706042186
9101818934
7002625510
9957937587
9706262571
8822777555
9854016665
7578942297
9957343013
9395265478
9957015499
9957795647
8471861455
8011612176
9435729292
9957117644
9854131587
8037499982
8822977592
9395755944
9957039787
6901861105
9435320041
9435594546
8099464707
9706578475
8761068085
8638227300
9774439316
8638843173
8399999758
7896171820
8876785954
8638017327
9854059184
8011433732
8876425878
9854847131
9954454758
8486839764
9435720622
8876679401
9854066775
8071326880
6003909961
6026511802
7002089340
6003121297
8761904925
7002933340
9435093110
8011890666
7942762712
9854860558
9101863692
7086119375
9954012228
9395392077
8638220482
6900662138
9854270082
7002688428
8638286653
8876502934
7002551348
8135975507
9435131118
7577852185
6001845452
6002804448
9435131034
9435131285
8486106233
7002655586
8011279491
9401756958
8471944485
7003726671
7002526382
9401564069
7002139153
8638743234
8822124897
7002416372
6000280538
8910260042
6026152509
8638094986
9678941129
8723861851
6003031054
9854473869
9957209633
6003885306
9085580307
8474870491
7428434290
9864036788
9954056014
7099216645
9085764315
7002057823
6000408501
9864021056
9122755982
9864265074
9435041638
9706266545
7099072810
7099026688
9706030703
9435365831
9365724012
9864983607
9954052778
9365460768
8133827668
9854492669
9085937387
9678449316
8399809038
8011527775
7578033745
9775845087
6200373833
9864061850
6000283402
9435341173
9954126423
9864442103
9954415968
9101601269
8638556770
9101657004
8133097859
7578000212
9435080153
9678143733
8001030123
9854520517
7002333876
7086419400
8167692041
9387548908
7002058202
6000475660
9365946400
8011271432
7575950003
9864834684
9435746047
7387475486
9435014693
7002845046
7002714369
9954556972
9864175110
9706746279
9613159668
7002813955
9864210495
9954751863
8822938967
7337885262
6001069229
8638722574
8486119539
8486163717
9954684922
7002312238
8486330964
8812069145
8486808582
9365452365
8876909172
8011680913
9954303765
9365050380
9101398856
9435846733
8099340360
8011857996
6002405509
9954249955
8237784220
8638683445
9678082491
8486249925
9864183092
6901474499
8011397192
8876262291
7896805776
8135846467
8876962994
7896513626
7002311923
7002974770
9864377658
8811045865
9859971447
9954829016
7947165318
6002620081
9954736527
9289922727
8638993289
8638829654
9395961379
9891564622
8011128257
7002617504
9435044292
9875370663
7411959628
8037839443
7002063455
9181860511
9678523754
8638061914
8638791021
9706668676
7578087120
7636015067
9706165590
7002426238
9365288269
9435070738
7605850733
9435070493
8402080886
9678064500
9859905173
9365009083
9954110385
7002505482
6000074852
9435081856
9678043978
9957038466
7002871633
9612646991
9706160542
7099646554
9365846490
9954441590
9365049361
9365190327
8071325765
9127826826
9954996308
8472812681
9854016747
9854060369
6913817204
7002043811
8822664400
9954250476
8011744331
9957132421
7099189321
8471892554
9395405108
7002922651
9830036331
8812911298
9435015057
9859941044
6002393176
9706012629
9706432846
9854154509
9706771104
9864972096
9435150854
9613756544
8876385474
8724875473
9395713803
9613034235
6002348850
9127868136
9435887987
7635990714
9435071014
9707624042
9957453637
7002721227
8506064181
7002136608
7002618168
9854982121
8638082502
7411781196
8822462855
7002976794
9954440122
8071629975
9706321335
9706006842
8037839389
7002755943
7896849391
8453047619
9395406005
9435754461
8779338621
7002341140
7576862499
8062904654
7002131213
8472848208
9864762453
9435127100
9954044600
9864858237
6000120535
8822579096
9395115595
9957568259
9435035933
9864354539
9435044598
6000981707
9101919717
9864437293
7217888043
7086589109
9954425651
9193759655
8071629331
9395639741
9401369987
9435018838
8256050972
9435171449
9706585420
9435376484
8011002949
9678256865
9435021225
7002641131
9678109385
9706430986
8811096395
8638836853
8638489842
6913349749
9435702729
9435030376
7002023858
9365775610
9435341555
9435029874
8638978550
7399051141
7086377035
8723031166
8002095678
9401561851
8638894669
7980169014
8638943200
7002683674
9854225594
7002919245
9435117379
8011959088
9864518219
9957642865
9864582586
9954383933
9707602137
8638227428
9435037936
9707137450
7002814759
9085112349
8133875728
7002041044
7896503845
9706907133
9101377719
7002043674
9678973572
9435053760
9678377774
9954564336
9435131612
9706967139
7636034478
8876964151
8011120191
8876164484
7086719741
7002450833
8099198386
7002804843
6000714841
7002612913
9706036257
9435053902
9167797065
8812099857
8812993610
7636815166
9954807195
9101922327
8638923635
9859343272
9957067723
9401910053
7002577258
9435326720
9854337650
9577449810
8037908062
9435861048
8099871800
8723054717
8638001751
8402937093
8811033037
6900298266
9085582331
7896326257
9864081643
7636885300
7099078880
9864063410
7636043024
9435500474
8638750225
9954355067
9678137398
8071499779
9101456047
7896605582
9707755579
6901484084
9706440801
9365488525
9864971380
9101173336
9988118077
7002393279
9435080571
8876256964
8638033549
9435083689
6900525308
7002799049
8811034502
6003762926
9101756294
9706934551
7002732659
9435515751
9678864610
8723099781
8822011115
8812023778
9435667171
9365530995
9365014447
7635993170
9957393491
8822131933
9864392731
8638695485
7002381211
9435226327
9957854035
9395661197
9435357495
9435002423
9864446976
9365031955
8135084402
8133964846
6003886285
9859012416
8811040453
9435529547
9476618299
8638277031
7002083119
9435058828
9954997665
9435105205
8876264341
9435083292
7086637614
8011590187
9678765847
9395017221
9435077505
9435077173
9741087128
9678744347
9864317777
9706545944
8876875415
8638563821
9957302698
8720911461
8071877345
7982447124
7575924575
9706329165
9957470121
9706677909
9435026232
8876024832
8004251199
8402860632
9435028192
9707097680
9435185528
9854087300
9387780636
9101630161
9101855834
8638324854
9435084581
9957691261
9127124746
9864894388
9706323580
9957381904
8876125741
7086921213
6900650997
9954380361
7002914307
8638895131
7002797773
7217888233
9954509360
9365405592
7002210807
9859305043
6002415628
9395370466
9365347313
8037537555
8486414509
9613341507
7002369063
9859193589
7002184811
6001670025
9395054841
9513446158
8638921948
9435036050
8723821276
7576842278
9957267146
9101448551
8399054481
8134902215
8812917116
7002873239
9954350313
7002208594
9435162201
9707197071
9372757795
7002519395
6003011124
7637966303
9707559604
9181042151
7002292863
7002739582
7086371973
8638118138
7662962967
9613686369
6002239810
9864370153
9435836507
9435107160
8134901400
7002010388
7001944348
9330774508
9435373979
8811906228
9954129907
9864070004
7002249506
9153883896
7070070092
7493916194
8770286687
8809214441
9582180512
8709149316
7763817632
7250624205
8084481067
9470264757
9852070771
9693232461
9234964151
8080801651
6299385618
9676587329
6122541103
7061775353
8448760371
7004154185
9835276595
6207349481
7782025848
9953875958
7316980764
9835655532
9570116116
9288172307
9576262262
9661031711
7707006012
9149334427
9279592770
8271370906
8102171162
8409848451
9123295887
9264444040
9472969648
7061266602
8652796320
7488191655
7544880099
8340558519
9430600094
9155111761
9304085671
7808015645
8210829495
8210653297
7488045421
9534095340
7892087076
9431689930
9905952328
8210222426
9031647721
9386347918
7992336892
7208218064
9304958711
9504034861
9955990180
9245288528
7707006027
9709906330
9835096225
7739040056
9431253169
7667461574
7004802017
8581098233
7050318522
6200359493
9334696946
9199450507
9525338415
7323902893
7783023301
9999732132
7360059803
8003457244
8210113511
9431427935
8936061637
9386446282
8929328703
9304848846
8010222222
9308854508
9955819736
7520317566
7903520087
7004339423
6200562646
8987336399
9534933332
7488262494
7707006029
9540888590
7367015613
6203138339
7463934028
8651775389
7979897204
8092259051
7654123690
9006260222
9122680982
9334143945
7004764035
9631541309
9905407486
9467970491
9431217386
7321944916
9262705547
9929974214
9142873421
9835960583
6287754444
9110975185
9931225291
7042625320
9128112809
9334913509
9304271019
6203594259
9430463609
9801282865
9523514681
9135000036
7903461270
9534589323
9835616515
9835982205
7488740692
8877471919
9102000152
9798066891
9284750466
7739474142
7352007852
6203088531
9234735315
8676974108
9016309231
9011132075
8292972325
7366838303
9507908922
9708365508
9110167305
9905334888
9304080246
6115227489
8507661501
6126688668
9905952104
6344243105
9835206464
9006882555
9709550684
6200260892
9835829862
8789163681
9334424933
9798299955
7277725055
8709516507
7903130536
9835035465
7870636168
7979053142
9162519929
7903258502
9334281176
9097199990
7779849162
9263931569
7207467051
9386131393
6203118792
9973161161
9006166595
8969284085
6205942608
9304223303
9334542516
7979049229
9835862766
8409982264
9431238038
7322943421
7004388725
9905443780
9334370868
6122352666
7781924574
7061627992
9931637792
7949213842
9234587006
9234161702
8789077073
9835009687
6204800223
9153544928
9431646175
8102294331
9931045959
9006366040
7070652421
7368940203
9431626916
9229662730
9905209740
9546801990
7352258628
7004129325
6201884262
6200433548
8271613435
9110926973
8797177733
9334534100
9508698918
8071407531
9955766308
8873369949
7667030160
9060797270
9386271213
6205729784
6203737876
9065787770
9240038336
9709420455
6203510765
7779891452
9431862682
6200407647
9905375414
7903895531
8071006293
9199400772
9470219200
9430297514
7549264587
9470741604
7549137549
7050028307
7717722805
6299227892
9334222294
9971038077
9334777330
6123504159
7827859602
8757422276
8409214472
9334493507
9582212222
7319666655
8045906699
7004438759
7631970666
8801008314
9472079670
8521111117
9162099293
9708772772
8405844955
9693466358
9973170009
9431453782
6200676729
8968885014
9835980033
8210316214
7050210921
8102913495
6205674985
9123196441
6203178926
8252878700
6206166790
9431412025
9060841555
9570557666
9576956475
9911008326
9334538679
7091954280
7250090066
9313204191
8877990090
8298127070
7079102102
8002055552
7979782209
8709097225
8455018165
9334308261
9122748424
9661119503
9835869921
6122320269
8434343606
9583552050
9308020053
7484043872
9661517777
8102262107
8651180007
7479996132
6205012591
9122750253
7028100184
9430044668
6205191139
9241059155
7482938009
9955339256
9852413885
9708146311
9308424289
9473221515
8877599993
9264457560
9504313700
9431392270
7294919491
7255080808
8294421196
8804060430
7631569915
9304009140
9123430129
9931299074
9167040156
9334111540
9431074574
9708552931
8434083063
9693011015
8527926648
8083107382
9661687071
8448819959
9065807999
8540853431
8789930677
7070290470
6122557075
9386413231
9508387358
6344463267
9263634707
9546036233
7903006670
8051558571
9334375850
7631886663
8757524222
9934480199
9135641253
9470093774
9835232347
9304118738
7004561005
9905654765
9546465515
6203186077
7091598055
9297911121
8507399631
8092755185
7644064108
7479864144
8757250050
9262960500
8271346786
8797819334
7979736942
7739434368
8789064759
8291395036
7070965716
9939393436
9905926197
9939302628
8521712418
9334122762
9155394055
9608906111
9472151451
7250064610
6202703102
8581999990
8797339599
9513445298
8291733980
6412409411
9771274218
7283056501
7004532481
9234515891
8750055735
9631250693
7739516067
8292566100
9304051874
6201772930
9955515445
7979810667
9608818449
7991188301
8291907917
9702122462
9155374789
9709994343
6299995110
7654140187
8210743321
7557558958
8825174916
9334224983
7870350206
9334491150
9955139356
9570395370
9473449907
7352152933
8051674447
9155555633
9430448383
8789960608
7763800369
9431869505
9308054881
7061590200
9473016564
9934654712
6207953182
9599433235
7942876686
7979860874
9939252380
9942088620
9311630087
8432029224
7835053869
8004104958
9263017564
9386830042
8521835910
9304226816
9304244972
6201576637
9334169149
7091046444
9334078765
9431493056
8292105551
6243246201
8071890109
9123417939
7858950954
9334132795
9355522591
8789036007
9570911156
8521948413
6203314213
9504292906
8789136568
9955504707
9064575703
8809964001
8789483605
9142695640
9608048674
9459469453
7004478833
9934262848
8071890113
8877415032
9097004455
9852773380
9304917389
9308136731
9015435309
9934641900
6299789114
8291973701
8877283388
8521158919
9431291454
9113411258
7982030582
9431267901
8804002168
9234262847
8809795426
9334834554
9155846188
9304936384
8051818436
7835049578
9308415986
9431818071
8825339405
9204403058
7542834108
9939103232
7669645505
9097979997
8271776978
6232249938
7519956407
8709149534
9113869928
8657568796
9006488451
7667011465
9311775494
8291974835
8002880395
9153928787
7631457089
9835269411
9576664666
9852888343
6207391880
7985550790
9431019995
7367805050
6205127676
8037838635
7903385646
9572048956
8292455994
9534258666
7903681499
7979768072
8709083341
7011033008
6203775474
7488356266
7808063765
9355522609
6224260265
9852201418
9835601504
9263313279
7004629149
7004676608
8084516648
7070550077
8936819584
8071679929
9852832735
8969697777
8071889863
7678652280
8046808831
7979009221
9771563543
7004355693
9771404234
8825350124
9097085476
7004876254
6207640015
8298599844
7870774460
9918375279
9304036920
8409078722
7488320233
8291974205
9113315512
9955655759
7766093973
9608385852
9835494312
9162604336
9525995556
8002267917
7277762350
8879349989
8092873603
9525468591
8071889954
7979834311
7070325175
7870590734
9972361594
9955789606
7209200020
8210536160
9905435351
9798775244
8521139106
9123422268
9199322026
8048045559
9430839664
8804083750
8541960389
9801054857
7428755545
8409514071
7562992681
7982696472
6202965214
9155242261
6204002011
7667514722
6291969721
8651442769
9199115271
8051458756
9508204401
9199746596
7903812143
8434354443
9835445346
8409418288
8505831316
8002050512
9472239621
7352500998
8084614084
9241922351
7004273731
9142625275
6204182245
9304095085
8929266223
7765098111
9525332211
9934624192
7050731000
6206097764
9430018871
9431413048
8340687097
7033807068
8307220753
9873928561
9473495789
8709901734
7480033888
9386448444
8709475501
7321061033
8651600015
9315141586
8340173330
8789548456
9576266392
7484834038
8071889990
9162198786
8210323510
9167180194
9534913533
7970636340
9523643786
9955294494
9955825258
9525592759
9065575878
9525657299
8084447775
7385942163
9613419419
8002353559
7870428559
9570015258
7480808888
7970615942
7488436335
8709829872
7781885050
9304531449
9905075450
6456295296
6202065278
7280055200
8709715302
6201563638
9708704283
7677722252
9308489790
8879883965
9031971855
8002798605
7209748810
8757932704
7488033231
9431478738
7779952224
9473350465
9430451393
9355523089
9430947500
9523818143
8877879773
6200750377
7835084933
9572886126
9006065858
9508598087
8904411864
8062904672
7903088704
9572941792
9471630667
6200286744
9939077850
7250635088
9542564072
8409999087
9835612403
6287173155
9470840488
7977068176
9608008502
9028416285
9334306496
8008891060
7632949143
8793929022
9939991713
9355523087
9304834608
9968007377
7070804799
7087613949
9709518708
7543003232
8210690259
9263436862
9717020412
9934457707
9334154001
9934447929
9934084546
9199792655
9472614342
9264472137
7763814652
6203843748
9525802341
7643068464
9430524452
9939128883
9934660390
7903112530
9973473434
7643825497
7004611098
9916469446
7717730068
7352438082
9430007295
9973360001
9939881065
7250986462
8877755281
9471672996
8051925019
7870956776
8987190254
9431244012
7631661620
7091133056
9199697128
9835240041
9934974045
8757778111
9931940464
8001037386
9835694669
9304754871
8676993999
9322315452
9288447478
7301960834
9905533631
9804516257
9523101809
9513445312
9717875952
8804981786
9234388100
8083208407
9905943085
9031044156
9523987514
9430111000
9031243094
7677355469
9572958196
9811082788
9958255977
9835230185
9334338989
7070000736
9386183342
8789094144
9234052600
8406004300
9708222719
7042825302
8920930157
8404983879
9431860296
7761923249
8757570858
7282014973
9199933828
7004387994
6412423531
9560805022
9110900400
9934291332
8292085613
9090110755
9117171790
9334125186
9534444141
8929111435
8521050164
8210344609
8879976934
9771439773
7004731654
9122776626
9304335375
9199930104
9708865003
7209304874
9973759368
7667584378
9470090621
7260983512
7707006004
7352368570
8929111298
7290880801
7834980900
9355522981
8409228099
9123838145
9431401028
8809850361
9304223294
6182222008
9798901341
9852212239
9123173305
8252504908
9262720898
8579936094
7370041283
9334101442
8084029999
7217887961
7011291430
8084961985
9472812677
8700177325
7303066164
9835070190
7545001199
9017359181
9155332222
9431206524
9082708223
8505803499
9470745145
8757986961
8657568933
8298348005
7004970152
8047027204
9431438652
7004980118
8409266071
7004421046
9852822022
9534805991
8002186273
7004966118
9162490624
7277330356
9334954263
9608840667
9771665372
9835098388
9546965424
8447144646
7004210880
9711828730
7279819601
9852478510
8634687777
9905120820
9097036542
7834805353
8882877626
6207252681
9065585051
7004829510
9661716291
7488105380
8657588403
9304457108
9386897326
9205700466
9470222450
9905245864
9693810092
9955848368
9386910621
9513445187
9771407476
9065566118
9835079513
9304055873
9661240404
9973317044
7250226947
7004101738
9934763900
9355522486
9334848129
8292825353
8210013367
9229551007
7295958408
9708009456
8873058499
9031516866
9128400732
7530831905
9472155555
9771222492
9771653227
9117282257
8292922352
9955353543
9262354410
7004469121
8271218500
8603450944
8210158422
9693082360
9470057988
9279813614
8056119058
9555246149
9229174988
7366860900
8929111537
8409968643
9504228222
9973915082
8877883633
9304786138
8252813330
7254819803
7254822470
8860640733
6201028167
9672119898
7482932509
9798306372
9135149205
6299784079
8657568682
8986020610
9430951980
9313018130
9507539869
9355523090
9472148143
9354196784
9308560647
9612942489
9334518306
7903377391
8443026265
9546995776
9546293066
9934751834
6200826551
8092349030
9973745555
6299958138
7004865243
9939255130
8447090039
8877396631
7979860332
6114357830
9431271220
9262228333
9892841174
9431858960
8544207704
8264100981
8083849209
7481068602
6299471003
9852843917
6206335965
9334948275
9693604943
9771035702
7352092956
9122168471
7903671221
9289922712
8298661742
9162455029
9472689867
9507030355
6204523002
6289644211
6122233333
9910863960
7209711961
8789568094
8291973329
9507395333
8709492739
9386122718
9693573171
8709495758
8084241216
9942087157
9326940215
9931886065
6202562502
8797251031
7033263486
8409786886
7858955931
8210101223
9082702144
8291974185
7909046529
9334400556
7646048949
9135714040
9006606090
9060735479
9934658217
6122504045
8709688506
7827375347
9891652133
7634824056
7646003334
8271523368
8825239505
9334512030
9955347764
9835441250
8789923375
9590258605
9852548180
7004818903
7979741995
9852140795
9199441002
9513445980
9304780276
9308345004
8809688719
7033097829
8092352627
7979030399
6202611554
9113195569
9153267531
7991143183
8047642577
8076536378
9798090584
9470666466
9708205139
7004909614
8873609623
8037837548
9431241451
9431435902
9513446324
9768186411
8929111602
9523065824
7295970737
8291974034
9523172888
7557731082
9835494200
8879238021
8292424574
8002760502
9289922791
8873559342
7480057737
8210101436
9471454931
9771137513
9708350579
9288169651
8657568865
6272222076
8434826666
9619934108
7544060607
9572590255
7484875586
7079537790
9955777199
7004732788
8291972988
7091966998
7903753291
9513446341
6207490700
9334475188
9955555585
8789559692
8409480668
9334759525
7488805311
8804067732
9334165209
9135554000
7834963599
7070074836
9945608687
9304493585
9973350820
9113416937
8291973585
9296787356
7903031970
8882525151
6206334663
9122194521
9162443045
9955293948
7283050216
7004459889
9570535353
8863062158
9931167770
7903000290
9654161778
9304165515
8340136034
9470210620
8521542244
9508502105
9513445612
9507070946
7004735726
9234921558
7949213830
7256836548
9472923855
9934443007
8271010438
6202788534
6201993484
9334766760
9934654122
9973343993
9852606846
6275222224
9308993899
8789264079
9155057311
9523909033
7061075777
9955594369
7209114447
9905441266
8789133510
7320027661
9955555676
6201833667
9167238550
9431653080
9122804205
9205810100
9801084700
9661222455
9122930276
9513446577
9709941046
9801792207
8271353092
6200852717
9798999988
7277352542
7004435166
9431890143
9534868300
7835053865
9955732704
9167416882
6206657016
9325516832
7004252398
8651409270
7492976949
9534905428
7870117077
9117011928
7463860485
7779998883
9334836474
9241291123
9431032748
9990141929
9905878253
9472852131
7717777140
9372764709
7544914357
7320836982
9229234848
8271707549
9931073315
8409663255
7295077208
9934410611
9473354310
9199533111
9471283151
7292066552
7321090480
7322954009
9709090189
9162285292
8100855899
8700230443
7004175890
8271029770
7482042595
9548000088
9431415162
8210753557
9386162590
7004328831
8292915185
6204425971
7781815217
8271039382
8544210600
9430431190
8825323717
8291974210
9065901801
9798207255
9709709833
9835217615
9910192319
9934961656
9939927078
7004251112
8709819926
9241277675
9006004499
9430444765
8825113907
8294577177
9835043243
7254811555
8587836436
9931295474
9934229011
8544154455
9931044341
8210504421
9798106980
6201439358
6354718978
9122899170
9572271499
9631893705
9801030066
9334453558
7250788068
8210121902
9708421998
9771053333
9771666333
8527455069
9955523071
9262788228
9709793908
7562018338
8825311721
8226901000
7250535785
6207397057
7562920937
8709777527
8757666304
8210256976
9955322296
8292941029
9142535416
7004337978
7992348394
6204569692
7301533333
8934961791
8210265979
7783897928
8401215607
9473027272
7903451848
9931012522
7667100638
8825246150
8969400913
7549459996
7004934221
9934657964
9471955219
7061600001
9771154448
9942000193
9798764340
9525815301
7903612828
9431092381
9431474185
9472077777
8709147067
8051720412
9007430758
9523480617
8340146120
9905667217
7323935732
9693989933
7541027515
6200443836
9835090009
8709411286
7870371843
9504578504
8340712226
8409821589
9430000061
9570737433
9934984374
8929111536
9431091136
7870569905
9304415323
8936096869
9801755635
9031400553
9631429719
7320939658
9006485455
9315020763
7906114422
9771858729
7979734750
9264110363
9570506222
8406068772
6200978643
9801218786
9155733300
9899800575
9304022264
7835049589
7979805643
9931853022
8048170690
7549808771
7667049008
7631594768
8271293282
8809101000
9931093156
9430806140
7759026786
8809377936
9470407506
8603205052
9525203640
7001989026
9471424994
7004376098
9430881872
6209899035
7485090885
9264499211
9472423703
7033313565
9031365560
8210986905
9296066626
9572504524
9709704785
9334337871
9934888896
8252181948
9709769910
7717720229
9431461394
8210048391
9708011998
9576324245
9771523423
9113165838
8674940384
9304722456
7903071356
9771498806
8804577101
7546837549
8603064877
6201129428
9835068731
7840862199
9934284530
9931943004
6182232058
9661170049
8210611923
9097335327
9911345388
8789658474
6122350859
9304673290
9931846621
7250330790
7033066595
7779990946
9631324307
7992242294
7982702423
9634088041
7277380581
9905607591
9693252813
9102726858
8804500125
7903767004
7979948317
8540894472
9534002582
8507219786
9308063961
7541877494
6202525048
9279856143
9155731007
9570244352
9361236396
8581017502
8804778177
9934775300
7250363191
9288302223
6200040166
7667644121
9801027956
7258021625
9334357024
9471059168
9110956793
7210050006
7301073020
7645089706
9262768095
9122187326
9955662999
9934373229
8986084258
9334706796
7004191960
9711742579
9162831848
7808630231
8825381959
8797001672
9122000122
9137563900
9229039001
9279533203
9801232367
9430238770
7277041275
9801604466
9431289116
6184250035
7004178242
9631062910
9162972084
9631974007
9334258608
8252276573
7250404444
9931727513
7004255239
9006463503
9835794348
7739919594
8002563652
9801467996
7050758500
7488616379
8839348240
9353859029
9334691234
7256816518
8084040300
9241078438
7979902762
9431020732
8809575553
8709861227
9852009318
7361912872
7979059727
9097165014
8409560506
7277629203
8271769467
7947165296
9326823284
8340494504
7004742409
7004198163
9955410922
9939535100
9431616038
7277602111
9430474500
7291988857
9431428832
9472500961
9525279573
9006197484
8092907594
9006517230
9097002029
8210856533
9709301133
9334746185
9471679158
8509118815
8271695505
8051676576
9852550861
9973729191
9523061545
9835084704
6203236339
9060083633
9199441129
9852342063
7371875515
9931163195
7903867451
9097126368
9955231188
9355522958
9771550789
9709730557
6126714974
8002884215
9472933300
9097761563
9473210532
9835258859
8210489130
7717779824
9472899001
9798517807
6287555207
7543035282
9334782664
6207242254
8540050866
8235556982
7635064380
9334747292
8541035344
7903345559
8873333633
8527181655
9801112266
8969475191
8789316378
9472958003
8709363167
9431048339
9973609805
7979894347
7033987774
9241473523
9122743179
8289016010
8083900808
7667856751
7070567281
6201039870
9905825774
9709333300
9801635472
7260840493
8789351160
9472503631
7324802828
8083613146
8521009923
7739873442
9572116000
8294526074
7903614029
7277084780
9835850264
8092856942
9110996292
7488688875
9162329140
9990222379
8235278783
8434387423
9162414178
9334206762
9334047275
9931924970
9279261097
9122433000
8051180511
8581909536
7631176499
7903166139
9835830888
7596073942
6200826239
7835016667
9661946046
9398026501
9341933175
9931028601
8789895262
8083995920
9798378243
9065407330
9262616138
9608764749
9097922950
8044938976
8789795275
9334730111
9971364952
9835291073
6124077197
8071889601
8071889862
9708097552
8840081368
9334143034
6290257589
9472196287
9211414618
6262300031
6200277021
9854234785
8987120140
9471206155
7654513539
9508000803
9472213469
6299537629
9525803817
9334482624
7070707491
9508485266
7667915811
9708137546
9835237757
9135640606
8651636333
9931475249
9315954494
8210800754
9534818121
9934316401
9525951616
7485868733
8540945480
7050205271
9135707271
9931641678
9934792490
9934952335
9711337319
9431055914
6204863665
7463957539
9835673826
8849718589
9334709962
7982446186
9939545765
8789482590
9986788734
7079060265
9709010072
8252004471
9576131844
8340245271
7717761759
8002335360
8298384526
9934916547
9265082872
9534552551
9334196747
7050205820
9386453695
6205324271
9835449825
8800023546
6299803984
9431860600
8051668314
9955577666
9905822214
9709536555
7480094847
9525862677
7632064577
9934759847
9234466552
9873909552
9117941749
8521072019
9570000323
9031130732
8004914340
7282911001
8709835324
7779997575
8210680716
8651032163
9939735761
9939965891
7070111994
9818006909
9835279059
7761934697
9934682799
9431616551
8291022126
8797979808
9334010110
7979068659
9471616122
9934935428
9608265321
7903716177
9264492853
9748676097
7870838482
7903741501
9097188220
9508696686
9386744477
8809998475
9973956573
9128815851
9934485822
6253242511
9430688666
9069785295
9934070148
9560952012
9431684900
9334027722
6122672962
9523792274
9852220903
7050054902
9523167272
9431021096
8102651404
8210525588
9135854994
7294803020
8271330910
9973464695
9631411213
9899087003
9204789998
9334255685
6122230156
8603328412
9308210187
8825361442
8002806669
7070000694
9939325257
7782926844
9835260092
8071408386
9973475753
9097121209
9296824357
9128961001
6205023665
9334442401
7070894786
7903113610
7717700484
9931664425
7717720153
7277492305
9334202173
7654418702
9708071006
8920591358
7033679591
9430371118
7520592092
8210720036
7678631215
9771329507
8797111139
9934080808
9939369089
9835678553
8002541707
8002077236
7595923338
8862986278
9304804373
9508546969
9905805206
7700838586
7667427741
8084595681
7903316758
7050217826
7739306005
8235179184
9234568750
8340768262
9473360304
9709611005
9852071645
7004737505
8969227791
7050813544
9229734877
7079138350
9430488524
9110053946
9470837849
7061546323
9575999890
7367844026
8877454733
9128610553
7992236584
7979712803
6207971393
6202407161
8789708971
9234828582
7240687318
9386407538
8677923372
7004942107
9852066675
8252144422
6201435926
6203916944
8581911325
9631460987
7979777077
7484944726
9334504008
8454808286
9693852068
8292371784
7903957037
9473146375
8083529068
9708940965
7979885522
9905442574
9135555555
9431042335
7979029010
9470685630
9006123128
9835174350
9162576161
7015486446
7544002852
8862970109
7870120851
7352312429
9798876298
9334305138
9113194826
7903148020
8709652384
7903291274
9891819242
8249728628
9708558524
9942003521
9905801820
7987417254
9661243584
9835023120
7909038349
8409814779
9097551146
9835417820
9006093006
7277777758
8340178018
9155539922
7763030137
6204065849
9334318109
9801373581
9308630422
6122666999
9162877190
9279044412
9931073493
7280000505
8271248425
9304125514
9142114856
7004767925
9334385590
9955557198
7004350353
8252110159
9308354771
9934269164
7677370738
9852456545
9525707777
9334424523
9113412913
8340234759
9709579073
9470257837
7070303065
9693428045
9308515300
9523370567
9006920151
7366818775
9097192936
8757775557
9540268381
7004828838
9334053485
9122100124
7857958675
9110066207
9065439643
9135078188
7903346616
7667960635
7870576115
7546092636
8825199110
9155395315
7488313138
7677215071
8541008062
6115234933
7004017449
9572778085
8210484023
7646006425
7700889947
7677038755
9931266650
8544113858
9608905209
8862888850
9031015551
9334069606
9835017219
7673814361
7352550220
9835892227
8877771149
6122262642
7992276136
9939573798
8291566813
9473013242
9135800892
9934138772
9934957724
8095267150
9798450390
8002626356
9708313708
8210649934
7250894899
6203487490
8409897881
7870215845
9334144232
9334948775
7903290902
6207246449
6204294207
9708770045
7739966788
9771684940
9471296937
9934260786
9835616165
6200761955
9031541367
7781929580
9955354442
6204255695
7541901653
9955135552
8046808803
7274930940
9097724395
7004682426
9304493635
8252488533
7004633492
9801655548
9470657522
7260060092
7368087584
8002615732
9162388642
7676266087
7635000303
8271632291
9199066523
9457988797
8507081786
8935874595
9162000150
9431870100
7654443125
9608072179
9798229246
9572597228
9934726709
8102377105
8298246519
8804365175
8789555928
9661011111
8789802915
9973735870
9501442828
7277466773
8809106140
8541909378
9576267619
9279074616
9619443282
9082711941
9430245555
7949213784
9939545294
8757323686
9572089539
9572607978
8969097005
7547021956
9709742072
9534285350
7061282879
9934078980
7070755534
7004172493
9534754004
9031129322
9122445795
9534252611
8001039139
7070070095
8420077645
7991167912
7488178062
9934491805
9931853468
9934141900
9122068461
9334211143
9334288533
8269505757
9934493286
8540976592
9288004312
7992251763
7717770897
9128884488
8076077830
9209300233
9905279742
9431040477
9771690350
7277285998
9308782500
9934675496
9507640675
8879921984
7808986227
8651240872
9631160764
9279999965
8114546029
9933363433
9608983178
6454244411
9973497420
7004482286
8340692424
9334337211
7707006024
9852215291
9576300472
9852292885
9430008761
9006408386
9771716161
8873355398
8045811661
7563971613
7479791734
9504136684
6201087842
6200565729
9234383464
9334158963
9334336014
8757969008
9798201359
6122206172
9386544005
9234205593
9572958015
9263989723
9234867213
8877415111
9431239676
7654381437
9470018832
9102004428
9430242490
7808752542
9523617499
9431489591
6207039383
8409499002
8789769548
7549887591
9386316677
8340348787
9708888288
9308198993
7562941793
9308168650
7070800870
9835071837
9905818233
7909002183
9135283786
7858834354
9431882960
9608964449
7903302850
7903140005
9122696430
8757567137
9708709815
7050058800
9060186195
8800118333
7004656943
8048067216
7870733458
8434254266
9780737777
7654255466
9105511170
9304690259
7250176622
9162059369
7903703925
7249498226
7033606462
8102104839
7903255400
6202256656
9097711100
9031672580
7004762293
9934012181
9934007335
9973211030
8892623716
6201380316
7321812325
9304028283
7970957411
9031830012
8789990352
7870871611
9241447404
9739864332
6290025713
9334278700
7903815727
9199796561
7870051235
7759846691
7091066277
8340153582
9341295901
8409676835
8084101010
9304991017
9709444048
7070777386
9308768254
9771527916
8434860485
8083050280
7986519662
8102550521
8864092120
8507770008
7488085365
9334107076
9135334549
9973686800
7004857654
9709111125
9334116773
9835866666
9693686800
7970727272
9386015702
7677554314
9835229465
9155744332
8789210107
7004866300
9835853681
9835219946
9771366185
7482897150
9570001113
9570007777
9304795769
9431280043
9771975443
9334731665
9990382050
6262847777
9334707718
9386802229
8252299808
8048069476
7319942747
9386253381
8271345803
7667004617
8826652056
8130690221
8252623992
7903290715
9661575020
8789124117
6201740952
9153355265
7004296670
7258036786
7717759808
7717774854
7488678459
8108095586
9931636328
9472690256
9304481108
7004105403
7004937832
8809619956
9065353456
7488243626
8409405125
9431495875
9798799696
9931029014
7367853826
7903687188
7717773113
6200650006
8210837118
9078405613
8521082009
9905755906
9472409422
9162544501
9199453519
7224009918
9341981643
8291022170
9304723030
9102157683
9334269256
8651000008
8002208550
7781915714
6205343251
9334852582
7781911478
9507979004
9572739103
9931600161
9304190744
7462867169
9810090740
7004431988
7061532053
6200715034
9973435824
9852325454
7277610800
9934041079
9113324226
9934057517
8001213648
9931603603
9619049542
7367943474
9942897095
9852348595
6312200901
9113163618
8340421040
9308094536
9835651622
9304978003
9472822222
9631280600
9931727222
7250061277
9955444550
9097963373
7492802230
7277808748
7991144532
8102558045
9472393941
9097803694
9852981991
9386345969
8084071265
8398828933
7870161510
9939210907
9431214881
8873793800
9155096582
9431669995
9934777471
9472060403
7765027305
9931702831
7004973034
7050037969
7004544434
9153345655
7250657446
9973063332
9065628786
8709718046
6205224367
6207816501
8434596777
9576227415
9334203174
7678347983
7281001075
8051337296
8252561618
8677002778
9142049883
9708020135
9155329029
7870544724
9661316448
9430962024
7979945178
9667367040
9128001111
7488571057
8291148165
9304169079
7903775027
9060555340
9334125019
6306023551
7257000113
9835250287
7209641194
9939417059
7888510051
9122994957
7488766651
8709131649
8369995651
8809862222
8084080837
8936000330
7979879050
7004120243
9431247118
8877650366
6201613653
8503773919
7352070347
8083403246
9835318178
9507294448
9234399312
7979749100
7766017844
7979826408
9162883752
7766832227
7903014469
9263403091
9431626642
9430619801
7004658817
9304221190
9334867435
8797834860
9113768172
7949213819
9102367131
7091228747
8651726130
7461086601
8578077527
9334902350
6214505004
8340289020
9431845739
9431867170
9899965630
7531034028
9525226722
9263876136
9771398830
8407003651
9973931009
9798206180
8210713806
7033096291
7076582390
8862894080
8102007336
9229293009
9304852124
9576455583
9835620114
9835811099
7033024107
9852137976
8709203550
7979012552
9386384741
8102426971
9082706931
7033190127
9693781591
7903128788
6200239562
9334288889
9953006892
8084641300
9852100200
9835060833
9334980792
9835445915
9334645635
6272233241
7870741265
9887068889
8001038583
7903316028
9709935636
7209286362
8210067809
9155517444
9835865897
9334337975
9939810092
7979838385
9771370068
8210870800
9334172421
7273816033
7970337107
8789145854
9334795860
9060126063
9835294646
9241869073
9771438767
9331913100
6203008075
9431218046
7645987456
7250183847
9006906540
6200564859
8441998959
8892192357
7984340441
8447147864
8294343955
9939158172
9135870680
9155562786
9835451687
6206892448
7903226249
8877000131
9470228644
9263420760
8603916190
8920310622
8340376810
9308752022
9199915662
9608465093
9973693833
9006595549
9334247054
9297741111
7070865155
8676888498
9570239620
7479528208
7004656699
9431640334
8539052427
8084482389
8404890749
9931960397
6243274256
7277225176
9931257745
9199456975
9371573095
7544022967
7370061886
7518023971
9931580488
6122664600
9304894349
9262699981
9332494900
6202530551
9031424370
9167274627
7277675873
8935871756
8048421993
6452245191
9852758581
9304431752
8879908577
8046984893
9354532286
9973488653
9308185283
9471218693
9431087972
8809746773
8709062326
9430905621
9835294961
7717772077
6746172579
7004847879
9771834271
9534447777
9097394489
9315171559
7272907060
9470251208
8084007920
8540890786
9955506069
8271005218
9955372600
8291498872
9431466655
7992366833
7004755278
8092876810
9939285258
9608077786
9199490300
7050940544
6344243167
9934223303
8084215102
9147750473
8507643348
7549273868
6200835817
9608846858
9523257444
9852242500
9831176665
7763818426
9708783921
7004653770
9939890060
9162113250
9934062649
9350752275
9577957748
9835990243
7352567450
9153763916
8969786763
8409277193
7870325000
7761919160
7004411531
8709458523
8340256532
9546203521
7488992578
6200257368
9006024009
8092396131
8825126508
9504168176
9472940360
8252685388
7903176124
9708079251
8539938899
8789691975
9835235682
7004534283
9431224846
9102783333
9304168919
8539885364
7739809050
9534630889
9155706557
6200236624
9905981648
7050420485
7739516262
9810669922
9835461710
9334141401
9334527224
7903473920
7542884531
9709502950
9142837681
7209476096
9117350529
6206958191
9341433713
7707095347
9955745929
9939073950
9234496786
9973286248
7970309810
7979064735
9835418924
9334715956
9031603141
9006652441
9308737766
7942811886
9334128393
9386442307
9155500100
9204256040
9097945166
9142513406
7004811490
8986215666
9148150064
8271446666
7004984531
8210490351
7050478772
9631596330
8340586191
9334120644
8789511010
7368999391
9334111876
7002870562
7739447676
9065626887
7050512999
9905951446
7004742225
8092294848
8002304375
8581847192
8084266375
8757430292
9508440114
9288079156
8210515506
8383948896
9473100163
9102676111
7765020202
8651037827
9852516717
9910701518
6206449662
7004126880
8210911011
9852003053
9601639655
7325025554
9431050230
9905878589
9304820610
8936035195
9511240811
8271238686
9939700475
9430054961
8102379736
8877978760
9431605819
9135555151
8862888555
7033191347
9155398837
7541806035
6570475439
7230926996
8294567168
9955320999
9334158930
7909028429
7050943837
9738262330
8709047712
7782999491
9955724624
9031005991
9167496152
9931073462
7903741494
8044938954
7779956964
8210769683
7295876883
9717071726
7903303077
9135755830
9122366140
7004637985
7061905518
9934819735
7979880393
9934250083
6201397382
7631335444
8879129698
7759933444
9570833321
9708970680
9835654377
9798896675
7542915033
9572537242
9546349090
9801216698
8207664021
8044938921
8002780384
9934258936
9315572369
9135579700
9229316924
9546931393
6206386443
9135572530
6206606906
9262294847
8804684786
9065566366
9234628677
9572799464
8271997843
8292247080
9546392277
9431404536
9934695370
9708137640
9709519457
9304104094
9199031098
9798901056
9931015359
8210027925
9431053769
8507714780
8804922930
7323823647
8987210551
7314620767
7949213790
6126711207
9798545861
6201453016
7091490695
9852664145
7488688422
8292429958
8002966304
9431223286
8210916337
7050707087
9386795683
9891346268
9835429844
9507483205
7764942500
9031676786
7004897517
6122504745
8544477777
9608153410
9709700220
7061009844
9386732221
9931024755
6201570115
7277362661
9430524783
9955880092
7033027991
8037784134
9508239078
6205395069
7301414400
7488311990
9065387777
7281001038
8233753547
8294367023
7631045312
6206950883
9308568822
9955500880
8789500037
9931373063
7763080408
8292520220
9199761277
8815794076
8447191377
9769638625
9090626276
9304882768
7413907539
9334279375
7209652777
9507346272
9155487551
9472480100
8340322576
7004282221
9572295780
9470204080
9709311613
7947166813
9905608689
9031440058
8092183522
8294152625
8986983110
9431423189
8062914414
8102196024
7296079835
9340789150
9162662065
8757558223
7368969796
8051575667
9709945529
9334118060
9122220753
9625273437
8084542906
8507047055
9023062396
9955005117
9955601888
9304010727
9766499077
9431225387
7061311374
7717389642
9234065342
8873331829
9431292449
6203309251
8210931799
7739095476
9264447068
9341618234
9135667005
8409827172
9341508378
7258959760
9522555004
9102758331
9128479941
7543910475
6122672661
9123207148
9431081248
7091664545
9934927614
7463881864
7477242266
9334505999
7979078884
9631836718
9508402080
6202678780
6183222567
9129329375
8863839000
8073703463
9835093901
6207335487
7979736427
9955948475
9431446615
8084262437
8969172000
9334088892
7282994711
9015948861
9128444870
9661838430
9199346124
8809398664
9931923918
8541900695
9709152742
6114223077
7782818596
9521894423
7949213822
9471404252
8210758714
7004805005
9708172722
9955540475
8541955393
9973128046
9199098087
7903144730
8044938941
9905241127
8235689601
9308017781
6205267549
9431617038
7870788338
9110065965
7050044337
8757789060
8709093052
9771196699
9430210185
8084924834
8002625794
7033953843
7982661224
9771634687
7294191482
8409606737
9327678246
8789014446
7301515368
9304814681
9939059247
9955809037
8210469209
7273046969
9576809466
7903248170
7004737447
9546879423
9939099590
9661615786
9931218733
7004567670
7632084135
9334827350
8235571314
9113327534
8825162508
8825381397
9110191741
9473231456
9006962380
8210788310
9334231061
7061823283
8409436663
7322877217
9934890700
9234937452
7633846093
9504948485
7281001064
8789889790
9470650010
9942239922
7091483618
9430032992
8051333747
9572611626
9162734847
7030901161
7004937243
7260953558
8002057440
7739461460
9939480000
7903671058
7050241878
7546888696
9128712345
9534319426
7050825617
9135467175
8084873327
9264456410
8340553287
6201708842
9523606847
9835601831
9771392439
7004100406
8051677258
9931672157
7870984017
9973646464
6206184302
7779820900
9905466094
7779820701
9431289592
9430874430
8298867808
8340277259
9576072888
8071639256
7979820433
8986905393
9123440832
9693501229
9955426786
9525243170
9006122222
9334003537
7677464363
9304293799
9608874945
7979754335
9155352173
9771459378
8804327529
9262686999
7970979797
9835998274
9334109795
6126711209
9122793497
8235123350
9905479950
9931927300
8069156806
8294177060
9060894988
8757825029
9934249393
9570201009
7008622726
8809359533
9334444897
8862856522
9852287696
8603472559
7004187060
7324096237
9123134349
8540069354
9955591266
7977232219
9953682111
8271625211
9835654569
6205796743
8210128160
9334383636
6205833138
8709815131
7903056542
8292396825
9284557842
9122103330
7282038195
8285125792
9135908609
8044938916
8541966562
9529607164
8969947537
9631883800
7903336899
9546725083
9471916400
9570356623
8210177463
9939180180
8544616892
7677257537
9939695070
9835041809
9167831523
9801610582
9473454724
9031992211
8804085560
8809322992
7808008081
9955238611
8409186147
9934466746
9006519487
6206405292
8873319088
9135472654
9534380555
9470026488
7992264892
7309166425
8709102544
7033091113
9990665155
8084076786
9934808460
8045476003
8071325913
7488213346
8651130048
8809943098
8368143449
8789374479
9431266620
6475223712
8877831555
9431657022
7903378164
9431269753
7858903884
7949213914
8582038873
7004302622
7782880605
9771459288
8521907877
9955397155
9931674623
7488525427
8677962002
9431262223
9341189811
9771232851
6205099915
8969207777
8986181757
9117735996
9334108843
8651849658
8969670080
7033227083
9341439725
9199571202
9204549172
6206746224
9988559252
9934293262
8002392092
6209368106
8210211632
8084250140
6186466259
9931529608
9204445471
8863020259
7782074645
9576555055
7091046333
8804658971
7000316395
9204798986
8521248835
8083801116
9955747151
7061236269
9199065260
8092326924
7545020174
7738010465
6204615751
9229193139
7004421110
7766837270
7631808119
8369087411
9431087343
8507283622
9631435080
8789266934
9572230510
9835490133
9341526653
8789914488
8709021383
9939269076
8409875761
8210008185
7352393218
9631028225
7739568577
9471616403
9431609187
7549334476
9608044071
7903899573
9122429138
6202958809
7292868788
7296027766
9934891541
7829390280
7484892947
9234571249
7360024224
9431462811
7634804040
8340231331
7033812333
9128902900
9430092989
9955281548
8084974142
7004921819
7004684150
7982213267
9576826343
6299572785
9631725713
7279030461
8434813726
7371038034
9973590051
9650297398
9110010578
9771571691
9097845941
8789728731
8757886232
9835932613
7274047900
9534434409
8809541797
7970760447
7739804493
8986543499
7033929630
9801982160
8271072270
9199194013
8227896107
8873555355
9540397074
9973620902
7480086038
8877965868
7295005938
9905922713
6200872368
7979092908
8405904535
9031328986
9835058673
7766916983
7250998612
7632997994
6299584053
9973692218
8789931919
6261230623
9667449013
9234228417
7209989344
9204909192
7766990088
9939205516
7079889694
8340265234
8226883996
9471406404
9507694943
7979975344
7979077956
9934293725
9973218494
7371069605
7562968943
7549218161
9801982453
9939406815
9939995342
8860001775
7870764239
9939697441
9102816202
7004594443
7004787351
9801827336
9934903229
8340432307
8700774612
9955333545
8340439171
9431402507
8825266419
9973581306
7050194014
9709423576
7870363414
9835278516
9835772862
8071178172
8071936760
7717773641
7004831706
8904161550
7903332486
9534718371
9130591672
9546789555
6201298387
9955533794
9939994752
7991143450
7717706583
9631502629
9801725413
8291640679
9905272906
8425086851
8409264330
9431086383
7645033504
7004321144
9905023808
8935967743
9110039344
9955265188
9334157726
6299575574
9693370626
6205906294
9835428990
9310493202
8709084628
9006068334
8092214211
9264456130
8709975986
8700850070
8789979386
9241857228
7369050933
9770049445
7004355811
6204560927
8002039603
8797494752
7004228053
9693396400
7257979941
9852997070
7398158018
7717737523
9122711849
9835415819
9570988886
7007901542
7004964270
9805676767
9471418967
8936881610
9128741075
9031163334
7779949453
7949213786
7717749390
9289117289
6200303562
9958821354
8678091057
7992301576
9431087821
9504938135
7992327092
8210127378
9334372282
9504223831
9431677415
9430031833
7766915627
9835610107
8210725676
9431251837
6206677224
9263840915
6122323883
9355522979
6124510050
7014896779
7500986524
6202224214
9708435470
9006631564
6205209942
8044938952
8102635593
9709345123
9031409786
9580200554
7631301094
9835261752
7631264959
7370848461
6201127957
7294954624
7091769453
8825312490
9955295907
9608398114
8409798229
9110121732
7542002635
7004493208
7488897031
9934447674
7004825906
8677028698
9546335302
9931432886
9771282873
9122490082
9060678678
7277956534
9708121245
9838705074
9334260445
9065182759
8210869595
8709938256
9304613726
8863059054
9386867845
7033095819
8037002495
9534831111
9939615208
8340532166
9218054906
9102664522
8479908821
8208836548
8340755803
9931836871
7019928695
7352848472
8539005240
9122643444
9801227221
8071265560
8084591185
9162298271
8935884031
7004684028
6324264018
9999537686
8252239546
9801381104
6206576707
9122662339
9031532595
9546057703
8863082242
8051355981
9155493603
7870835934
8071370380
8084247647
9931438830
9279898284
9262695920
8409476824
9905077275
9570411966
8252302314
9430052788
9955294487
7415499438
9801342114
9162333777
9931333785
7947166212
7411781402
9955925400
9572495451
8004251122
8409558841
9122585973
7004263244
9167239775
8044938950
9990983092
6254246789
8002944412
8071178184
7491036617
9431498210
7479932786
8409889099
8102568613
7949213889
8340323428
9661983482
6201251656
9546100500
7004702978
7033135571
9234371796
7543822229
9472272260
9470245311
7061340992
9264476701
9708780355
9228836223
9835274068
7595053595
9472576993
8540051572
8653719166
8232888754
8044938905
7485047468
6207098282
9162863138
8269792983
8210468300
9097031527
9534606164
9430837445
7870416647
9229281599
9430258922
8789271823
6209477614
9934122846
9709818280
7091630451
9661607460
9006518976
7004255961
6361885814
9958501193
9817976571
8044938944
7250346666
8044953192
8210244852
7488172477
9097936631
9934217886
9431846114
9122599910
9835064641
7091479950
9507435130
9113187996
9939938858
7079778234
7870789472
9934975837
9625275716
8879975038
9572031045
9296349191
9142350358
9263784102
9709822817
7979020105
6207084252
9199120110
9619188249
6114358160
7549235504
6202135515
7496901034
9162662082
9971026967
9334743708
9801948298
9939862785
6114299968
9430246913
9576836000
9576118978
8252998823
8877058764
7942726852
7050473708
9122307610
8294311491
9939659563
9835800184
9973464817
9031638001
9700088209
9304710599
9835667512
8291458828
9507635307
6114222257
6202844674
7004831593
9334810798
9873032026
9386034007
9304283178
6202863602
9334059887
8292190336
9031416861
9934222019
9931543921
9801892522
8340397908
9934107771
8877434845
8969998233
9308889797
9631379361
9162616184
6201257612
9934412059
9199085990
7991134475
9065603983
9939195425
8037002483
8744060205
8292298941
9939042551
8210169561
9431270241
7903095655
8434146173
9576437316
9934976871
7870000593
9939055000
8789249594
9334803229
9262383350
9431236307
9386565301
6205117199
8757509965
8935915685
9334343532
9341667644
7903829166
9119009692
6203123606
9771648833
8579904667
9708082759
9430842216
9939656515
9835210617
6202916620
7739137264
9871913281
9431870701
8074914582
7979838991
8541918585
6202084210
9955488854
9122477337
7857924051
8084993048
8084306700
8603507411
8044938946
7564046713
8340499196
8083418123
7004870160
6209406683
9304972965
9910482442
7004627087
9852232255
7779878958
9313023944
9334115483
9934628632
8863805714
8804545656
9430878307
9931906600
9006327620
6202099493
7645911704
7667347832
9771273068
7488507516
9318477122
9835063448
9835400338
9334068704
8340246633
7870030650
9555770254
9162453200
9430405040
8084856424
7363808281
7004200919
8507383422
9709555394
7766067299
9113320920
7004060153
9142412507
8809225249
9262739999
7210648327
9934422275
6204271615
7352267319
8677911714
8271943229
6299292479
7033163891
9525980887
8804772137
9709892695
9507970667
6204892342
9113796081
8757883118
9973932387
7488632168
9472027600
7979005605
8709539822
8789015885
8802607987
7070931842
7677163863
9135717392
7546900887
8804036798
8210682245
7727040914
7903524673
9341494894
7463930155
9852518260
8709249463
9155559822
9955371719
9576973500
8709997674
8340771209
8809461540
6204104735
9973578712
8051416171
8271810568
7372826527
9572139542
6205155133
8051316006
8434900897
6299005365
9314614001
8340151419
8252928658
9576861919
9113817478
8863991021
7209929401
9672146490
9471943432
9142813182
7481083127
8603392590
9430873325
6200328169
7796437796
9955986296
9319412849
7870320500
9798637667
7488166488
8210187952
7763899326
9771030527
9431273282
9572177693
9835236886
8796637164
6201205565
7979864303
6200496821
9471802636
9852342000
8210175454
9572958763
9667766617
7903732914
9931411204
9431643999
9128693211
7870969257
6184356530
9973238585
9007490092
9092168265
8521693866
9234690728
9534777765
9709841113
9113128204
9608631852
8271229803
8071372035
9205097566
9006629530
9931335320
9534525974
8083814314
7903147313
8071639785
8877143508
7070709044
7368981713
8044938978
9060211918
9155198557
6206432899
9033101470
6209938376
7739893303
8071629108
9934071923
9934224904
9525998301
9102508889
9955556679
6323222021
8340633269
9123440445
7004474599
6200001554
9341784494
9102368824
8789610550
6122522694
6456251000
9335203030
9473349039
9955699515
9568045654
9801140714
7361033488
9631401323
8409757356
7061870878
9911720247
9472353594
9805699966
8071264742
9555420848
9905393719
8409493562
6207161104
9576985489
6124157522
7739211666
9693022057
7488279007
7011154542
9508799465
9142285020
9199992223
9470882374
9931864935
9304167797
9473294715
8037002550
7947469551
6183357243
9835446470
7678229673
6200727072
9006258991
8538969078
9708979001
8882925412
7562011013
9110988172
9576186150
8825276109
7463869531
9199425004
6200487038
9801677685
7761021594
7004872162
8521222640
9939540981
6204472130
6201867620
8696804754
9931064692
7968268000
9123119856
9835435364
7764873736
8538991774
9504826548
9608942608
7011829731
9709702241
9304739857
9525138188
9142919041
9570380876
6909726203
7004377617
7295941329
9709455133
8809006900
9523814903
8789587614
9570661288
8044938913
7463902572
9608058244
8046984371
9470292762
7970710653
9471025256
8037016719
8826858209
6206413138
8102240513
9709974535
9006990379
8090007754
7795288098
9334637311
9798722340
8521389546
9559025050
7004642917
8051513500
9631972683
7979946649
9973486854
7004383014
9565688301
9097198198
9934935833
8340108264
8298940402
7667193206
8051309026
8987257293
7295090909
9431016123
9905379591
9308327111
9931256184
8409136397
7004836279
9835623972
9430233129
8294511873
8071178332
8051586383
9155654099
8409609696
8825255138
9939064048
9955158027
6203387247
7949213885
9709728726
9973016167
9525555455
7070531919
8603097402
7407022881
9264192020
9833663100
9334336424
9470829938
8879115340
6203630560
9471476340
6200721329
7209274180
7004913845
7256890145
9939029495
7050500194
9975605161
8271272385
9142707842
8797322344
7257090173
9471296735
9931648201
9608083677
7484020318
9934748162
9431223769
7667633465
7677672481
7004695138
8757526589
9708253053
8294682909
8406979899
9155487357
8037781242
6206633796
9771211779
9939745706
8789610791
8084000710
9006167088
9631867108
7250790584
8824766347
7646069935
8044938914
8037002492
9718590778
9507272178
8340274549
9473445378
8434683934
8071820402
7261072018
7870870957
8655418503
9471047232
9973625227
9297878969
8879850278
9147372808
9546685556
9576936172
7503812405
9152007558
7949213850
7710955555
9288667634
8051634253
9504357513
7295904272
7209655886
9709734013
8709688713
8809914111
6232632731
9234343666
8271812244
8071681857
8709336366
8409838300
9334406888
9709139283
8540856935
8071640299
7079466759
9304526731
7992438023
9431293441
9852058491
7765063860
9934119295
9942648936
8318074405
8062914508
9334470866
8709950394
9334064131
7488979621
9097015266
8539911412
9206108200
7250093888
8210783288
8862876911
9507025913
8406088218
9473223773
8292542818
6341223030
9504375923
7631471327
9955695121
8051601791
8271030509
6123296232
9263905443
9308430316
9097288311
7980550229
9801560687
9939631179
7367968009
6244358819
7463946931
7352075420
9570383435
6746172331
9113162679
7011981083
7546940988
9142805071
7479734102
8862946432
7045052098
9097255659
6203410543
9097190704
8340192550
9523666008
7004255424
8789927711
8084576096
7717750574
8797578716
7004722343
7947166924
6201625480
6209260049
6299537336
7783041341
9643186949
9835629420
6206816017
7277729391
9955449990
7004304804
6202810722
8002876048
8709003661
8109679627
9199991123
9470641731
7542920006
7766087769
9386281048
7479948792
9572956060
7070731195
9973343625
9199233314
9128848264
9431087782
9097669047
8083023917
9631087618
8287774476
9019762237
9955125772
7004831164
8873760517
6203986653
9934758658
7306932545
9142322312
8210715494
8873616241
7765903519
9135713567
8037002514
9955677228
9142047599
9654015179
9504704508
8207435181
9308896411
9167253409
8797224226
9470663596
7033151437
8294392145
7004554035
8409971892
9334991874
7903115511
9430445113
8084365600
7352670661
9931960837
9234731134
8044938920
7061009102
8920114456
9470870738
9572775050
8071681405
9122444151
7004218641
6201964043
8227934571
7050134447
7759800772
6202965944
9102131776
8102693291
6204254853
8789266990
8071639700
9525203738
9240030829
9304290035
9631132271
7703951098
7903441473
7966247249
8037002508
7870892114
7277512786
8287755795
8044938915
8603378578
6204016002
9934459100
9262339593
7541999251
9934983382
7763821696
9631166763
9471938086
7033871745
7488920961
8068635312
9507528553
9031109280
7870854055
9771879898
7366903317
8298654400
9773989143
9934400953
7903028982
9308679900
9199012855
9973430521
9241500946
9934959585
7209938838
8252144780
9288632433
9931079894
9006103670
7991128556
7256013420
7979974522
9386043300
9835701171
9304055892
7764878246
9570603314
7632044156
6200035143
9958947585
9939542858
9798663264
7947469384
7023233994
9934813278
9934735538
9097164128
9097777764
9687609229
9708228977
7322972098
9990362415
8210556149
7903987144
8210972759
7004359279
7762043256
9608661312
9852143158
9534300531
7494004166
7631377186
9430564166
8002029481
9525399096
7903059096
7050014494
8969957940
9060766743
8603410010
7677511119
7677512968
9234343228
7001386379
8789491275
9576477469
7050726772
7004507334
9123479279
7870600560
9572452896
9931114536
9934789001
8123531244
9162973353
6476223331
7870831790
9102278055
9471239546
9431288476
8809423756
8409611008
9431418080
9504702023
9199502081
7295980923
9471007000
8935829321
9431259269
9128722278
8709468987
7003668807
6201801514
7004238046
9199007509
9431476848
9576343559
9973333662
7367042082
9955859177
6201047593
7004463342
7200590651
7004977479
9234450662
9308610111
9122868032
9334334905
9958052431
9939173177
9546828321
9122882200
9910003291
8809274511
8863994507
9838303203
9204562017
9835050066
9386632555
9560522486
8757514536
9155011011
6204043019
9931958361
9546606976
9437688563
7992455640
9430273509
8404864748
7279086367
9693019209
9504670905
9472012300
8757344285
9199949775
8210126213
8210864303
9334258701
8210597330
9896035625
9973998299
9771095644
7903152343
7050327754
7970524754
8294604570
9199133606
6255223728
9939389511
7700822407
9431318866
9955408100
8807104268
8877518011
7272941762
8540986311
6341225031
7764945025
8864005025
9431287491
7050900312
7019243492
7319681367
7979033150
9334443450
8409416602
9931414109
9431242584
8210124883
7250942226
6204663729
7488556302
8969381179
9931480134
9570398010
9576514207
7646069904
6207278636
8809703132
7520131302
7042830300
7091701777
9204484445
9939955853
9801070040
7042544154
9191000091
7488416166
9006123163
7542820292
7549535780
8800721272
9709546531
9304948297
9142002245
9934000030
7352457211
9334273199
9835046059
7070232859
8838201842
7677005253
9771345745
7004133524
9534090390
9699367879
7050915070
9430222737
9135230384
7004307632
9973233729
9934075520
8071639253
9661070134
8935841459
9636182045
9088849994
6112450187
7488134981
8766550173
8709948165
7070753764
9570695807
9973332117
9631962104
9472164024
8294298067
9334728403
7549171800
9939353435
7479856174
8340724437
9135430174
9931497846
9430024416
7808885656
8709044941
9934248465
7033697951
8340502437
9905699505
8409519481
7004912296
9934003096
9128372865
9570441910
9204468098
9708812155
8405892781
9334280048
7250786999
9471815712
8062913999
9113726767
8130889210
9709441258
9931450604
8108102065
9608518508
9973931250
8521313434
8789347790
9631697342
9852717372
8863054077
7870760066
9693742663
9431454359
9431452311
8804378494
7979748917
8757883488
7004156407
9472468860
6202879158
7987125288
8434827530
9334650026
8340552008
9693587150
8002592969
8433569887
6206508692
9262704697
8409943347
7050545789
8709942273
9199362006
9801847919
8210971378
7255952148
9570198690
7631415666
9708135415
7909093522
8001968001
8873023754
7004687007
9467343721
7763003337
9065518218
9801879584
8002800126
9955341199
9264192025
8210540772
9525444307
9608598140
7004916752
7277540529
8409666043
9771442600
7646047704
9471022760
7903000485
7765082398
8709962384
8789684680
6204370915
8409401301
6299673294
9431024215
7903473161
8210555838
8873418550
9661375593
9431891033
9931795082
9155820168
8102532329
9973778544
8789015827
7488835627
8071629254
9304952922
9431435548
9955925231
8291643107
9801088881
7261022059
9431268117
8409780678
8804481733
9801835935
7942875290
9572737464
6207033565
7004470016
7033226976
7004990370
7903712616
9431070434
8298992935
9128557820
8873790275
7835005499
8541922577
8877570021
9431847469
9334440011
9934985743
6203484366
8340326096
9905049151
6206605285
9798260973
9835257741
8104532353
8409363617
8210000214
9955511348
9430644106
6200036842
7766919201
8076827881
9430238030
7903235401
9341020016
8986169015
8071639107
9421194618
9931053553
9523550785
6206060869
7033123717
8851290963
9155626431
7281947968
9304725017
9839733445
9334311217
7763819360
7292022117
8062703426
7549636561
9934177178
7766935419
9810615940
6456222958
8804172309
8507740024
9431682923
6294292530
9123181879
9821853792
9939545245
8873446666
8789199897
9835655945
7464088446
7543000889
7070991221
7542002306
8863849256
9204712600
8071629668
9525511444
8084486505
9934994350
9934030631
7004192872
7903643432
9523962786
9934707745
9939571222
9934293613
9709604746
7061616003
9708764000
9939818001
8229055123
9801748933
7488014099
9162997085
9955592212
9523974107
9135621314
9852237000
7991195939
7970901219
9934820871
7091459205
9122912422
7762055544
9430998224
7004014773
7762009485
9852065947
9693735495
9431056466
9931456896
8789937580
8539015907
8540040433
7739928377
6252291503
8789962701
9771519549
9955412493
9971440445
8709498539
7970845558
7903861537
9472284764
9234395706
9430094600
9122928989
9939689321
9934924742
9471234794
9431883504
8797310411
9934090920
8877045356
9852618445
7903943434
6203710463
9709606768
8540056786
9430999101
9708342417
9031856301
8210790164
9241057728
6205012455
9939546194
9431446017
8287533585
9934613394
9835910401
8384017575
7070649239
9973871572
9431030574
7004008401
8291282264
8102918138
7763043101
8709403517
8207672090
8757891608
9934497330
9973530700
8071639712
9431250660
7320858058
9006117060
9570842858
9430600143
8084904660
9931594136
8409908029
8083228363
8797855167
9504483288
9431408277
9504009702
9931240667
9693746774
8929538422
6205116535
9534370312
9973735857
9835621445
9470882999
8877563400
7564082244
7634978072
9934264192
7003413248
9931421738
9771340872
7007681114
9693213443
9661629884
9122476605
9122913435
9310825086
8002111328
9835061265
9801830429
6202122355
9973209847
9470249446
9102902867
8539894595
7209969738
9508718383
9835287600
9431212364
9631497915
7870888281
8651267943
7909017297
9576730985
9430206065
7739247747
9113438133
6201465155
9934415444
9693149697
7488926676
8210614254
9570892420
6202744417
9431282840
7986643195
7004230175
7004161503
9973766570
7079899876
7260008991
9122249790
6206373788
9006533911
8406980921
9473442247
7004832306
9279433052
9931485437
9696883935
9835457862
8210984862
9910957376
9798250788
9006532324
7004065452
6202518602
8507824150
9546349739
7254970301
9199400112
9334115007
7250547186
9386593532
7367861730
9431254305
6200569546
9534241405
8228866666
7677007898
9934906032
6202414521
8434212013
8210002613
7488691752
8987117123
7301590752
9262777772
7542957567
6203553446
9631596249
9431050538
6204636014
8877557117
8969881431
9508242985
9507381417
9643526267
8210856285
7857929196
7870001016
8292974474
9934014239
6200747798
7700870895
9205067052
8229870811
9031100343
9661477342
7061124910
7739760709
8757930392
9155084488
9431004589
7004832914
8405835737
9334467031
7979948136
9934082756
9386754460
8709704164
8298800030
6478224208
8037221176
8002816162
8071371834
8235134111
8374638787
9304474574
9153989671
9931638262
9162824545
7255004426
7979875630
9999919438
9110987773
8071639687
9709626856
8340608966
8986931464
8071639709
8271412300
9431642899
7252940120
9431601400
7541989517
8071372869
7485055524
9871681403
7870301730
8071935323
9661347524
7209014850
9939365222
8071629579
9572120555
7870322790
8084521844
9835450001
9973732762
8969241577
8224000389
9431057730
9155762440
8789574731
8092216555
8071326666
8071629685
9634391146
7739539525
9717793087
9820701508
8539805282
9606112399
6203622951
6200986398
8800188334
9507298941
9771194639
9661064633
8340684625
9097008900
9534439916
8071640979
8071655014
9835007247
9709884059
9135233436
9931264964
9973045698
7282826443
7717794816
7739293006
7631803227
7763815325
8873831650
8581050540
7782893037
6203844705
9708416526
9430622245
8071643612
9631442299
7782971097
8064526085
8709952331
9709788872
7903203154
9955990333
9785280887
9939944039
7909085883
9934738631
8002229100
9990886321
9934005665
9097393060
7004845516
7765802200
9631048221
9873406777
9334040389
8102325151
9771111150
8071640196
8826918346
8986461301
9934673089
9473114673
6202082280
8409457590
8873573086
6203653342
7544015272
9576172217
9852110622
9955012013
7783880696
9934216201
9661244637
9875491007
7050269101
7979984818
7870711000
6207969398
7050008706
7009887473
9097271382
7739313774
9570407078
7367027777
9240038337
7673002372
9801150206
9097815561
9097962866
9507777795
7903057809
7352887728
9431822143
7325008880
7991184064
8830933943
9934205117
8969350677
9905998085
8252695702
8298978175
9334193000
7091603354
8809198732
8863831915
6205435892
7808849522
9334115749
9472286910
7257819956
8071655156
7488548581
9113119527
8804006694
8678099057
8789809357
7488911101
9128304751
9431070089
7050933633
8071679928
9431472022
9973050688
7979040501
8294317648
9472358451
8676072771
9304146850
9315678026
6206491849
7004375740
9031880765
9939493677
9631804663
8252447750
9570642532
7782084147
9065630391
7371064686
8409788176
8072877653
7783056569
8789599775
7840899191
8114576179
9304925296
8083133259
7870013992
9135268131
7739992525
9661238150
7308583714
9304101881
8340122128
6452243246
8240290685
9798347202
8541090494
9097993360
9523829553
9939767374
7654693534
7759833567
9431284430
8935968106
9608314893
9798784649
8002531314
9534941858
8802273895
8434779657
9934814119
9990995031
7632993197
9931916920
9534923191
6200854342
7483906825
6299946907
8434657950
7463986608
8521880786
9122382000
7545034450
7667004820
8271012402
8969831162
7654959305
9934095832
9304802930
7870770092
9297937431
8709622402
7004570587
7462858529
9167023708
7979809594
9060626566
7654776920
8051758681
9308452900
7254868782
9122876391
6201565795
8969200446
9973600520
8935966820
9234195111
9661872661
9204163761
9546483598
9708839648
8935905720
8873031354
8340722302
7903989552
9122323881
7004318689
9958274340
7070232439
7398773098
9431027434
9308540550
9779153547
9934957550
9262648770
6253244163
8789487236
7903007712
8539985285
7979976583
9334051489
9835418348
9262877198
9852522854
9939594119
8405070478
6200887237
8873036880
9097400410
8789418280
8709016093
7764997816
8037220929
6206281275
9613396033
7004119460
6206693500
7282912509
9110036428
9709906001
7979783900
9471057199
9939217227
9631192138
7667350560
7541850222
8700021820
7562803201
7004291020
9006734998
8002238454
7318488285
6205795140
9835216167
9504285125
7295900534
9279015955
7301855756
9334638844
9525842109
7903819201
7004630779
8789224671
8777382307
9798875991
7970501671
9279547542
9386645326
8045950083
8252889224
6200989651
8879891081
6299489303
7296089881
8527721098
7070095644
6203604925
8044938918
9123265591
8071178405
9430655215
8071640575
9262869788
9162873060
7461002416
9430231148
9852537382
7366953201
9297799921
8507125250
7255855855
9204040633
9334601000
9234878021
9709996071
8434844444
9708816323
6204749642
8051346439
8210263998
9304550100
9708010116
9801439591
8210909938
8871245869
9122882827
7546923539
7970440927
7903758008
9097072517
9934433951
7320929056
9931980328
6454356559
7488524817
7942876697
8757341453
9031412509
9334024658
8235560060
7033672662
9939291599
8882238634
9693534626
9931477257
7004283365
9199964268
8210969571
8434634914
7979919133
8207345548
8578814856
9142560524
8789577027
8863924275
9693042319
9304457915
8863941337
8084570266
9709898803
9934824640
9379711476
8409111449
7004963395
6207626203
9102515960
7250804844
9708119408
9113304323
6202960862
8873805008
9041712233
7903720030
7563054462
8051697652
9334753722
9693700095
6123225700
7004820021
7004110459
8809186651
7009565834
8651250339
6207031654
7765001122
8271122481
9955991549
9835659660
9958713071
7717734244
8252747547
6204573321
9431055300
9708913349
9939119403
9798639727
9334181040
8340260358
9535974851
9934288682
7739835001
9304780784
7739555522
8521161604
8969903148
8797441595
7209891969
9472213669
8002123544
8750648383
7277773377
9128438489
7004993363
8071683155
7678494518
7992217719
9304669311
9304356225
9334124972
7667421712
9709317288
9334115422
8140850710
9650089228
8789808013
8271571748
7250555000
9942528622
7858956685
8825227084
9006653756
9835628685
7488205375
8083842786
8092904441
9386346687
8540003643
9320422422
9835011171
8235221159
9334107207
7004111543
9334770250
7903061382
9199470525
9546817753
9523528877
9470265948
9955028075
9835079333
7011935516
7667567283
8877706444
8071639615
6206225495
9135993817
8071679931
8789048912
8071629114
9973364285
9835259890
8851506896
9934457050
9279240327
9608864742
6452241619
7903852283
8877015256
9334075149
6364569442
8340401700
7870476454
9091790917
9967930559
9599534186
7320923601
8071326615
7479493339
7279924170
9097019186
9386415795
8809349495
7992487554
8102532116
9264497969
8409993253
7250502475
9304294633
9234005750
6200381356
8434389523
9905060178
9142200879
7767932000
7761998088
9111881999
8130505304
9297909192
9934038998
7654838815
8002597415
8579029087
8071936755
8252080139
8406871214
9868561242
9931229400
8809023243
9135426736
9955723818
9534389371
8252139595
9507050667
8092236651
9955087227
9934038948
9955141414
8804518263
9955591102
9503467257
7976165631
6429273640
8340375005
7764894235
9871201353
9608789994
9334845024
9955430702
9934799906
9771358537
9570874964
9155147600
9110033897
9234918001
9709393443
7982561432
7042920409
9534507922
9097271510
7549851260
9931597121
7903554767
7091159053
9955077665
9768512613
9801866648
7909024180
9835259079
9386281080
9939682085
7858872717
9386644955
9931344134
9709829415
9122955123
9572995426
9473289549
9934795213
9471969658
8890614766
9471002293
9823708229
7277162720
9204875513
8578913148
9508747463
9472093913
6122295004
8071681359
7970637797
7531076014
9631997340
9905336416
9693163672
9939393340
8434276026
9934089718
7667609390
9334339238
9431421116
9919755523
9572030559
9472522222
6473223370
9304168688
7050767609
8065184757
8002727100
9852572801
9905401690
7004330759
9934222915
8936861661
9507822073
7763069699
6244222156
9308575763
6299924717
9852559968
7781013133
9155583376
9431068692
6207926580
7004100807
8319300399
9097027756
8002888381
8677002344
6201493998
9142153714
8929692772
7857883833
9334228897
9708130394
9955672413
9996019555
8520639411
7033563378
9931003122
9430012057
9334121017
9508848230
9471433676
9162897185
9835291686
7717793416
9631867276
9308670604
6202502861
8709842346
9534774555
8076726199
9570471753
9006634066
8044938922
9973648295
8340620886
9939034462
9931640417
7979991428
8540098265
9386595588
8002951590
7250040444
9304665488
9334338544
7282888844
9546665153
7039001577
8447745709
6200153294
6205000105
7870615550
7256857260
7870834182
8002100881
9570771707
9128011399
9304458820
9008176201
9934047707
9934821686
7004301647
8271788527
8084102227
9082708238
7979016041
7085460984
7004415492
7979016428
9570557281
7061499077
8409007888
9709720019
9582807457
7004582090
8340369941
9546838673
8585865610
9304556645
9471434414
9304125058
9525939565
8851185219
9631634598
9934111363
8229075012
8969821440
8092775925
8340794326
8044938923
9693749718
9431612901
7903541149
9693772744
9288290495
9308639856
7903045749
9708085585
9455450004
7209686046
8879158163
9304530925
9835079996
9097890330
7482082609
9661263820
7541837500
9304604042
7903825092
9334910177
8051709481
9430246812
9892365959
9471474255
9835060640
9311990003
8406888007
9931962101
7004960936
7004868962
8002221110
9097909100
8544027227
7004561340
9709002098
9122889313
9534249901
9470813325
9470272883
9871747405
9967744367
9304991375
7870184848
8002800400
6287076307
7004185090
9304706489
9123490676
8298974455
9934677480
8045870571
9334970428
7859008072
9470272391
9973598322
7018400559
7004708833
9334487916
9229191464
9523470548
9006303448
9472071694
9955472001
8409313479
8298302732
9431212691
8877445758
9304026881
9934672621
6122262693
9905815487
8252450236
7250408358
9708810333
8210639345
9619946719
8757124726
8877769410
7979038101
7717708724
9507004989
8292766730
8789463749
8292418642
8797192245
7209922310
8447003443
8252354739
9842251211
7050930024
6200094510
9288307860
7759970351
8709530684
9508062890
9931079945
9155928242
9771944444
9430524198
8873701044
9507424199
9431288824
6203379754
9709261050
8071889766
9661765584
9608681781
9709519308
9241854503
9693676338
6203340945
6299063855
9006429629
6203360140
9582878133
9199567652
8227040157
9835269336
9006607503
9031423799
9135053753
9721959596
8292999989
9204533753
8252150790
9835209127
9973437032
9234179060
7979025488
9661749768
8017177062
9798713012
9835509509
9931631339
9999176443
9334117701
8789415029
9334115087
9576216681
9661993618
8651835146
9939503227
7004933391
7992344606
8603735328
6122225145
9835835903
8986080755
9835960373
8069868347
9334203652
7004240070
8340467548
9162361005
9370745222
9771203690
9431276334
7858947305
9708274006
8002307005
9470794574
9122005567
9771691251
7979966267
9430979967
6203289545
8010522302
9334647295
8071629877
9431684380
7856850200
7739725757
9955686786
9264456134
8084930468
7260077300
9934255387
8809886600
8757140954
9508322260
8969683502
9296784139
9905024576
9939950422
8210826017
8340697605
9430886099
9905867104
7635066677
9472266000
7519449209
9430462250
9955777435
7766805948
9525383085
7355948486
7763998202
9631153630
7352332881
7905164011
7942876708
7667418046
9431466428
8730076665
9304281522
9931176920
9570873441
7700814100
9234847280
7870776740
9472155274
8981595941
7779963415
9555667097
8291671105
9162737377
8757965532
7370964268
9708952787
6395058783
9334741606
7250364485
9931228422
9708888848
8102918474
9199833490
9570269444
9534626261
7870808888
9771779699
7250296755
7547014925
7488387380
9955014510
7280007391
9771101597
7979077754
9334902509
7411781407
9903768103
8210007500
8789903100
9852456116
9135513375
9162363801
8048794507
9430042585
9525034767
6299116513
9155310077
9065606326
8877324674
9934604399
9973955436
7979881929
8037002658
9006406183
7903194714
9852474395
7889246432
7645007829
9973498414
6152796506
8789183433
8221082436
7488235529
9431629914
7488665322
8294069923
9934731396
7070570595
8271182199
8789386945
9135663803
7903447644
9304434199
7547050155
9431464816
7321086333
7763815317
9798074645
8434084310
9431273184
7004384708
9508956232
7039003387
8294860052
9334900849
7321805799
9334239792
7992231608
8037016577
8210404014
7004523388
8084988675
9031514792
9631878881
8404954869
8618916819
9430670890
9905999054
7070316196
7808197187
8506850683
9771855167
8002202185
7903285986
8709897907
8210194578
9534492269
7280021510
7856893055
9386594317
9006019581
9835664661
9934776378
9234641567
7004461524
9104073920
7250036666
7004725045
9060137506
7521991786
9507800135
9341528197
8046984374
7631357053
9709931292
9771222255
9304277794
9572985863
8825224063
7779847444
8210546110
6299304593
7549385231
9693684473
8877381433
6203428046
7320011707
9835404685
8826052259
9304443924
7091639163
9507800204
9431860548
9771620000
7903990663
8044938957
9576835786
9065006423
9631836161
8969080010
8434407428
8809180521
9034568885
9162554265
9835464501
7738836431
9939903185
7654536328
8235600745
7050331917
9199840769
9128046938
9304712666
7070406550
9334296237
6202397776
6362133850
6200252099
9334443339
9955996321
9262306348
8071639689
9693353252
8709581196
8002278617
9942074545
9386646169
7488071489
9304238094
9304411483
9234572565
6746172997
9000791204
9334717636
7070800125
7493868471
8071679866
9784947216
7061138375
9430063055
9204903461
7549962565
8292360075
7541849578
9990934528
9110034751
9608320869
8809911206
9934935865
9631458111
9939867262
9931408576
6201615060
8210052252
8539995144
6204245229
9709864086
9525389695
9007284162
6204340815
7004113199
7004735360
9065286110
9431446249
7480808980
9006799604
9431612900
7631561752
7480899848
7980544882
6200820070
6207270499
6201114298
8789795456
