7837222666
9022834900
9956012050
9930349384
9768709033
8080805915
8879979813
9326657245
7990473939
9029250227
9136745118
9699838398
7304135136
8454065990
7977164150
8419999138
9326257484
8045248100
7021711960
9970846767
9619680357
8767828184
9867096095
9137273838
9320008055
9004307595
9004998998
9167565675
9561050520
9819439878
9833463615
9326060336
8356955390
9222221265
9512341234
9321000507
9082807395
8169177520
9833601660
7290095802
9553073030
9819674832
9920545474
9137127733
9321320449
9867650091
9324935668
9000153980
8001217474
9867348165
8779045565
9821188325
7208239883
9619614200
8879909854
9820824822
9920003143
9372887526
9967693137
9820065626
8451869658
9167495445
9773697767
9769056073
9022486774
8169156382
8928089641
9992220763
7715971555
8850687739
9769112748
8452854777
9167539095
9920557806
8652143702
8002701950
9998497292
7875676252
9768772716
7045464718
8828010397
9019029029
9769354957
9158934318
9967913755
8097639013
8062916803
9820362982
9819975818
9082087611
9152004949
9152002004
9867412334
9892272816
9324516326
9892981714
9892115503
9324625627
9920038921
9920608010
9321330557
8793610885
9653131251
9167528552
8369201721
9702225152
9004090941
9833074070
9321983105
7666974557
8879994961
8047631628
9619817066
9768282501
9082907433
8046063910
9702414104
9930292537
9819704230
9594641772
8047547027
9833826647
9870006264
9859789444
9892200696
7045358508
9665567408
9867632715
9321288415
9920085309
9004060454
8104218859
9422212308
9322839035
9156180900
8983900282
8180819004
8698670111
9021322193
8600412888
7385409212
8087450505
9890906875
8796628269
9822269769
9999465257
8980845212
8237678474
7219795742
8582093759
8605865406
9112667914
8983500409
8484977200
7378989996
9822829431
9922261495
9022634413
9075474024
8275940972
7218065550
8446548961
9975214329
8048602961
9850985939
9922478652
9422035795
8390557332
7385637086
7378303558
9325793485
7507347777
9172616363
9011072655
9762170330
8208689283
9850111786
9921179175
9689888201
7769090813
9518965404
9637072588
7397980242
8500890123
9604568533
9860773212
8767477102
8042783377
8766697853
7770060908
9825087673
7021992300
9372523237
8689996996
9653299928
7745040057
8169459552
9980469883
9833368284
9320261511
9988994677
7385928948
8001088586
7744055531
9049731763
8806006552
9004336036
9822975901
9321059944
8485054552
7386568230
8048035006
7687860313
9321110066
9890730140
9763699900
9594220586
7588724944
9326743938
8169709884
8888772441
9922689225
9819570211
7666816882
8329115090
7798234598
7875294904
9823331155
9823744239
9673008748
9049395723
9204888018
7276015298
8795091295
7405308000
8237200888
8888861619
9082177034
9834672816
7040294514
9404118681
7276411414
9172402789
9664097074
9975360805
9011031395
9004043991
9326282125
8554997709
7875188286
9137429205
9637210996
9930329380
8888508109
7350321321
9820986629
8451876786
7738744023
9850800063
9819952683
9168661541
9881710061
9699240145
8691000085
7600100340
9769279303
9090809052
9769767474
7506522210
7715930813
7039111777
7045864712
9773455735
9004862670
9076824534
8879966440
7089154077
8286114600
9326115676
9867624369
9322673599
7304852159
9766622389
9930014730
9222997066
9673131333
9975833022
9137394778
7397958113
8104855903
8451820012
8450918790
9833392329
9975360548
9136488855
7030379215
9819132481
9833716071
9152676364
9867330421
7718901119
8879051606
8369549939
8657900860
9833099690
8652300965
8169194621
9076103325
8691916782
9167244619
9773788366
8071820133
9004344101
9421871421
8070676161
8097386318
7039785186
8976001191
9820130161
9004049390
8108036576
9930734324
8108872427
9967278477
8090020070
9322946978
9029746765
8605940276
8591177088
9820855667
7738541878
9820394409
9029805522
9920943438
9930119370
8928076705
9768011226
9833365369
9820068099
9323887882
9987734354
9029532556
8655228747
9969310989
9619482007
8108161305
9594068358
9594598959
9987333931
9619484168
9602331668
9920404359
8424020290
8879790825
9833058239
8850854241
9136501678
8046043312
9820124517
9152208080
9503333287
9833613327
9323166423
9967400003
9689451354
9819559035
9967639744
9322284599
7498981703
9920633891
8591295549
7720829444
7977698427
8356950628
8080225363
8108406610
9763196197
9930894895
9869831680
9820211269
8976500942
8369285199
8484098997
8369080480
9850015552
9356939466
9867388881
8108329445
7021609902
8879141176
8879685207
7666777390
9404999255
9870634815
9322413762
9969535428
9423584060
9869007312
9967115806
9821313600
8433842619
7045616744
9322379993
8698682222
8451934343
9769578243
8378998954
9619771158
9320505040
9606350000
7738584949
7721971097
7420920885
8097969157
9860305161
9920802651
9322130691
8149827086
8080565429
9172757053
9967693333
9892973721
9594534316
9821137594
9224410000
7400498525
9067902322
9920726955
7972480365
8655589422
9167270027
7977610883
7290092205
9421904476
9664742158
9967522424
9967797773
9594338584
9167679535
8080488144
7742913755
8108036868
9987941202
9867909941
7506372987
9076307775
9322299099
7905365347
6126714911
9702424718
7674897701
8828276790
9324362304
7718963774
9819156003
9833900545
8048603729
8108901814
9137374252
8828141102
9322013575
7506565290
9136040507
9987502666
7796505050
8744910045
9619952722
7710027104
9920161493
8104520004
9892349213
9222213191
8097727001
8043892668
9082353477
9930201201
9892940305
9820157340
9702993984
8080458617
7506355051
8097973463
9372775984
8291226595
9967989378
8237920570
9902599025
9324303386
9619429473
8070056777
9320073725
9892757584
8655211174
7304222309
7666523883
9820009175
9967063568
9322217687
7045879128
9822622335
9422020113
8087862895
7507507522
9075105566
9156004472
9850431100
9850708919
8005322829
9090554343
9226283373
9767959997
7322927171
9552916062
9226106472
7875943131
9887660826
9890132501
9637876445
9028371885
9834992033
8208161289
7744023866
8007830044
8010550756
9588665568
8484821515
9766646237
9545865627
9850071139
7774978607
7738706121
9270058181
9967953080
9359475006
8888885869
7039666636
9822015013
7039319392
8806605752
9049891999
9960309494
8619133746
9422067266
8563998563
9422094668
9730381822
9699938471
8087563838
9822514509
9822910637
9890209628
9421011313
8425854267
7798055599
8421898042
9922495581
8669269833
9322676599
8788989300
9657561810
8888008447
9657777666
9921552267
9923885560
8329142809
8554046357
7378519510
9823147407
9809548899
9579591874
8275668899
8600365975
9371273251
8094452568
9226875581
9422906688
9421991149
9404776166
9922669903
9049919839
8265055350
9820528209
8655770784
7038639891
9987332466
7385774018
9853881818
9595311850
9421991650
9579979998
7030307186
9145430002
9765779091
8080726754
8071912343
9421147425
9970755029
7720075997
9823087263
9970537417
7558257704
7709627806
7721964931
7588900090
8446613005
9175762211
8308838958
9823358807
9665432108
9545319432
9822143774
9860119095
9960811086
9421316612
9403345076
7397808208
9923034513
9000073676
9440166607
8341627695
7396050658
9966308382
9550083888
9440282992
8944255499
9440105447
9966229367
8108138000
9908882911
8985485421
9848198449
9849127732
8501010727
9393111886
9550064791
8106306606
7824812121
9849199779
9885603618
7045457770
8074797081
9291244874
9705917333
8069867570
9298355575
6281901080
9441920401
9390399793
8639471172
8639922925
9000951310
9963498652
9908333000
8919617664
8071264861
9390488898
9640648999
9553550477
8333000555
9866049933
9248017375
9177986981
8071326901
7780705750
8002587555
8801722428
9885448768
7780205660
8069865888
9246401807
8309150295
7337333342
7416411901
8666993058
8861096126
9392111995
9030321047
8666632123
9490884577
8885513619
9247894177
9873567620
9248192471
9392034900
9182563503
8662574798
6300455025
8074771531
9966032786
9676427241
9966822871
9652124433
9912714786
9704505678
7550055551
9393779988
8919900394
9848246429
8662491044
7735282131
9866224405
8662433395
9342967344
8712232323
9246497262
9542066789
7842116103
9985837387
9885347440
9440001775
9441051206
9632561008
9618858303
7799095321
8328345004
8071408350
8247479969
7386006066
9980689218
8982342346
8037002687
8634059223
9848286408
7569197439
8143843716
8790496562
8019887926
9393023736
9032255571
7799357327
9873546782
9963392372
9849123299
9121345123
8465061964
9963122526
8037002387
9133338691
9133338692
9948265234
7993184643
7095429977
9704770379
9440210910
9866437141
9642612143
9949643219
9000980887
9014909010
7338117138
9491827704
9959964648
9885836045
9167984737
6281711405
8612377666
9989980815
9014932336
9849096647
9281438587
9440283217
8977918118
8125464938
9916027378
8019190319
9912475116
9399911099
8247498760
9177368284
9912200000
9121014232
9676999711
7799234567
9700071345
8071639210
8125586098
9704824156
9949252444
9949945071
9701694139
9177628278
9963014388
7842418136
9381557508
7995467054
9032643637
9392929223
9703560177
8341346134
9100389588
7093344200
8886679171
8005997800
6305716311
8121046777
9873568560
9959900814
7093405887
9550038885
9000886595
9441684279
8978915344
9986499853
9441782272
8655610773
9700271446
9160160192
7942811882
9703195540
9985345391
8500250505
8071629665
9866283786
9885839505
9840346985
9959894725
9441206986
9440846513
8688668099
9985042889
8328493040
9393979794
7019398570
8143685353
9966221286
9160774777
7702062456
9573461270
8069867572
9440250863
9885228950
9619086037
9429692121
7569015511
7671868003
8772251677
9966771121
9866868853
8977716851
9966129199
8071639207
8885336488
9866243104
9246350543
9866604616
8985674728
8428045537
9618138625
8639437411
9133642272
9505445555
8885412654
9347519536
9550113499
9963626567
9398079379
8500318226
7981893136
9491929210
9000988012
8328169150
9848087109
8046333629
9866546118
6300065986
9440205326
8099822487
9848984598
9966000798
9963191769
9494412466
9948369057
7674903083
8309800600
9873498534
8885322283
7842415527
9949074312
9966916700
8341236954
9381467382
9849794317
9397888799
9849905294
8048740473
8071640074
8019992800
9347149457
8328577669
9912864888
8309645014
6281831149
8037002434
9100566503
9177731139
9247832426
8639508222
9553011305
9445888336
9705676561
9542103111
8886989992
7774948777
9700236387
6281168697
9167076203
9440047081
8096657572
8069866711
9848152177
8518241234
7981493529
9985208077
9849599517
7386126234
7799368546
8328620921
8074414734
8096751369
9494414989
9493660909
9493536996
9848768351
9948151548
9494403737
8037907640
9440383269
9663415366
9032638173
9490615039
6309797477
8500773434
8897887885
9550122759
9000159651
7995607080
8499901653
9885250915
9949379737
9873498481
9505600402
9293789489
9885898203
9949202441
8518259004
6304903878
9247795546
7995099582
9703122432
7730831722
9966852286
9030709768
9167984835
8008002792
8037002541
8341723230
9289062307
9491186637
9459451991
9550550060
9133403039
9014116724
9440014617
7995182555
7039001496
8944255403
6301050436
8886443866
8041017532
7997923262
8562251214
9246941444
9866693615
9494509890
9440564635
7416390066
9100080102
9246642333
7288999999
8071889798
8657568649
9493449392
9246634589
7680803368
9246624406
8886841999
9963866664
8885557678
9533393738
9052360516
9247871397
8639909690
8500504333
9866869296
8121555503
9550299953
9701810326
9642418070
8922270799
8944252244
9951832346
9652010423
8008937637
7416173449
7995122234
9912568200
9247269900
6302741855
9948118782
9701490190
8376888888
8328446681
9985338955
9885655635
9281020919
9177854868
8501007511
9666788501
9441894258
7036338999
8497979185
9491947792
9248017126
7070080883
9448216228
9642079903
8002103311
9440073709
9133551082
8247253669
6302709901
8884375559
9393814182
9052779781
9059624943
9700683678
9963222340
9603058345
8179271359
8562244456
8985798523
9618126552
8520028580
7411781318
9866351153
9494582202
9949101106
9652765766
9440383214
8562456260
9703261888
9949990277
6302386028
8037002315
9160960012
7842707544
8106962752
6301174565
8041017538
9963505108
8879934386
9885046589
7304053032
9121141021
9885925758
9493023038
7904812147
8554319747
7901311123
9550171714
7416462317
9849981825
9441072882
9440073448
9110368918
9704209591
9849540079
7013502295
7013258506
8099822001
9505600430
8555969615
7386665666
9885552457
9966449628
8885552888
9703368890
9440951999
7942844896
7989233768
9577566999
9133338976
9292252880
9949758743
9642424299
9989554567
9293953266
9848398483
9393333665
9298112244
9533667666
9291341333
9392113293
9346226884
8048982832
9440535848
9581108999
9848788399
8297551818
9182872153
9581223311
8803232323
9704051420
9247505570
9948611116
9052597366
9063857857
9346840209
9866026648
8247048766
9966004406
9339338339
7330859003
9014453708
7893846301
9052523360
9849555848
9502681629
8897163840
9014998262
9160691000
6300678826
8951642257
9700241009
9912711043
8605005555
8522037680
9494365558
9398784262
9121212121
9989872073
9949630620
9030265187
9441511122
9441444991
7732007739
9177304599
8071640571
6301158488
8712929919
8106811171
8554470382
6281290822
9866062139
9246666211
7702775499
8041017608
9030478802
8374567323
9885365634
7997667111
9505777297
9154777773
9640969701
8554312331
9908591140
8554221314
9989319069
9182782870
9493504399
7416295942
7729080222
9010048930
8500051811
9885185617
9160672762
9440216388
9849360925
9000085868
8978265777
9000664439
8291094468
9948403625
8074176733
8074870109
6302849387
9014507363
9295708960
9704642560
8048968282
7331124249
7842811325
7942762702
8836662291
9581207550
8639634996
9440532918
8044939699
9676716340
8886657985
9963126567
8044939690
9059444559
9966437927
9989707906
7411781317
8639811195
7598074707
8578222240
7989975299
8578222494
9848117262
9908758148
9848365993
9553751507
7286869666
7893871997
9985130979
9391450660
9848497964
9390336339
9703519828
9440593938
9169849999
9391364250
9849563496
9848392609
9704346123
9494046530
9701606471
9494229192
9493767680
9502759549
7093327534
7337555896
8099927877
7947479761
9014206868
9989816229
7702730242
9849029273
9908232129
8639498197
9666618459
9948533395
9392436480
8639044990
9550814224
9121179864
9246589252
9246464641
9360779999
9873573220
8977211242
9440363487
8499985152
7207202170
7075176974
8005995555
7993527535
9177145424
9391996060
8688603428
9121811233
9133004444
7285919381
9550240828
9966227622
8179653458
9885773633
9030985551
8247298018
9885747552
9493524718
9440352185
9392653750
8978812640
7730020387
9440255545
9032902468
8885645550
9949767383
8291093658
9440455087
9110715599
8686611666
9440936999
9553792299
9000162206
8019993450
7331122985
9000624429
9035054467
7330834446
9848535481
9989070554
8846667666
9441274374
8500121003
9030989690
8037907619
8071889672
9553469215
7396804004
8978380437
9951587060
9666968665
9025424477
9490853348
9936784588
9704021188
9885680280
8008663335
8019459855
8885401242
8121934811
9652545426
9494652523
9885444523
8612345444
8686764964
7306111133
8885805500
7780126778
9873560825
9000992991
9581117722
7382926465
9246466266
9848388175
9966637552
8842955295
9550455757
9676595999
8008877299
7207244404
7893961550
8500651117
9848848625
8500057116
9136935555
9398419494
9848802082
9391254958
9030281221
9640707387
9014908165
7093565754
9182779142
8044939684
8497933999
9985023838
8886222869
8505937171
6369706147
9030303111
8977441997
9440094362
9440447020
7601095976
7893904599
8367585797
9515342222
8612330462
9618222233
9848154861
7013848282
9704555177
8885588256
8639776677
8812235057
8612320645
9666373132
9491708833
9951333296
8688072281
8048740435
9700878092
9052206830
9845577591
8897201851
9951671969
9390598091
9440953794
9849493392
9908890513
9505129999
9849393848
7702443270
9381776416
9848473884
8179771242
6309666789
7416831816
8341733606
9848065131
7241122333
8367053765
7659015999
8806666888
9866644425
9652966144
9566271994
8656236789
8688425875
9701034803
9652405547
9848518532
8037016328
9848894899
9492340919
9885198001
8008577333
8812222468
9573760879
8812234977
9704779640
9848335659
9032660333
9397684691
7337441951
7989714518
8776679999
9290208344
9553316799
9959384684
8662570005
8071889801
7993661399
7207505370
9666066973
9392973265
8247745344
9848607110
8019244255
9989772558
9100455666
9966600050
8836662944
8812241848
9700414116
9704450408
9848536633
8885500669
9066373163
9505130953
9908466099
9490677131
9398311004
9533799933
9856525999
9393626989
9182894285
9966062884
7207267226
9133895969
9963670555
9493990837
8978192347
8143119677
9908379577
9553320446
7207733335
9177723335
9393769996
9441109327
8096903000
8885757155
7995678997
9908401192
9122721098
8919680708
9490003311
9989575290
9603999039
9701037176
7328912345
9989343866
6303077504
9848688593
9963172828
8686858126
9059329121
9167071738
9502212283
7036091744
9247681652
8367217327
7013609740
9494404318
8688782900
9908327126
8985691818
7893764524
8688194881
7981298221
8552250444
7942845837
7070569742
9133448419
9666692349
8886657987
9885582512
9866252014
9949107184
9248641777
7893160714
8985089224
8247514148
9731103515
8500362936
9700700909
9603155999
9666831220
7807702595
9985179917
9393600103
9177441933
9659625555
8019773771
6304165312
9989514282
9440511287
8885322888
9292157157
8130302708
9248389577
9666466795
8121434696
9121093621
8143999680
9948796579
7552658822
9989492409
8309107736
7602224449
9985558488
8071639209
9959460778
8518442525
9848599242
7416162763
9030406787
8074933765
7382289902
9951133784
9849350328
6303683142
7330722338
8333848666
9182045083
9581378999
8790768865
7013819342
8106724151
9873570193
8552200421
9533371797
9948381517
8247572758
9441005963
9440813381
6304051793
8897945452
9000670746
8590076831
8495252029
9491118786
9000954108
9491460606
9885332911
9160033309
9912121290
8121288008
9490348969
9885307787
8506063948
8885665780
7659927777
8048740441
9885812827
8686083408
7075425750
9059465655
9121634576
9391510414
9440569106
9160829786
8886657991
7569680826
8037394929
8037002469
7337338251
9246596777
9505004844
9182351795
9790331299
9000372695
8500140841
9740737943
8897708567
9154793851
9440729131
6300968941
9597835978
8048740464
8015898780
9154540792
8812251227
8008200620
9111442294
7204667968
9032949939
8071639216
9866965385
7013373600
9866944516
9948152365
9550500999
9966875037
9908869896
9848377522
9652395356
6300273806
7386045091
9010708064
8885757199
7993062971
8886663002
7569944444
9515355831
9000422205
9000222312
8309146032
9014330381
9347314037
9704414300
8125343499
9599819940
8790208608
8071889667
9848012326
9908819442
9959989891
9052552023
9952352985
9247277353
9606979366
9885091189
9642490425
9490033067
9573686633
8985336905
9281477765
8074669618
6301113940
9290028915
7382237855
9110734815
9063387665
9618492630
9989033822
8106298563
7680841444
6302625835
9490345399
9581977999
8048740439
7702499666
9248886789
9441800687
8008340800
9052026999
9666167495
9490706666
7013530004
8816235314
9866536225
9052332555
9959345624
9989394981
9441323760
6281207934
8929293017
7989134235
9391392872
9440312562
9000934897
9000999740
8106606551
9959112400
9010509747
9963095103
9866937169
9849979140
8500764058
8686393619
8333899696
9885073717
7799768855
9701944279
8048740461
8816234511
9440183836
7288877300
9701461152
8019457468
9888422245
9676664177
6363459473
8374890057
9944878985
8309045672
8686120023
9492621961
7207067026
9701554245
8041017551
9440017711
9652330777
9676478710
8500900119
8088553031
9966691011
9924577556
6309554319
9440188135
7702997929
9848218760
9347812380
9705722858
8977702611
9441723977
8578220330
6300804190
9797976333
7799787474
9441616189
8328020155
9133059659
9885418899
9646856666
8639012555
8142565113
9398145057
9849995302
9533221135
9492491919
8048740477
9949164777
9700650603
8801555549
8106488683
9963356777
6303332380
9705556669
7039001492
9866143194
7386890121
9849520278
9885113599
7989211216
9154824543
8143240751
7013748688
8985916999
8879896089
8688953118
6303908889
9618316776
9989598989
9912908405
9849131146
9246651499
9440550230
9440793339
9553093399
8897240055
9700615003
8143500779
8978315222
9581561309
9032367951
8008945278
9985551697
8008332233
8879654556
9515250201
9848274128
8099480995
9390611285
9440177618
9885348743
8790759727
9849822423
9912679767
9701332707
9640012828
9603752777
8008159333
9133877777
9550033111
8688312772
6300421102
8220035985
9182754598
8886760888
9490767804
9110791343
8099423456
9111408111
9848350671
9247400253
7845593985
9177959585
9948553326
9652525353
9059745600
7032412479
9642113333
9010855614
6302336167
9491850018
8047027148
9346866608
9160177888
9390247084
9440193810
9848075759
9032195959
9666136683
9704788061
9121192999
9440674755
7386762887
8500066550
7708414857
8046512443
7013928737
9849639697
9492524164
9299999564
9246845554
8977768131
9849156644
8842362341
8657568516
9440677896
9642440652
9550732628
8977760871
9848302444
9618049444
8367478131
9948925267
9848160445
8008577338
8922232653
9100027741
9912917877
8922222916
8842302266
9490544693
9553389090
6303958078
7075552666
9010236226
8374493331
9581095590
9291233360
9640550964
9397032686
9063840667
9246675588
9848986703
8047027179
9440620575
8041017577
9866176556
9396969998
9494086655
8500577733
7416450555
9615211234
9513445580
8922272676
7305040985
8099734567
9703792889
8662436344
8037002778
9705870707
9856123777
7601084532
9100759100
9848965645
9705036803
9010738234
8885615181
8500001912
9959459059
9441152170
8885607754
9949315550
9848816966
9345452912
9059456736
9786284786
9502645080
8814224158
9948151912
9888827222
9989258333
9849913992
9248199999
6366529614
7411781304
7680909714
7337555900
7569892565
7330617555
9246636544
9989806143
9949772251
9866411943
9618555744
8520944933
9848049273
8977332944
9985558680
8309380390
9296001511
8688602073
9866646258
9866635621
8500294949
9666009199
7569408602
9885512932
9912226111
9618667474
8071639360
9949598018
9493764001
9963093639
9030662409
8008181099
6371591420
8977232278
9030537657
9966095540
9014486872
8499943212
9666744444
8099926669
8121812391
9030668705
8885255554
9299900441
8686350340
8341585210
8099108202
9640007015
9292701101
7013744450
8121241178
9966186666
8688804444
9440439030
9553541477
9959833129
8328252243
9912633667
8071326931
9030494999
9393608760
8985987333
9602426294
8882206944
7676538883
8341665770
9281495550
7780723481
9490306713
9900764595
9490730066
9573873648
9989360688
9397079677
8071639211
9703696752
9885077362
9866542205
9676268919
9573035777
9100412345
8048740459
7729915599
9010640417
9000267085
7729925599
9964366815
6382375976
9866933908
9502502440
9246786386
7993038888
9703104253
9082708180
9652040060
9440162427
9246746746
7780391571
9014842412
7794898989
9949701222
9494585864
8096682445
9345670043
9347116323
9959446828
9490196609
9848792495
9966918866
8125466080
9553288968
9849635639
9985353853
8686362695
8074533406
9100900830
8001036065
9866867082
9494848114
7981675947
9963425888
7328956446
9392045302
9281029460
7661087976
7842699516
9030625797
9849136933
9440073656
7989006624
9133224464
9885643959
9030482348
9491549798
9849465863
9381621521
8556222692
9701870796
8008063737
8309065471
9440429556
9966268995
8500603157
9491946945
7013719151
9581971876
9948646583
8143424012
6302894668
9390000945
9036485519
9963364478
9160058005
7337338256
7330731888
6300262721
9849442930
9985831616
9381005245
7993819427
9043973985
9966928706
8332908650
9885546511
9640464652
9121730211
9441388225
9655998135
8001025438
9000360640
9030414041
7989316123
9849443666
8501967408
9505359991
8142781007
9177424212
7207838398
9542490686
9000063898
9167086344
8048073992
9848157991
8008508456
8008631141
8466847572
9985658087
9948017322
8985540705
9440813336
7205818999
8125770082
9573065444
9494032244
9849400331
8686404824
9030706786
9849831911
9133756808
6309473981
9848289440
9848019964
9966737657
7093927490
9731141435
9393620412
7207781699
9059412576
8885607046
7893387665
9701570742
8309695575
8512221933
9739012999
7893518935
9676655747
8333830345
8688888851
9885950696
8886478120
9000824066
9393979776
7396464646
7989661909
9032326167
9581693353
7993117767
8309019198
8143753787
9490322710
8071729854
9347548671
9347471547
9885943400
8251825179
7780776788
9676395331
8643450515
7330701116
9550057096
8602331234
8688785488
8037907618
8186884166
8071264942
7610666999
8330906565
8106441011
8977003353
8071326936
9866305508
9700359143
9640002843
9440725820
7795795531
9885377228
9885539355
9121318989
9440856312
9014757944
9440440399
8374698794
8657591290
9951407077
9441310814
9440430600
9703667562
9701850945
9441593710
8767841591
9154327341
9441072674
9951966198
9666606768
7989180661
7013733831
9346835505
9440569357
7997278777
8341556115
9705797817
8522804694
8897023831
7702162513
9247299584
9440337314
8096796444
9441772389
9666051717
8341915698
9985725223
9703572828
9515962836
9885380308
7674870089
7337555899
8333924937
9542455552
9010161777
9963706382
8985343593
9949455705
9966322000
6281101486
8978478474
9989873783
9290523234
9603633359
9985533258
7799787555
8688879267
9866025061
8885366606
9951505854
9505099881
9395366811
9866041388
8341082943
8297551898
9182023295
9182554967
9966724316
9059209171
9346800524
9392055567
9440930949
9618138383
8592233995
9000878808
9885247800
6303173892
8340821777
8688328102
9441326697
7338740985
9959640488
9542678910
9951528883
7287000555
9666955774
6305043623
9010872333
9959911117
8978445650
9052037181
9949711118
8333855337
8008222666
9121844223
9849713871
9494913342
8686860056
9553942510
9676965127
8247540695
9959577325
8106666295
9885366766
7981186390
9381249069
7893443204
8985113766
9912690226
9347966765
9440829660
9491834469
9114456666
9985573449
9542955888
8464981911
8819223277
9052913157
9949796300
8885776707
9849251001
8947231084
9032202028
9218169238
9886851517
9440725575
9966462550
9848450226
8142062091
8247200325
8688988283
8977920953
9059595209
9966969997
9849206059
9705303355
9959618052
9849752607
8870303252
7075732868
9848139042
9010015400
8885232552
9849123070
9492814545
8814220444
8004254141
8814220052
9440467729
8096298935
7599999990
9966537437
9490175942
9346515155
7777875577
9290045366
9848047201
9246783700
9989232259
9652954295
9848412067
7842138140
8897651007
9848045325
7981075683
9848478011
9441151188
9908511375
9398561757
9550797747
9966446481
8686668020
9948438828
8816224690
9866717243
8247548707
8247827673
7989655074
9705143926
8355891286
9581432456
9010779595
8922228730
7942553159
9985272079
7396980626
9908913347
8041017562
8041017563
9063407023
9247292665
9492289238
9951544861
9010866928
9577957723
8041017610
7013377500
9772093035
9951703469
7013638096
9849256724
8309505114
9959120471
7382777098
8643220564
8041017554
7418849737
8328046081
8667528147
9848352518
9701264228
8309024760
9059056228
7569225301
9989585622
9154500080
8048740433
8341342545
8897240687
9985757057
9542563661
9346954724
9963044483
9848146793
9505686253
9849259276
9951323031
7396647111
9640252025
9676300111
9966753468
9177232224
9492874646
9849254708
8309246789
7993894938
7337481818
9866664755
8019469452
8925593985
9888677775
9985666459
8885108501
8919165829
8309182156
9848112879
7217797548
7207201819
9908554066
9502095007
9347226265
6303244789
7997993407
8037014087
9849287798
9666061397
9010470667
7207282828
8886832030
9885021403
9355010316
9966400020
8885822280
8885562333
7337408241
6303737288
9440745001
9502528121
9440216901
8870664851
9392546044
9866826900
9951499510
9700535555
8895418852
8374412001
9866791078
7032501666
8945241094
9669578999
9494741463
7013841990
7075176485
9492792792
9177783944
9182248509
9848434443
9666867796
9154682715
9459924444
8002581800
9440740837
7382283370
7680810239
8978117380
8008575292
9849894220
9963225338
8143361885
9319371038
9030723200
9177243299
8688313641
7330811320
6305701665
9666311663
8500569099
7569019916
9676746753
8886553017
9347073935
9848223913
9000314933
9290100149
9701288229
8505866422
8041017550
7893534260
9666566650
8297549555
9951134622
9848123669
9393184487
9705770255
8074989146
8814228586
9949229336
9849625143
7337338059
7207027000
8341137716
9247452865
9160273633
9912931250
7200227985
8879194803
8071264836
8187003525
7729071038
8647256832
9703114507
7207353493
9492279422
9440984984
9989777662
9000575938
9177113052
7013443395
8977647009
9296108665
9700607143
9346441976
8121813140
9849627791
7032699328
9290439927
9397876970
7288991599
9849052930
9704475316
8121904562
8008878038
9441117278
9989758486
8500890225
9603156754
9640368191
9160915366
9849424218
7337555902
9505226123
8978737873
8074708162
8328182690
7032313546
9885780809
9010157999
9676314940
9553703737
9985052659
9849263883
8814210444
8814222221
8947231425
9866128363
9642881418
8885111789
8041017605
9966802709
8096181205
9494085959
9502254822
8143199406
7799889333
9291339133
8142244255
7396132748
7337555237
9908957143
7794993530
8041017596
9493212655
9100991708
9866347483
7093907762
9110399437
9989993055
7942845880
8010622622
8090905900
9493137318
9666517507
9966611337
7671035679
9494405688
9014700637
8068935614
9989379777
9736919191
8297079555
8019121297
8977575977
9010274460
9866457041
9247708799
7995659999
8626241144
7036155488
9573386005
9247125746
9985608857
6302832726
9966682677
9492772772
8008029399
9581116558
8855232084
6380754841
9848480679
9177194589
9491212222
9100656371
9989215656
9000033143
7799973338
8885694930
8929333993
9492143663
9440457488
7673941507
8855232078
8333037071
8790307992
9032777886
9700361888
9494395954
9133885433
8317602465
8341924145
8885111557
9620747979
9248599477
9700882441
9177267450
8674249900
9000878588
9985148616
9059977784
9618612292
9866059999
9951012456
9703403085
7013834899
9703164713
9885050181
9704519037
9885849596
9440525689
9701223349
7989106789
9642892153
9440400337
8688177402
9515089949
9502774315
9150175985
8571222547
9440249087
8041295616
9431333999
6281056519
9966270009
8500220333
9991118301
9032500575
7095245851
7013894678
7893444111
9392901553
9059505650
7997993421
8071326890
7013364594
8019300611
7674985356
9951735320
7981400740
8552358462
7670910555
8048740484
9494896652
9848586922
9885258585
9398234647
9966628888
8812237664
8812220550
9490960054
9966874687
8499966490
9849546805
9441332999
9949749744
9866739329
8855232180
9133583344
9985689999
9849812177
9059050175
9676233445
9949565275
7997747999
8688888843
9490839105
9100042430
9703713758
8500222480
8624220455
9700768383
9848893851
9398704213
7989798294
8106279555
9885009632
9849777469
9666848224
9703104858
9441599784
8977484847
9440919276
9014551298
9553366066
9393979269
8978431114
9441119897
9347186110
8185818147
8142594889
8790269996
7989454897
9966977879
8333855550
9959596391
7036512365
9848128498
8645232689
9849323300
9959111977
9866909807
9396661247
8096055922
9739252329
7569121205
9908498933
9966113691
9581477944
9959517774
7093445476
7396352482
8008590559
9494797847
7780684275
9885449384
7997730908
9848862060
9133210563
9885133663
9866155645
9959111936
9246783817
8688885851
9848413124
9490615329
9177416037
7997004332
9849589165
6305601091
9581818143
9483849658
9982407407
9700046614
9949193534
8044926540
9542863536
8886149777
9505167633
9154912446
9494705353
9885945463
8106129088
8520972737
9290578781
9000455105
9948259967
9347344140
7036214666
9703429849
9490202008
7729081524
8074959882
9955524433
9491508001
7875213794
9440736689
9014848533
9949500070
9866411194
8919280402
8074055285
9000878860
9397918605
9949250555
9908569555
9949229036
9493713638
9949210555
9542871374
6300033477
8317619026
7036783117
9032276541
9963650958
8309272269
9652793529
9291112237
8247804680
9951564594
9121509663
9652516656
9885779060
9701970177
9440704117
9014085611
9966031000
8886249949
8885886455
9440349333
9000296148
6302839852
7799304202
9440292440
7013134001
9505000916
7661929353
7780751363
9000858915
9030530933
9550507517
9980766014
9553061872
9787630216
9989759516
9440281877
8977538936
9492120087
9573621690
7095712345
9705006699
9701594847
9701849412
8512228248
8004107711
7337555892
9346524123
8814222567
9966996306
9912026084
9440739915
9100935655
6305411877
7995231113
8328275779
9603333339
9397090457
9849267559
9618154119
9515557999
9866456814
9502519092
9154675610
9010815477
9989429662
9010534486
7036973250
8985938654
9440814192
8813221093
9291688737
9000410075
9949940094
9666962121
9885622563
8978904564
8945243288
8626244493
7995854999
9849267226
9856867777
9666511470
9885783717
8674249691
9849289845
7396171888
8712375131
8008909023
9110343543
9494293999
7095545554
9442329734
9949666735
9866422613
9246629129
7549997999
7416498434
7386301676
9182766448
9440744232
7981832783
8106090807
8945294469
9618353932
9573320921
9030473526
9440556725
9160201110
9743424588
9143143197
9550111314
7288838685
8945241111
9985494533
7095123657
8297066060
6382546147
6281530233
9440829644
9959706978
9246299930
7416341615
9290813666
9381663926
9989945579
9848282380
7842275434
7386021448
8903186783
9700567785
8645235990
7386517704
8985627284
9966190455
9959036366
7780174149
9100633677
7416495269
9885012999
9949395915
9666432375
9441393147
7207955655
9492940956
9326719291
9290527835
9052221002
8500006130
8897941357
9866126354
6000860008
9502279229
8674242703
9848064567
9480661093
9100034433
8121906301
9581435362
9000192412
8919366322
9396795461
9866866125
9703335786
9490518931
7386465465
8688618982
7672016211
9440917639
9966537207
9392329618
6366550495
9948092574
7780576290
9440729534
9603432766
8626297555
9266767323
7702377666
9440268188
9848970577
9000666419
9494626418
8432781111
9491204553
9542620473
9494504674
9848182086
9491000910
7299667892
7386048524
9989855342
9550612526
9010208571
8978853330
9701707087
7799009925
9912968195
8309552554
7396518259
9963623988
8143569800
7794064939
7995452990
8125552129
9700508030
9985299123
9949619305
8555077491
8069248288
8978585787
8019808294
9542092555
7095123892
8499874630
6281610669
9347330267
8008120104
9573960035
9908627724
9032828585
8330990551
9247222247
9700045268
8019757452
9010006140
7013658398
9246157358
9849922348
9959584489
8008575303
9985266439
8498833663
9711737738
7306060240
9908100999
9491981236
9030131342
9989425028
9885209795
7780316465
9849363316
8790944311
9177566143
9952625459
9381493865
8978737575
8555083499
9666672229
8552226793
7674978485
9248015550
7330732888
7601054075
9849847517
8247434545
7997041832
7032164353
9010547597
8886272999
9704949199
8500850373
9963180069
9866026306
8662577279
9246433363
9948409445
8712630334
9177337837
8919295778
9885228856
8945241169
9394858999
8041017602
7702875958
9133177316
9959944464
9866226652
8558224883
9705790579
9121213301
9154224117
8142929691
7013602866
8179939614
8466933777
8500718785
9030553072
9989492741
9247464371
9885381306
8309214447
9885275722
8047630574
9700335675
9290003410
8074898417
9949940027
9885953733
9100518810
8062915980
8571226493
7411781298
8297439872
9550395522
8074536366
9030080296
9490644018
9585063602
9703293003
7893498808
9393665656
8099343322
9966087786
9032445186
9989619497
6302101505
9391368402
9398873124
9949458789
9849574660
9063677277
7672096861
8712357999
9052617192
9347314007
9949814812
9000714376
8374649811
7799413274
7569119447
8688948284
9666004143
9866155909
9959973748
9291666143
9394722111
8374262369
8641234589
9640702122
9391958315
7093000839
7386699058
7899903514
9032069639
9676259001
9290555223
9666388854
6304858237
9948228683
9490575555
8712172375
8185883377
8374324948
9000628275
9963869652
7674919986
9949646757
9581142315
9949014446
9703839370
9494952020
9492124906
8919595123
8008840982
9642331889
8309660258
9581956898
8988878681
9849519952
9346185251
9948899227
7780353541
9299951234
9989898089
8885782551
9441361168
9908805333
8919253015
6281906647
9642108849
9440949316
8185062434
8919022245
9866022774
9063163555
9949610502
9701896780
9885600280
8331869609
8625256092
8885588736
7799382857
9951458705
8341907274
9160753202
7659959533
9440362516
8985678493
9951181367
9704990312
7799770190
9640735732
9505225499
7801019492
9985945089
9246617816
9346080480
9866263182
9848678831
9032871954
9989508850
9032437100
9398176499
9885883108
8050848334
9985980451
9948163007
9866022212
9948114000
9440838535
9985025595
6303362759
9966190905
9182908187
8648226226
6281093803
9010727793
9133712019
8143956888
8555976776
7039002282
9849652502
8686703060
9959496946
9052904030
9959633359
9394235623
9849127749
9951169104
9000079298
9247760017
6126727980
9182720815
9490780081
9014116070
7989070832
9581052989
9704490160
9949097049
9505154650
9347566388
9480331345
9963817089
9985261466
9966357271
9440519618
9908899168
7032018209
9014723980
8778387443
9666629866
8555980391
9550913955
9866224247
9515045799
9959225740
9440181728
9390320779
9985388651
9392703590
9100703226
9000668833
9246670187
8924299939
9866852285
9966881293
7411781300
8924222158
9866638967
9100688595
9848068806
7893916009
9393145777
9949421444
9640116138
9912012765
7358465199
8886077683
9704022080
9701116029
8099281872
9052515515
9885885393
8143729024
9010086189
7382971128
9014349307
7032056555
9885551814
9177298039
9160997383
9398837265
9030239622
9160915473
9397199599
7013894730
9705287004
7207424701
9494943366
9440237141
8885012548
9912131175
8790571220
9440740293
9014331333
9441983476
9866928651
9908206477
9550424865
9440244453
9849226929
9440776228
9347739300
9985656599
8099354700
9703302126
8512250705
9294009007
7995111136
7013240359
8019977441
7901404999
9014278088
7330673933
9908010614
9110516353
9182430789
8465033350
8008577366
8071408352
7013280310
9110568578
9290045157
9963813631
9642723753
7337771311
8886546446
9100510101
9133858042
9989028685
9177470404
9989980097
7288961135
8367716948
9985111811
9299257975
8662572286
9908162069
8044939685
9524777779
9848249527
9121055696
9908965365
7306991999
7799499849
7799786912
8044928258
8044926203
8125368313
9959699988
8186859565
9955336623
9515063344
9553488008
7207755382
9502324013
9966332319
8309033293
6361869206
9000656514
9705613275
7386974794
9866582013
8500706364
9985243774
9391427748
9640403040
9440457749
8297927777
9568666888
8818229224
9030278393
9666644404
9392996700
9052059171
9603565222
9440474747
9966067765
7989174160
8340889417
9494555447
8818221381
9440146559
9885199977
9502504602
8121252047
9246477666
8818221680
9440999088
9848087600
9705506355
9110515051
7981230440
9030200445
9440474678
9966946777
8121463074
8818224008
9493555253
9100510016
9440013128
9666566662
9440571818
9885970273
8044939687
9502438444
9849492726
8008577030
9848382088
9441906786
8942228699
7075732018
9513184489
9133266251
9786589147
9704733417
8886657980
8942227785
9963891485
9440319600
9247127639
9154815184
9948024522
9849553774
9059793834
9246679184
8374945079
8885801416
9703522111
9848193765
9000573434
9949634902
7569391151
8897678788
9347738778
6300565814
8641232827
9581373939
9885404349
9618199259
9490402103
9494769091
8814228930
9122577777
7989264025
8037762169
8814224710
9948599546
9676608284
8977552424
9182837690
9866369165
9082714158
9966676231
8559221966
9391733603
8143722201
7382050777
7901550099
9000450300
8596222009
6301851911
9391417596
9948881831
8050560432
8674240070
9441849142
9398226611
8019391006
9121149449
9032636174
9985239590
8499902277
9177010203
8519904584
8463993222
9440921318
7995105226
9440688252
9044337799
8855231993
9032290433
9848085277
9666155566
8374317432
9121069561
9347023002
9490479723
9959679790
6309153641
8500006311
8367365158
8500234580
9059023089
9441022880
9490381943
8978822467
9347736379
9577433888
8645232377
9390567131
9948146556
9848097603
9985802043
9989244887
8309155130
9069000444
7989739278
9652477927
9440255328
6300950445
9490391553
9108410651
9182305419
9440583150
9440632604
8328421351
9885550885
8712363799
9441442299
9174292222
9859808808
9392707971
7981480124
7989730488
8674248748
9000780416
8885344430
9848122738
9440796227
9059593956
7207270707
7675937629
6309026484
9346873733
9848587664
9642424666
9290573210
9949746237
6300249350
7780137441
9032115364
9491330504
8639394142
9492535939
9866441154
8121517773
7995969549
9989254444
8434843484
9949621123
9848098700
9441708394
9492241300
9754222999
9885899911
9010381456
9951069431
9440622009
8004198518
9849507076
8816233273
9959125533
6305883357
9642866448
9030783178
9848112196
9848164070
9030596508
9885539987
8886201487
9441124815
9603499504
8500182020
9494074740
9666681786
9000770330
7732000120
7842591009
9888964446
9182975630
6309977779
9849135358
9121166920
7095178568
8106226953
7702228698
9885108000
9441662948
9182445579
9291599466
9908506119
8464999920
9693917688
9391602300
9908720786
8712457557
9884055415
8688837750
8662571983
9346459428
9032078033
8463924483
8463924903
9963324865
8500068486
9966221218
9849235760
7942762697
9966756601
9010557777
9346687693
9705550055
8977403551
9700555397
7993988755
8374186789
9441914642
9491925251
9859991991
8341888860
9440207366
9441854335
7901220777
9440664662
9490539163
9963699979
9491291002
8099933308
9700083476
9490486781
9865938306
8596222982
8328369563
9248011858
7942812243
9642233455
9490175940
8008803503
6301958505
9393840955
9391927770
8247630892
8886498882
9502568731
8331820242
9498080898
9885555183
9347411287
7702730030
8096903555
8825220163
7013789949
7942813314
9384805574
9848971796
7942877835
9704036658
8247382437
9182381368
9490789495
9640502024
8096818646
9703336116
8125302246
9642607979
9885079009
6301851915
9177519551
9133049268
8836666680
9000996999
8520807893
8832499066
9498054256
9505975970
8886296661
9985051244
7729029088
6281829356
8985403630
9493797319
9948202323
8832443335
6380026596
9492381308
9177852526
9542637116
9849520517
8919144025
8897622296
9248094455
9848377695
9949173883
9618971911
8143145383
9553887108
9908286174
7287049516
8626251188
9885026273
9000119990
9930646982
6305991534
8922235500
8291029584
9676712999
8459179307
7995277758
8516916916
8922252900
7416264455
8500303003
8099118060
9885875717
7842333399
8074896609
9398485699
9292459459
9052703828
9848163050
9848586116
9015964626
9989281413
9985786666
8037762185
6301241073
8978126757
7382333315
9902333311
9390019331
9849668466
9182212221
9491206141
9963361515
7989423639
7942762768
8374444414
8885858895
9493999983
7331192999
7420014074
7942845926
9849835736
9494645681
9347951605
8924221333
7004375488
8069248267
8924222900
9346050403
8185870802
7981317178
7901241330
9550921326
8977331660
8977599995
8019912235
9652757565
7396596433
9739588365
9246630957
9848520848
9032747315
6301042530
9396225293
9177930164
9381141518
9014312825
9059050410
9908968639
9885270817
9603554535
9492606970
9542099972
8019199129
7594002510
9704165134
9866281355
9885942135
8121212449
8879935417
9160126206
8674243494
9618627774
9505716269
8885909052
8919181844
9010144141
9440388919
8647254645
9391261611
9392939449
8328451389
7337206110
7947479872
7995959939
9849694560
9494504320
9059931758
7330900525
9133906563
9162828362
9985555946
6303817808
7947479900
7013006011
9010775599
9390593232
9515452478
9949894891
9505555673
9490592073
9866917393
7331112228
9849296408
9440830031
9247266674
8106802134
7794917109
9182075118
7842007827
7780663467
7386622463
9848756106
8978154033
8074256696
7382533644
8333997836
7829444644
9966336027
9492879797
9700929281
9704178881
9849229565
9573682900
9494543819
9505213766
7702714814
9014314090
9908020821
8647255466
9440712886
8019931254
8632231188
9246402174
9848613780
9866025075
7799385828
8520027510
9849665505
9966961566
9059459701
7036401829
9030751917
9866508657
9985882411
7013553440
7337256555
8040184450
7288978212
9346347625
9133533883
8068426654
8922233528
9866682886
9866193089
9703344483
9490231698
9441518705
9703575810
9000206864
9959225688
7337042340
9513480480
8556222629
8623242040
9603553355
9985761069
9030492829
9121650385
9030227759
9040069626
9866664517
8106818437
9866828983
8309597566
9848302586
8942227691
9440115686
9392323974
9440383409
9440937584
8985446661
9492327421
8660509448
7358897492
8570255202
9441774863
9494311333
7013371641
9290996681
8008123412
9052052068
9912693720
9091108108
6301817729
9133711823
8897584242
9866728920
9398661909
9866318017
9848357543
9441107642
6281252588
9247142035
9218169274
8106454599
9059493661
9492000876
7013312462
9959952358
9490882020
9441444639
6300872151
9848169811
9030329087
8978343809
9502078900
8071331055
8919091433
9966693997
9526953183
9490155443
7386767596
6383529821
9966322889
7416523128
9885022444
7338826985
9490165695
9505671395
8179719799
9248017276
8712338999
8897873468
8186919636
9441273879
9030400551
9352568128
8571224515
9989529034
9618918968
9866624660
9963977775
9618653325
9391838407
9856009856
7337586718
9000917123
9703859593
8080599778
9154222444
6303168466
9848930139
9866701426
9533329591
9848532644
9494477561
9966843406
9849614829
7893948606
8121827770
8639000687
9440215158
8044630730
9247382266
9440559307
9030804367
8572233753
8644225159
8672222688
8121746588
7287035967
8501957868
9440372678
9966150964
9440243888
7013421109
9032735199
9390323349
8978837520
9494908820
9490522477
9291277771
7382027643
9347897769
8073272414
9110771799
9848039909
9949334908
8592233315
9966281577
9502386301
8812232427
9289922629
7093180646
9885519790
9490296667
9966744466
7893657999
9652125555
9247462986
9849532166
8143695125
9440456268
9912387786
9440279260
8106018518
9052006555
9392545549
9966658346
9010163411
8001211122
9912698810
9848377354
6305478951
8686427325
8832444620
8832464144
8836677661
8046512157
9246654144
9063793388
9247465580
8832475008
9133226281
9440732301
8500700711
9866714658
9704203682
8099946296
8178025738
8500300415
8897330643
8562272836
7285962016
9849310818
9052311522
9949050002
7997991397
7780512860
8019874297
9063072989
9440224393
8019990590
9441040731
9849548893
9441902204
8500607999
9603222719
9948765263
9440574917
9581360757
7095786853
9014157182
9652294587
8181811731
8886832086
8772255152
9030400017
8074081940
7386424132
7799430017
9160012881
9246984061
8309661644
8432780780
9440133228
9493877167
8712609184
9885538703
9866078776
9030807161
9908208089
9866127216
9912863561
9885140494
9618860055
9885013745
9490726949
9032978427
9866514307
8008926551
9949403526
8632219177
9985644633
9885264448
9848120277
8632215950
8500580915
9014314017
9849254398
7989439361
9347404047
8662422073
9642694425
9848497497
9032615308
8666622184
9963295559
9849138602
9052364163
8143386431
9393565756
9133779556
7997441149
9440209123
9642361360
7386606476
9440191723
9848035002
9703818862
6303681115
8916663133
7893355267
9966725938
7995960522
8913208836
9885612681
9090657452
9849112521
9848287732
6301470373
8297243243
8688674945
9490505924
8886187388
9160225338
8074494130
9113545714
9701638359
9440248276
9440248401
9949443329
9550464442
9246668692
9392912607
7893228193
7989982896
7989829669
9240031040
9640995789
9849148888
9949394555
9959225550
8044953827
8125371555
9866629349
9948351026
9949472877
8886568555
9030054549
8008441855
8555923471
9948461966
9951171129
7780437077
8071889799
8886665887
8814224511
8186909566
9949328602
9885118214
9346827974
9666119655
7976380264
9866663724
8814223141
9666350503
9640287271
9493704708
9966610896
7386719505
9866096818
9440061514
9666656156
9851247365
7036774462
9494544305
9603070908
8647230877
9440193650
8500253345
6301313891
7981151993
9885289481
8037221096
9059965551
9492545450
6302440746
9440100235
9866709967
8977877383
9912918433
6304209345
9441058956
9441089607
8639713124
8712601885
8945294898
9000501431
8037016373
8047027159
9966066777
8062916185
8071889917
8019201920
9885314555
9494689393
7995716742
9397916225
8019398699
9705959792
8328466128
7799955999
7799408166
8019184151
8185802956
8019985594
9550077534
9240013912
9440001447
9390610919
9848537356
7661904370
9440750851
8852241960
9603898768
7382129139
9848664462
9652112623
9908459305
9550062685
9542628436
8008738999
7207230334
9059247017
9885372424
9000014108
9014737777
9392625858
9052316888
9133932399
6281303065
7942813659
9701225799
8985242766
9966045679
8885763999
9848013373
9010933555
8463999919
9948457444
9014907222
7548845042
9347155369
7674079048
9840103541
6301457313
8919767646
9701368565
9908643089
7075371737
9791230451
6300371151
9440088240
7893441688
9177036975
9502496163
9154971691
9347423238
9848377738
8657568512
7981806555
8886224820
9789778985
9494099678
9849627474
8500434569
7942876807
9010035559
8816225669
8977743275
9885670256
9849311235
8816230555
8463931347
9491517755
9398223232
9032748817
9951433977
9000075533
9700766659
8688589900
9228849672
9963944455
8988885666
9246462080
8897376778
9160992107
9347816129
7306332699
7780663723
9491511705
8978857847
8074779263
9440837782
9849499960
7207107971
9989216305
9491922208
8790373886
9398185660
9289922417
9010430000
9100137155
9293737276
8142221695
8008445191
9052139999
9030359459
9490110780
8002680000
9951183426
9542223362
8639918223
9391550456
9396885349
9538572666
7036844045
8514222212
8514222291
8514245334
8897744048
9866247099
9561423585
9440291300
9014820320
7947479789
8919396627
9703430506
9440307930
9581444014
9553397708
7989444293
8885712229
9000069145
6366952276
9885829937
7569856641
9959143212
9248543248
9949201875
9160236023
7036975752
8919999384
9951097732
9581666064
9700245590
8942222203
9059966745
8660515782
6300054793
7658942130
9885919675
7306794388
9440006719
9063630030
9908626862
7981071294
8074230265
9963573653
8688439325
6309456553
7286997186
9291081084
8074624287
8074561505
9912688125
9030057777
9700277754
9398681653
9347778715
9441962515
9491841080
9493047786
7198099448
9959477083
9652922108
8037016462
8121292920
8019990007
9494446686
7548805772
7207207247
8106663105
9542719995
8555885479
9885793763
8074838577
8886090199
9030307722
7845363985
9182461033
8106511611
8125983849
9393935223
9010572223
7036353434
8919525302
8008577523
9346538033
7995579997
9393939513
9866600935
8886010747
9912345541
9852585668
9493937656
8555832881
8466936185
8099999269
8790157079
9493826752
7674959604
9848911777
7799966285
9201010157
8125167385
9000943667
9704441235
8556224801
9619633028
9052630009
9885332498
9059985041
8037016772
9281014164
9885515456
6304056721
8044953897
7799779116
9704740646
7799918642
9989969724
9515428488
7799965656
8041017584
8877992289
9885396143
6300158556
9042267798
9912854431
9985175992
9347114229
9966959067
7989562357
9393871094
9248749046
9000156322
8309660901
9581622624
8643224022
9966131693
9849887530
8555805858
9492140267
7799404755
9959225872
7386440344
9343328177
8985049497
9030196001
9885971740
9396218012
8071576042
9963695473
9848911463
9299999496
9494692894
7032711094
8499945684
9494496105
8121279609
9985692992
8854255900
9985018999
8854253329
7548809274
7285916916
9703484836
9848578888
7893357703
9052508350
8644226060
8885888516
9963210055
9533381222
8121612134
9849500465
9392003875
9951647943
9966260368
9966496669
9032555639
9966552565
8179398492
9248495999
8071629857
9246483744
9948719222
8639741677
9700420470
9063666310
7093386112
8559222211
9703600373
9885193211
7382507799
9966485757
7997246989
9393386668
8647230636
9985856108
8632333369
9804040456
9700976244
7013400594
8008360119
6309426620
9494434949
9248678888
9441690237
9550237882
9581964196
9014367190
8686808074
9948617617
9014206867
8297042555
8712312335
9581494161
8977860959
8037014009
9052586104
9392155656
9542722999
9059912930
9885492077
9032610100
8977000605
9703113111
7056247365
9962716989
9542785269
9107379379
9533335977
8096391110
9640767616
6300273041
9676840909
8985551812
9652991173
7904011212
8672225200
7075135858
6302877101
9059992626
8309181821
7013798645
9246697889
9581025088
9618042952
9959657586
9966699992
9100903852
9553358422
9652818079
9666155551
7569254052
9441022237
9440242799
8897678767
9182452022
8106411741
8142399959
8520887419
9246644899
8639027967
9505388488
7942876859
8977633400
9780714714
9908036331
8099255555
9240083059
9705622111
9030808222
7942810811
9949845272
9985258294
8592233647
9885106121
9550212181
9502614657
8068426607
9247032955
7989662047
9490175908
8328284556
9110325595
8046333633
9291252774
8885557620
8341993259
9581943889
8592233173
9866395416
7660090755
9199099919
9963629009
8919019792
9618925728
8019225428
9110325727
9133317811
9948517949
9985004979
8106106512
9885082906
8500388881
9849884055
8812288299
9848671313
9441528464
9063655200
9951808899
9985630760
9676664311
8068426685
9949863687
9701702620
7702799087
7032761679
9866024855
8812238538
8096090301
9246678890
9948423233
9346944389
9494893336
9000039789
6303143873
8842383366
7373579795
9440567346
9866483780
6302561204
9676564656
7396494444
9493566707
9866408648
6300537624
9030773737
6303738760
9542524200
9052786847
9100909010
9493333069
8071858871
9290129319
9848338487
8309595923
9505244455
9849390490
9848333679
9851688999
9247319273
9963322214
7675984773
8500619437
9618858190
9441177776
8309320008
9866369153
9949405499
7799722172
7399942222
8464821333
9885968996
7997282729
9246642899
7019280827
8374006555
9848034711
8985608456
7200333250
8886752777
9848366706
9948313972
9533412345
8978711335
9959127112
8401375434
9849763445
9618611681
7207486744
9989252999
7386452890
8832445679
9948056666
8832448777
9347577204
9542815425
8500464809
8341588488
9885959013
9398330065
8074331574
9849664860
7794005438
8790909648
9966923757
9849144765
9642337896
9515537503
8069352457
9440254945
9440429450
7416179113
8004193555
9849385558
9888147778
8688016999
9030152020
9177756497
8037016767
7799339544
7569690077
9014142388
7672021267
8846688888
9499979997
8919164239
9703999612
9948037897
8501900433
7997503333
9010431555
8037762179
8297123123
9848684444
8985816481
9848682499
9553400015
9985150441
9491049653
9440074897
8067335514
9014651898
9949885407
9030771050
9951721114
9440594646
9494339148
9440328768
7842342696
8071640317
9397818950
9866687669
9393995998
9550576144
9652992476
7799934565
9966284747
8033113311
8179399021
9999668634
7569310764
8712292555
8143283628
9542883344
8553440021
8071889669
8790333399
8037781990
9014623235
8037221003
8464050630
6300680471
9959951110
9866161372
9948890631
9848145450
9640009191
9848887467
9393707071
9395388308
9885228536
8121970627
8578222214
8578221430
9491522275
9848184204
9133557766
8676237744
8688357597
9888735553
9666646887
9494418628
9505237568
9550195440
9000074444
9640441944
9989571727
9849234577
9440278322
9440134100
9618295554
9000860886
7995599733
9959250014
7675081732
9573759032
7799565654
9441656120
7093393435
9949278777
9246395566
8048045203
7386665786
7448933747
9440247891
9959639311
9440285945
9177580401
9704362345
8071890027
9597552072
7396595929
9959214052
9949045910
9949940080
7893413847
9848000611
7013338503
9949784184
9032433345
9014771045
7731933395
8074147009
8886893739
8333891166
9392339556
9885457833
9985099482
9490658835
8002081234
9652427709
8512220240
8657568648
9963052573
9642666919
9849916756
9000748777
8074866103
9440324116
9494748600
9966650505
9949456667
8942222156
9133090256
8143672299
9030607016
9059036345
8712341473
8328256030
7097661786
9036454649
9848863236
8688123064
9052181777
8047027146
8044953811
9502059777
8041017603
7039001475
9700306777
7893939337
9010855118
8317678919
8340840897
8885638989
9848295244
6304502065
9985155555
7207299998
9866835102
8125634099
9848212453
7330723489
9966087009
8130181301
7386455106
8070743743
8885824288
9246277727
7948058652
7995002737
9393996467
9154281136
7842000070
9640755559
8885156688
9398617144
9537622758
9100373806
9666913613
9989120558
9849316984
9676504174
9247103929
9396705854
9885674466
9966665334
7416770618
8985276677
8912783575
8309354865
9959322103
9441598676
7396660211
8121363549
8672222728
9993378781
9966330014
8672227000
9291612736
7893432714
9492010356
9704442318
9866865117
9949057884
9652818105
9490503034
9440044337
9248155336
9246927282
9848121918
8897854252
7989229122
9951857317
9398223127
9182251020
9182079760
9948120705
9951150405
9866438473
9160223359
9246921177
9030390802
9989045686
9493008238
9505897269
9000833833
9440942049
9945157783
8562241676
9985246633
9441402970
8919039964
7569064317
9966393532
6300972292
8499969449
9849211118
9885389000
9959696508
9959275200
9346081444
9848872866
9492295224
9493579797
9550124792
9866844488
8977718817
9603266366
9355834351
7993885519
7036386999
9988787666
9615155999
8856232337
8856232496
9346971808
9494486669
9346993809
9391417615
9177437018
9676739096
9948773434
9866826022
9866775590
9440988025
9248133822
7995246413
7036179729
9542954449
8500081885
8186813443
9032081338
9908258888
7396684933
9866411390
9848682799
9390257990
9542522232
7942876769
9493704797
9985831850
8977054254
9912107506
9493772668
9959225945
9030929252
9246639009
9247478158
9573720839
9490904415
7702891260
8341512819
8977929909
7075867027
8977760748
9989811959
9849187476
6366667475
9642357589
9848048128
9550321383
7675032922
9290238883
9848903025
9247417099
9491929903
9160858258
8639767660
9951111111
9246651059
9951710101
9703033039
9949502144
9182520126
8639391925
6301361457
7997992636
7013101367
8096188777
9515071277
9440145222
9248419345
8341027748
9440578757
9848544422
9966051892
9100594499
7093747129
9014235192
9505520472
9848997777
9505345123
9901172626
9959247279
9394971117
7997918888
8074483355
7382342099
8645232203
8639159617
8639851852
9441294481
9177741113
8985952055
9177443615
9613456567
9494000886
9908437731
9246696686
7995859554
8309125122
9133442202
9949342799
6362536294
9989207479
9110588474
9666385602
9866270962
9177659470
9441589270
9866125577
9014703147
9866509312
7288955897
6300552027
9502845306
9110317345
9491132644
9989895491
6281482624
7670907872
9912699789
9848984457
9885509354
9000957727
9030210609
9848850116
9246985444
7993542605
9000078896
8512253785
9381559035
9553334399
9397056287
7896989232
9908379017
7358070080
9849417837
9032061508
9666392109
9014722940
9618769769
8688226240
8886520942
8247893572
8588807298
9030877425
9704951982
9885528103
9703196139
8919051038
9133610310
9240221889
9347077194
9849598314
9492757546
8185820257
9030333980
9992755509
7416414600
9030444798
8790488412
9963224177
9491586951
9440797105
7799975333
9848167591
9440247987
7947479790
8500050159
9440355060
7386064059
9959659704
8647230007
7989974161
8647220229
8374692277
9963934527
7731060846
9908632732
7702600272
9553776398
9440942066
8644225566
6302564324
7981563549
9390327744
9492982212
9948225874
9666314449
8978487807
9524571116
9000056116
7989176519
9700352020
9849987999
8106572162
9573649985
9948769276
9640586446
7995072664
6300171647
8942222293
9948263919
9618352274
7729975080
9494964459
9676704392
9963813486
9949021468
9959805754
9391283576
9440639268
9666917474
8463931721
7003292507
9440171297
9908700882
8121612187
9848647285
9441078784
9948803082
8555811855
9553369007
9100381789
9885651439
9492946080
7330710371
9440726539
9111988808
9121846826
9167835555
9866424509
8623244355
6303836063
9491692588
9989998070
6304480198
9848749161
8886688864
8554242425
9701491779
9187375578
9841707577
9441882995
8570256623
9701642425
9849796555
9244336666
8096977977
9866457490
8309684430
9866164991
8121266257
7207766842
9515544442
6301182847
9885037566
9030600794
6305211884
9246940606
7008480334
8179106488
8247273144
9573518698
9085916916
9848698916
8074477686
7075923420
8523018275
9573205115
9290087010
9247466793
9848752529
9177018634
7661943142
9000160088
9393935141
8074316455
9030953009
9948816318
6300433675
9187777777
9440420919
9848447494
9000240700
8819225333
8071654939
8044939709
8688340514
9666705703
7799844544
9949255429
9491925688
9885563555
8266896689
9848477447
9246664866
9505680687
9603539353
9059975699
7995014274
9133277752
8623242223
9866455457
9440287755
8068426608
9440907735
9059048555
8341214972
8886660108
9949549697
9479478471
9000385372
9948049856
9553850811
7809662658
9000902044
6303120800
9246222993
9826807777
7671031382
8309385218
9133451722
9676210261
9398686973
8890185004
9441725071
8558227455
9030905400
9381305500
9000267177
9494448770
7660076609
7013341416
7993593579
9493221313
8919255549
9550648070
6300591834
9703984844
9502363267
8645231399
9014661562
8179758507
9848078556
9030806202
9010038444
9121150222
9000702227
9494626444
9603104556
9246200222
8886119998
9849788084
7032206399
7660925377
8047590262
8143122747
8919924424
9491777437
9299003921
9247298185
9963061419
8186854999
9701089746
8886688099
9703602555
9133956905
9866367101
9885701809
9550752939
9908777222
7036088824
9948141476
9247118764
9440254161
8885861470
9494954218
8886422649
9949595090
7995154867
9849136394
6303473481
9848253671
9441659637
7780623199
8977991144
8309010023
9666154524
8688888903
9848293313
9912371255
9032990099
7093615900
9000707365
7799881165
8885578016
7013469420
9391612368
9000394573
9966250045
6302816263
9177536222
8143646043
9346511901
8143674757
8328656753
9848776480
9703046705
9490350427
9849849824
6309192250
9441204489
9440567335
9885777379
8099380354
9848037657
9542399345
9440651960
9949398161
9989499932
7788993939
9347729708
9441468940
9440841324
7995608385
8801418458
8500273929
9393628455
9704933319
9100408505
9963521144
9577334499
9347466546
9848371133
9705222844
9502766817
8814222662
9247466460
9959561922
6281869923
9246462676
9603031755
9949775330
9666584271
9492525586
7013303323
9391339165
7675991777
9490280025
9182337723
8977255714
9949964923
8639484911
9494468922
7036399997
9866529205
9848654564
9848472621
9177964999
8555818946
8047027162
9440582006
9347809460
9052912888
7893403344
9849198494
9573012442
8978601901
9110729757
8333809999
7337552410
8886786761
7382082555
9100752753
7661970223
9441450865
9703577784
7799357979
9966242554
9440524435
6303980538
8328019264
9963152003
9492337744
8801148687
8626251999
9849262473
8499934819
8121157719
8985620038
8074872516
9848246418
9494951436
9908755118
8985837642
9133031531
9491377026
9490103958
9959987442
9502336015
9666072831
6303223383
9154260555
9848430006
9618997769
8790988633
9959592564
9490607573
9676323455
9440999581
9494569822
8112188888
9985688034
9959000898
8332990331
8497009915
9063171786
7799591234
8106348584
9703777686
9848087880
9502354460
9052507754
8037513750
7306037772
9642961945
9985942862
7780127515
9594820169
9703090901
9949820547
6301735271
9989693143
9981611822
6300628712
7801033370
9848546231
9986612121
8067518078
9666480600
9542299444
9848279000
9441157320
9906170125
9492081033
9666004043
9701769565
7290022123
7416616646
7799772651
8912566656
8985898866
7732044514
8912558162
8185921684
9885011347
9849727146
9398994468
9848031158
9866234979
9676370616
9848878663
9912283966
8912564825
9132743999
9052177377
8662441116
7042424242
8125818282
8008588871
8226822662
9491323838
8922224034
9440532952
8977936373
9000437300
8750687505
9550232721
8662535595
7330984620
9949142891
9009001489
9490272227
9848125539
9059179779
8942226222
9346222567
9440838758
9849387474
9440195005
8069840341
6304587930
8297554488
8985443072
8632223456
9491616663
9010177709
9912912510
9490725164
9494149888
7075560655
9848526555
8818224555
8037513853
9494470477
9848222113
9121922992
9440706908
8291540681
9441083001
9010891196
8688485868
9133033354
9866599955
8885842585
9885534444
9966795208
9959579984
9392113553
9866567567
8816223316
9010900024
6309250666
8121923458
8816222021
8790743815
9908963567
9032886335
9014016943
9848966218
9346922541
9052501910
9866182225
9063662728
9246617500
9848023932
9154682872
8179691643
9154815191
9573788999
8047590298
9347756666
9966471628
8856238199
6301121081
9666021878
9000076460
8555877523
9849836921
8333089649
8047590248
9849123222
8919230567
9441413827
9866733669
9494778863
9494205890
9849471714
9333333557
9121297777
7981017170
8328055898
9177755775
9346422962
9885321866
7891288999
7702770213
7305770577
9661555668
8639886505
8816222912
7670894446
9291901518
9991118757
7989929442
9652524794
9949172005
9392291187
7036099321
9885070699
8047590128
9347523370
8520025454
9866936985
9849232536
9959940083
9398423270
9676235257
8333843980
7569058252
9032648021
7075454501
9963806150
9885249017
9490359934
9035592198
9490737741
9986337337
6304494772
9010366428
9866236565
9701250995
9848264515
8978941143
8341221448
9441786439
7989246689
8500044244
9849899609
8647221456
8466030172
8977773143
8885888847
9908452257
8555829961
9885125515
9949986156
7799207149
7207667512
9885999299
9581711172
9398424010
9618004662
9441601401
9949111818
9959444644
8019801780
9701132528
7842278325
9845025966
9000130213
8019992457
9945715271
9293434999
9949951155
9177226192
6300821771
8592293229
6305332266
7382797787
7997823034
9652139333
7287933999
9848963336
9866309212
9642188874
8008891044
9849304563
8977519183
9885242492
8121296124
9490175975
9440427782
8925570985
9848785625
9985521789
8662223615
9491722404
9949144551
9441907784
9885471666
9440186671
9848188460
8812646465
9247233952
8341163184
9441448980
9640079734
9908599088
9133806669
9494808061
8297311251
7780375361
9121993726
9502694212
8975119070
9515849005
8512256499
9849956464
9848737775
8185959118
7013537325
8008572629
9885233262
9949725645
8125245525
9030334545
8912549663
9966354003
8630000952
9885545139
7382012357
9493181317
9963333533
8500809550
7207453127
8919322121
9292009333
9494728222
9177666149
8096666070
7075451759
9160241069
9393938011
9618159662
9866654725
9885584000
8144224422
9000016217
9988593333
9177842098
9849670541
8523033222
8662573816
8340949959
7799779987
7036353948
9347234144
9440356731
9381564401
9000275716
9885758104
8688998855
9440384309
9640842477
7075703899
8096628888
7799990008
8498831111
9863636347
9491383444
9392187954
9550602045
9392933082
9494467542
9440673675
9121232212
7981574923
6300856275
6361513001
9966903977
7874816816
9966636687
7799720707
9441368182
9989033307
9652899496
9618961111
7799890404
9989777909
9247040404
9246434586
8919617211
7799444747
9966799916
9849150590
8639892877
9959596813
8374066658
8500554056
9642422223
9032123143
8500500065
9966337313
7416006806
9010649010
9247772137
9949935335
9397144555
7799242233
6281698606
9704902008
9885019742
7780769606
9966639960
8978886336
8668198393
9000881528
9949403558
6303628947
9849465401
9885400676
9963900692
9494980808
9966087111
9848692237
8772222043
9036334466
7075219191
9848780524
8500659544
9292005292
8686730762
9494776969
9985335254
9390908590
7222888440
9177263484
9666292029
9346821292
8331033222
7207399196
9440742202
9741364906
9959246648
9700643424
9652842056
8977196381
9666368629
9346885910
8801571844
9502216436
9000478488
9700778867
9902702351
9440722399
9963835252
7569244943
8282897899
9949084646
6281113849
9030409045
8885005521
9177722606
9014298850
7416963266
7095908118
9848608678
9533279289
9885296700
9440492924
7905419578
9642462856
9866645899
9848668773
8819224056
9951374000
8712959595
7013414004
8333094754
7702211500
9642818783
9491286540
9440419122
9030262673
9491592642
9849546999
9553990539
8332821379
9703201440
9989330326
9885097211
6309770278
9542424774
9985256289
9789357955
8885656701
8179497991
9394438879
6300716616
9676920797
9000919146
9110742008
9849322869
9908884031
8099237117
9959009671
9502461515
9390808700
8328372392
9949153087
9848861206
9108157069
9885028823
8328403432
9110744845
6302407909
7780593112
6303974896
9390346733
8106013131
9440312568
8856231978
7416102489
9849442595
9676760422
9536333888
9059047871
9000046380
9885534222
6304489040
9866109090
9491290697
9985999490
9491629740
9100750095
7893535399
8922224444
8500129406
9396978888
8978438292
8500508487
9885873976
9381625959
9000382815
9985585978
9966887242
7981100599
6281890153
9000375999
9966336119
9866853517
8978074808
9553527315
7671963346
9866963874
9440453668
9014355232
7013268812
9704037172
8639191975
9988686777
8367270187
9154443078
8951950630
8328373754
9492969868
9440204601
8341213052
8897791122
9849332519
9441072777
9133624781
9441887407
9884450338
9491324545
9804359999
9299992776
7036363914
9652791004
9666711555
8688118388
9941038999
8500933123
9989573006
8147090471
9985162727
8008019261
8309071313
9989333678
9441095004
9866151249
9849274508
9440727925
7032854592
8500791234
9550002000
9347031127
9553355654
9866141677
7997567888
8500002084
9676747674
8465828999
8832463981
8836666945
9848182373
8071640083
9949151523
9494003533
9246823001
7659999615
9988992886
9642771508
9966636658
9000920408
8341708980
9908511140
9492642244
9951284704
9849968553
9789033476
9885252699
9603915000
9290900000
6303506678
9989906763
9128599999
9502062404
9966680845
9059811225
9398867707
8150933624
9347151904
7702072615
9494651641
9246730407
9985373830
9885824878
9966688870
8039664989
9885331975
9866026305
9515433664
8309991675
6300704086
7382006619
8121424208
6303778198
9182430579
9848814432
8688126567
9989933344
8886332056
9441141633
9949840820
6301456610
9032329111
8309941259
9989360099
8977585199
7699911999
9966998000
9701594700
9032626257
7093075454
8885895645
9966687777
9494570570
9812559812
7382104808
9246632693
9493388818
7337007601
7995859917
7382529018
9866644094
9778489999
8662576940
9491830839
9290781622
9848134472
8662572949
8071889916
9392115327
7673977997
9393431796
8374153731
9148787678
9945196777
7989695234
9553008009
9550076336
7659061115
9394107157
8328121302
9502459012
9866501243
9502501054
9618954336
7306310999
9703481203
9441791417
9959818776
9550398699
9949903611
9640521746
9866040170
8341347809
8179120888
7893877766
9398323747
9866029485
8912541915
6281204224
9948474642
9652679407
9030966584
9000323210
7093011865
9346894569
7780647818
8886252222
8519904555
9948587330
9440669965
9848160109
9392981471
9949565730
9246785411
8047590213
9951988355
8712635820
7730992099
9553073888
9704108085
9390216187
9885311133
8834074994
9963584228
8832478558
8832441321
7799327084
8832416141
9640595999
9912385366
9399917119
9849167722
9134030303
9959575754
9666949584
9398281819
9851446644
9966150214
9177866692
9491687865
8272872882
9603350085
8047590264
8125116112
9849427670
8333966766
9963293144
7981507508
9502333445
9849037547
6374369266
9550058802
9740243960
7997996998
8562274262
9652066890
8125098304
7892974646
9949602174
9392140337
8047590079
7815851330
8897837815
9666676258
9618948285
9573911366
9000886635
8518310485
9392383303
8518220440
9492944377
9346461703
9940354985
9032327451
8977404779
9985654665
9948019079
9502226111
9866802332
9000918705
9154081156
9553175185
8772221280
8790653631
7330862626
9866394088
8147226164
8047590210
7032772135
7845229985
9966043123
9440699997
9866220628
9440625253
9390404064
9177361201
8686666695
8008363977
9885672591
8612324448
9052831667
8612321998
9030308189
9121089988
8037762042
9849049552
9000435502
9133253701
8885842999
7207222022
9491111717
9985210068
9963842911
9700228272
8612307222
9885659999
8632333396
8632231052
8919756111
7995671559
9963232987
9985660176
9000400975
7095976740
7548830985
9849413923
9848229961
9502988869
8008641999
8341096943
9110506036
9490848906
9959155355
9294002770
9848191080
9553344226
9490769059
9985977766
8977799189
9390464646
8662496493
9550179185
9246787132
8500629777
8686255835
9966974477
9848544721
8879930973
7032909045
9849116261
9848339042
9848196184
9246590003
8401584216
8001022040
7095980361
9680699926
6309745364
9885194988
9885378259
8179019929
9603143057
9390955897
8886332278
9052157618
9441535842
9849330101
8978194044
7981700599
8008700175
7331152200
8712127512
7659912385
8562456376
9550056111
7013729269
7013485760
8919960919
9701693014
9492759159
9948472109
7731850189
8037537165
9989204204
7013204313
9490077223
9642547777
7413500377
9966267412
8879242756
9886589899
9849111511
8142000099
8500219999
9441916446
9494410769
7947479821
9849663241
8074265748
9207200444
7095658370
8037513856
8019221463
7670901465
9000633599
8019478581
9951663661
7989086009
9393930056
9032100047
8359805980
9490761943
9100387755
8019776414
9346864074
7842966686
8985600078
9959850082
7989255690
9347330109
9963505922
9849482301
9618055055
9000411818
9849290371
9248148171
7702303030
9885082666
9704554411
9703579797
9398842139
9160035135
9533118695
9502850576
9951734987
9642416814
8633561596
9440494368
9492082456
7799182104
9154946062
9966711109
9912118585
9032044588
7396663154
9032856601
8985281357
9533569997
8886352257
9884433879
8686335393
8142225557
7997999698
9949860643
7997509786
9533375729
9392534808
9885089486
9032198379
8827698827
8885803214
8662560782
9177179991
9440421015
9398414289
8096772987
9573398233
9848068989
7032112646
8648222699
7947479834
8121320444
7989422819
9573029269
9912725156
8071936981
9949988788
7799544497
9100949744
9880690617
9949687349
9441143866
9533121111
9381569923
9345100136
8309446202
9573454058
8912726377
9440983094
9849133533
9441969334
9966040077
9959693322
7670901543
8912573515
9177655999
8121021051
8184913700
9989053046
9010267930
8812244244
9440145883
6302336492
8143530112
8099255355
8885557931
9705398992
9901298586
9100745576
9888193888
9951759666
7780711741
6301401250
9440605795
8004199399
9100645802
9032247867
9703131527
9052593245
8842354989
7378123123
7095045555
8985201818
8179233447
8675558111
8842375036
8008142799
9491997171
8328515813
9441090700
9912916390
8500565655
9849536908
8897992991
9515988508
8297742999
9494336953
9951762370
9553547086
9908636735
9849338661
9573334408
9899888765
9885833555
9581737779
7989904263
9440570629
9281014160
9014312414
9494145369
8842351515
9440167801
9121093386
9151525259
8374518334
9885558917
9705261066
8884444023
8062646020
9642708608
8886333132
9493231122
9966264345
8520958352
9989624553
8985501476
8143464841
9652762779
8044630710
9010170693
8886444698
8662425942
9912435959
8801138095
9885059710
9963333136
9346993740
9959556669
9849112666
9059120488
8037013980
8639789300
9573582310
9390212699
9014270279
9492956319
9985258458
6281522320
9550244311
8912592327
9348403399
9966055369
7989236795
9491787395
8886333708
9666994413
9542684789
9705230176
9959996555
7989234666
8885351779
9000616843
7794867184
9848871223
9440143174
9440433606
8142880888
9550077295
9000446556
6300401802
9160603636
8143905905
9440871701
6302605619
7013628287
8080260260
9705518400
9441643334
8143731713
8143334148
9493420975
7730080096
9666909304
9030873991
7569042337
9989589251
9701727683
8179302003
9000206058
9700092063
9866662191
9010991236
9652699146
9035916923
9885239099
9700275055
9030748412
9133813598
9700450605
9491049686
9849026960
9848104436
8712390555
7794902000
9059447687
9866025078
9000988847
9550051122
9603969786
9391561515
7997134445
9618837879
9440557679
8552250250
9989904880
9885228046
9000499952
7981780062
9440519069
7505333999
9441575555
9440021511
9440882516
7997818451
9912184578
9440626225
9849772533
9398899299
8816294838
9392763927
9393223390
9177445223
8712152789
9734117777
8677224377
8816255789
9705435779
8186822228
7075403149
8924230558
8886988724
9440373733
9398028396
9440134562
8249727195
9515301222
8121042526
8367092163
9505856127
9666426132
9959427496
9581818191
9666023456
8712278999
7893734638
9440613399
9502852346
8179665410
9505048897
9959141139
8912766333
8332996485
9550155394
8186089735
9440192185
9177732084
7799666418
7036770080
8500016789
8647228964
8686661234
6281288112
9652908039
9848222118
9703461775
9014439988
8942222400
8978393640
7579008008
6303231264
8367502551
8121998005
8106423339
9148657929
8556222575
8919912951
7993729913
9949011979
8499882494
9440938151
9618812665
8074486090
8922294068
7799966008
8564244744
8985618070
8147248590
9785286267
8555004666
8071178507
9493232666
9992223542
7594002639
8978550264
8639605441
8514242901
8686949422
6281260321
9502907447
9290050233
9966920816
9000688888
9866677314
7207403011
9502848528
9066151844
6353536363
9542085205
9966036888
9866393294
9440346661
9666454968
8071889806
8142222905
7680801690
9959494308
8309109234
8790604595
9618707271
9959795292
8297181899
8885286026
6301368609
9492200682
8099984827
9014301143
8099238708
9963344959
9030795255
8807227843
6304945170
8977773683
9346304698
9346555453
7013127665
9849114614
7842125566
9819501256
9553688577
9553726775
8572234746
9848974076
8882659999
9246662572
9849256587
9849506465
9849140625
9393909055
9652263367
9848442344
7989828577
9948206536
9014629005
9396666007
8422965638
9392252888
7995458885
9866409099
9866450546
9949270389
9441265886
8812221544
9989974711
9030183981
9989578030
8790551096
9515777751
9848724680
9494208765
9959281757
8328076626
9963592249
7396563170
9985425149
9573328870
9849446141
9440204373
9440204164
7674038979
9700019232
9550202244
9441290468
8019177334
9030000405
8297794333
9246653335
9908014859
9848938786
9885442646
9121242956
6281275015
9949566689
9849222028
9000870005
9515595571
9240222222
9988859222
8897226722
9908038829
9849005825
9490008474
9218101678
9866858601
9642566303
8125502710
9542888385
8143373343
9167318095
9999841766
9391107975
7989248422
8125749755
9052255770
7989626784
7396454233
8143530619
9866442649
9908254531
7675955505
9666705999
9912941794
8885907949
9966200006
9542495425
9429690338
9948236128
9346928141
7095212222
8466899599
9127430043
9966334451
9900253986
7207208230
9666800449
9246999777
9573944152
8978131666
8772264559
9703931315
9700505158
9030405050
9010996846
8247712681
9885419931
9703774737
8464816801
9059870405
9491960152
8328023466
7013472248
9949597335
8819229422
8328082009
9966098080
9849295458
7023474234
9440526115
9010548424
9866936028
9966611703
8881110291
9908781273
9391336550
9030097397
9441155141
9493324877
9966096660
8500129888
9494743376
9494908977
8099387148
9052271226
8522850084
9705528547
9290465386
9618148082
8019173371
6303864045
9985095721
7842629471
7396550806
9346688883
9966988554
8500322865
9441986655
8008523908
9502085091
9966151527
6309692617
7842534524
7032884305
8922222662
9866158987
9705423999
9948857123
9949405049
9985521334
7702871160
9959844104
9490472111
9293406219
9542227828
8842367172
8686622447
9247235050
9666449798
7207999610
6300597598
9182522344
9000339911
9908013444
9866789479
9989349739
8885777570
9849244055
8297649798
9704738983
9603323998
7981958857
9494221665
9014869595
9885613894
8518230285
8186953079
8518224999
9494742277
9533290699
9505619969
7661000568
8886967551
8978398389
9885116602
9052143337
9703150288
9885202409
8500866022
9247537420
9052750759
9949733736
8522001100
9441129967
9440984578
9908652301
9390638838
9849495601
7780597902
8341759968
9346383440
8854253444
8048851037
9100710777
6302369665
9063789787
8570255018
9391284738
6300533589
9550999501
9248017176
9440971422
9640065995
9985173731
9000773298
9951639599
7893001465
8639309359
7799771041
8819241414
9493214884
9603596345
8520000675
8179069521
7075985247
7075848507
7780315365
8179880951
7661806851
9346524611
9949809388
9121979877
9491597824
9059041044
9179178456
9441028786
9948985106
8044923923
9666672825
8855936723
8056011613
9963878045
9030009443
9044045782
9247246722
9513181881
9963507326
9440656876
9866600671
9666262009
9346695799
9100174777
9121666106
9441381118
9542666448
9642650557
9676762392
9440363701
9032306628
9866435232
9849718729
7386516546
7013322520
9885739889
9849322448
8008577472
9000922882
7687819999
9502141474
9440675273
8801731235
9290440786
9966551223
9652700228
8978157921
9948360993
6302228916
9603135697
6746649620
9861233456
7032274747
8464816441
9390230775
8037537960
9010438228
7396889699
9441264499
8074113227
9440272552
7416848079
9849119010
9441782979
9347801246
9030218010
9494006698
9515969365
9154344839
9550428018
9492331010
9885590985
8099555573
9989008687
9849127385
8879221325
7077123453
9705038615
9700976281
8248110288
7330979589
8179880334
9390377696
9513185677
8814222299
9490172132
7702711206
8008798177
9440811880
9507678999
9492566757
8008590708
8143389150
8645233455
7416081999
9848850769
9014779524
9949432821
9247808080
9440256184
7411669296
9666595515
9951415019
8639714117
9299408323
9298906807
9393920870
7981635306
8374767124
7337268004
9948846112
8624251677
7997272501
8674294337
9182313915
8559221195
9297201203
8497955620
9348810900
9177774444
9030118888
8922225656
8367422887
9848810949
8639391711
9701299204
8522859990
8247716768
9052253469
9949347662
9030241632
9440759692
8096171791
8048103770
7075984422
9440867370
9440796978
9059506364
9030853633
9966001272
9492672705
9959663984
9948014350
9959461888
9449010143
8019039369
9666418688
7396333542
7842444857
7842494756
8500229520
8096665828
8556221220
8842302333
8069250510
9849457667
9852018999
9533646368
9346874363
9397902851
9396967656
8333953792
9948366350
9248017194
8645296100
9247181991
7660805999
7729869999
8688158688
9493927345
9866586623
6300703570
7989138168
9491013789
9849520155
8832475536
7981011467
9247033343
6746648591
9951548231
8499029522
9703390717
9951189666
8790860044
7013342701
8019245898
7660005852
9704037699
9441576549
8341189543
7995441666
7981654156
9052666786
8514242299
9398637077
9951326326
9951716888
9848187046
8832441019
9110705130
8892245161
9849733256
9652547671
9398332666
9848029210
9177615443
9440161326
8897833074
9849627339
9000460000
9652146555
9393844668
9491955508
7013736420
9985610224
7569449683
7075493778
9441048910
9783229357
9704522580
9550714037
9491169389
9121284984
9440964589
9177888825
9393232362
9396744999
9703863459
8565978888
8096129612
8885986211
9666650595
7019397664
9493300417
6301248085
8008258488
9849424489
8919728104
9666907601
9010081959
8500007665
9440866592
7569623880
9154675218
8977999653
9492743339
9494118018
8624250876
9989347276
8341081381
9300113091
9490926469
7799817373
8520008980
9440311667
9133040414
9849589716
7036153153
9398569288
6302829235
8099912147
9502491901
8019532123
8500006500
9346610239
9618383834
8106988822
7799663773
7337415577
9493960841
8903023737
9440467362
8632233469
8632119372
7893390240
9494676120
9959451725
7672022784
9030908424
7893225939
9849055825
7893919955
9866494669
8662543242
8985811764
8662423591
9866649389
9398787343
8069264258
9985480944
9700705213
9177777993
9640448326
9908355724
9949405327
9440674082
9700129656
9704620275
6124158395
8295588602
8500895444
9035590395
9121328472
8374415542
9246615866
9491929647
9030907878
9030161035
9949413845
9154775980
9848191692
9908777408
9866952597
8328591817
9440180237
9393933976
7207851364
9848186025
7093458255
9885891444
9959828292
9505200364
8374888794
8985019355
9494840707
8247718976
6744034534
9392906320
9533855034
8106361325
9959956136
7949213733
6744034646
9346888696
9542067315
7299971333
8832479105
9951775566
9346828227
7966245907
8074432683
9494300726
8985981210
9490592922
9440566530
9701061478
7036442203
9100474165
9849794727
9441120224
8562242299
9885858299
9542535556
7981424522
6305536629
7032619761
8639786766
9440647511
9014880185
8106018784
9391581895
9666867929
9666962425
8518255101
8309494913
8856235393
9866499693
8886669162
8985474586
9441351148
9494222355
8074896777
9441017365
7093949426
8838100844
9281412738
9908273762
8143605411
9849985748
9848037385
8801443222
9581713394
9959113450
9849835882
9393793444
9440331922
8885326326
6744034333
8886660628
8612314699
9100070931
9959431313
9652812001
8886653000
7799033444
8639601475
9700422869
7730940410
8885088281
9397111569
7989372717
8499975593
9100169846
9949134895
9866709101
7057019315
7075896644
9840305574
9703361731
9441877476
8919715769
8632214990
7036470152
9966889392
9044471777
9533667786
7013198399
9949156430
7416206062
9666742225
9989611607
9441808303
7093320366
9603497523
9381812909
8367365969
7842629335
8186998540
9494767402
9848117211
9515008009
9347435151
8341340099
7702503017
9701435465
9908071600
9700981951
8722214222
9704840443
8054359999
8985901389
9492524216
9440969229
8688899984
8662418229
9885876312
9291591039
8125111555
9182040043
9014788826
9573202910
8985658967
8062915383
8976896944
9948870187
9490171774
9032128496
9381350332
8178799819
9912345016
7075320275
9441086901
8332963429
9393439143
9440870330
6300375165
7993480851
9908506700
8978681089
9396623143
7337527399
6281022311
8626244388
9989915589
6281779242
9849633673
8712908584
9859595939
7382222585
9394353555
9849667781
9700038895
8247033286
8866619995
9888355564
9492766246
9100129126
9440006047
9390707577
9985852611
9394100548
9490775725
9848411784
9550674400
7097882953
7989857645
7022151645
9030803187
9908522521
9949444119
8772240098
9121139980
9642940241
9505081302
9848861113
9625456789
9966481354
9848060888
8846450308
8004257662
8846601111
8801269190
7702087713
9848445320
9908990463
8828391791
8002089898
9948373969
9703824818
9949466326
9390914411
8008818753
9849032028
9849031306
7842437777
9848030529
7306582829
9885081012
9703008813
9440092888
9581218115
7993502077
9703179888
9440105343
9000960852
9866170286
7306221133
9032155500
9916677709
7428890138
8666622524
8662498975
8562243377
9000288989
7659020638
8919883025
8912891005
6305539831
9705451537
9581427546
8062914433
9160666166
9703006094
7013072355
9849773203
9390037967
9849010215
9912356160
9116165656
9444330532
9885821143
9397693999
9849590298
9677114129
9289062308
8612331323
7799599917
9293958458
9493590999
7303833834
8062914447
8555821899
9666743338
7337588661
8008500079
8121222788
8842372780
9848187030
9943556863
8071404908
9392933395
6309472746
7416667884
8812223223
8812222744
8185857878
9160599509
9959242419
9848451381
8125184196
9000557513
9989117772
8832471266
7330292466
8644228067
9866273040
8644467660
7010082891
8438584385
8639084322
9490535553
9908087629
7090900969
9963676369
6302422456
7799889915
9247596666
8897070776
8121433374
9941414442
6300688928
9494606024
9963141251
9505647069
9398588155
9000956502
8500085497
8465885194
7075498001
8846688001
9966333323
9491413444
8008998889
9494224700
9494234833
9295007127
9553673296
9030309426
9441246073
9849203371
7670917171
8328036206
8978064808
9849003062
9346728547
8247888208
9000999832
8500215255
9490048195
7659017773
9059966122
9701476467
9393902000
9885253059
8657568824
9032516325
9676329787
8686219848
9640491491
9493083073
9849835750
9966134349
9848327654
9959933855
9494054554
8977777389
9988993789
8907671111
8885797326
9849973322
9966869616
9888455521
9052260999
9182674468
9248071736
9885987525
8333822288
7799991183
9177891888
8978777573
7569765999
9703508405
9492767423
9493254477
8125720518
9618436939
9885636663
9492876943
9030383144
9885284962
9393096659
8922233313
9848125201
9886810326
9799337496
7095456150
9492922233
9951462666
9603082337
9293126882
9295033786
9885003314
8912571772
9100552644
9247388917
9948820489
7331134411
8074222192
7948234588
9396579579
9848837755
6303471937
7337030733
9666588592
9672906227
9949331234
9948823459
8008999524
9100956577
7659944447
9849649071
9948514399
7386464003
9701094312
7981054609
9440031996
9704945117
8106137555
7780165054
7337448275
9494245846
8985853636
9290926614
7942799565
8074152984
6309727799
9701487757
9440161107
9297869297
9391277817
9515820935
9346265817
9100049356
7989392676
8500772333
9908893100
8977718274
9000019971
9014688111
9949688622
8963221200
9247173088
9398533188
7386425616
7780755502
9912969008
8578223256
9492025890
9491121157
9889420770
6303693397
8754459245
9591953105
8317666526
9703436533
8554235758
9989710889
9372763078
9100631185
9908437327
8062914283
9298956461
7337550888
8596222667
9966688699
8655802674
8069249043
8688004422
9121000946
8519806711
9985076888
9032264666
9640117788
9642986429
9912555575
9989209409
9542742227
7013016829
8657588818
9966002888
9701845777
9618296212
7842760777
9642402541
8062914405
9381915075
9502832180
8048052981
9246666329
9607003596
9491751026
8624220005
9014050165
9440181660
7680006662
9966128888
9319374825
9440775985
8500734343
9885539421
7997993412
8142531622
7095819483
8977955410
9010221376
7428890157
9121000609
9704006006
8564251240
9010521072
8041017609
9966010555
9010808899
9441445037
8142091778
8562222916
8929310236
8041017543
9949737331
9494069789
7659998658
9703102888
8500882732
9848293636
9866965263
9949860415
8297061555
9492139252
9966866899
9652562365
9182858106
7428890257
9676227094
9885485063
9849508723
7619556055
7993819884
8499959888
9849041008
9885430053
7330745888
9481021287
9440919024
8499081708
7995672172
7993189666
9494656435
9885306348
9550252888
9985931555
7428890158
8062703287
9866768407
8333008119
9491869569
9885638329
9052650009
9700093932
9063334444
9398093107
7032739555
9030313660
9985437898
9393222369
9160222334
9966377650
9014111188
9059980500
9000858212
8048740450
9849522677
9493725635
9492520788
9848403789
7396793470
8812232381
8639107374
9398887162
8812237916
9319369743
9246663111
8812230909
9492340826
9885063415
9030525952
9505822022
7418677736
8099957143
9550498997
7730995566
8812226922
7403403444
8500570672
8829977456
9346988406
9246642449
9666467665
9533503233
9187455385
9885735459
8041017565
9398621166
7382162681
8041017566
9989448255
9167102153
9246666465
9032678222
9347580158
8019520127
8048740429
7561881389
8044939706
8062358457
9866992299
9494931165
9063330019
9182982734
9441344193
8500633418
9985707671
7674969098
9985417411
9849465017
8885033351
9000297091
8886759398
8044464305
9966603639
8074158108
9553026805
9122277456
8199981444
9948061110
8772288146
8919183846
9963313961
8041017586
9966853702
9000198328
8247585818
9966255888
7337341372
9642750111
9701360823
8919188697
9550701462
7013141948
9885179264
9959587796
7019852370
9000301261
9492633314
9182284579
9640710044
9849163839
8500182010
8041017617
8341654000
7659090432
9100722656
7675828459
7330828806
9704776622
8008151100
8885727627
9642482955
9550208995
8639688396
9959452001
9848476111
8247479444
9493822870
9703638840
6300081294
7337460074
9244444123
9949445545
9290092598
9550229476
6303693901
6301444864
8121214161
7981571655
9177297192
9000171238
8929586380
7661879181
9247859026
7386228004
9424916916
9014590143
9701957308
9347109443
9247887029
9866436292
9032268176
9246498096
9848406239
8062689537
9030445448
9676881881
9959125851
9014776697
8464974044
8047136383
9949855262
9182707612
7995101555
9553744799
9885620373
8310736173
9700705588
9347622678
9704052052
9705277551
8559220488
8069137085
7330605929
8838387147
9705527016
8674245383
8333945424
9441135678
9885414339
9912810789
9133391444
9652658929
9444136487
9110386897
9603721996
8555051374
9133196570
9966100551
8624251223
7416302725
9494294023
7993547402
9493272700
8552226925
9642408334
7997743561
8048740472
9297052344
9642784744
9966704083
7702620655
9246732883
9949256004
6300653260
9849596789
9666272887
9848109693
9032064769
9885071784
9989100551
8919673691
9985296937
9848535059
9490792875
9491119992
9441146400
9030467758
9493928295
9154777688
8886802026
9396306665
7382652147
9912083427
9347472307
9502246543
7085160806
9402071827
9402607640
9612431559
9612983405
9856187143
8731084319
9402937401
9402055159
8486792637
8729838891
7629821239
8259080787
9233642917
9402477544
7085424040
9366346932
7411330903
8414984930
9612813435
7085499684
8798866759
8132892771
6909423206
9862920770
9401069606
9402869201
6001233123
7640954648
9856084271
8119901732
9118002000
7411864573
9152928718
9167118957
7357201667
9863329682
8071639258
9233301250
9362979799
7630806402
7827866379
8732002879
7628064053
9401850274
7005893566
6009431212
9863831833
9366994261
9862829877
8729980855
8259865709
9435399660
7994264672
8258875033
8259012043
7005849014
7085427082
7085683411
7005627685
7005239150
6909125991
7005775727
9402045366
8258875750
8798092514
7085689905
8037267116
8259046699
8732801304
8575804803
8731823257
8131049513
8787609745
8415002066
7895588920
9717001309
8794761590
9862654882
6909755443
6009937064
9862599238
9436041933
9077369571
8794343537
9612529484
8414821446
8413005889
9863427584
7005309910
9774670309
8974386647
8118953877
8873208824
8119858529
9366569596
8067612360
7005470318
9233567678
8047590451
8415072797
7005234976
9401948421
8037377016
8131907142
8291952322
9233300917
9436229701
9365222187
8731826926
8730932221
7630816313
7005669259
8731801345
9366949443
8119053833
8929207291
8822110464
8731908643
8729946999
8974548323
8721879246
9863200590
7085148484
8071640485
8974920890
9862193380
8256973795
7085766396
8729938650
8415848455
8730939492
8415976304
9233908533
9863360156
7005108481
8258938230
7645021118
8732809313
7085223845
8795765059
9612651067
9612608104
8317473231
8071629689
8837270611
9436044197
9799923528
9436677255
9939449355
7005642690
9402990932
9282896969
8730028303
8414994563
6909424541
8415997191
9862945892
8257077093
8731954506
8131953832
9862334809
8447707074
8837355672
8729981160
9785808835
9862125460
9612239819
8257926069
8812942374
8826888897
8730922526
7085678566
9436054008
9436672038
7085685966
7085807204
8879234962
8291182667
7005709491
8732098944
8132895488
7085409770
9362566323
8256903158
9957047031
8048104465
8837298720
9619288408
8076112107
7628032140
8047138392
6000786754
8071325946
7085865336
8131857004
8787786455
6009593375
7628041144
9619885664
8132809671
8798863902
8974658696
9402871025
8794727663
9402973793
8416003873
9436250035
6009137115
8920858471
8974944771
9022495021
6009114132
8876654412
7003128684
7085722660
8794745898
9387639565
9612772225
8045949984
8317061292
9287951763
8974629844
7005596735
9832735360
7055862344
9612562741
7085857686
8974922555
8880537522
7005235701
9862352826
6364648316
8132890943
8837283584
9863659069
9862258611
8974072099
7085773273
9774345180
9383034340
9856087321
9920934988
8011509058
9863355724
8119883655
6900186547
7640986150
7085983978
8134857112
8873209978
8732095192
7085121350
9774995083
8731882608
8731835105
9707528245
9863313632
9954044513
9612602203
9856143670
9089687390
8413089623
8259021631
7085163356
7896148372
8794039163
6909977099
7384735578
9436282338
9862243812
8414044672
9366091500
7628925432
8729806017
8001022294
7459839886
9612440770
6201354449
9982281570
8905909448
8415818628
7629916413
8062646631
7002072461
8730029629
8119062046
9436898629
8729948235
8787833912
6909158427
8798053612
9362921755
7002369239
9233997178
7005046841
9383105826
9402755212
9383386280
8415012220
9863408153
8729810874
9862944799
9615298694
9774332127
8259032336
8787493907
7085221213
9587870108
9707726625
9862192735
9954300402
8132913581
9383105923
9233648313
9774361766
9366884221
9971820691
6033877122
9436690412
7640819005
8667081938
8413819072
7578074233
8877239945
7085198886
8794157051
9402241413
7640840775
9872383675
8837259349
9383324479
9954861320
9366523475
9892579596
9366681617
7896931551
9233432941
9101131117
9774627318
8003451500
8119849295
8730956725
8414063064
9362559340
9863349473
8837059825
9233631620
9394212008
8798656989
7629828972
9402009400
7005186101
9863472991
6909285508
8291182587
9856306743
7005151159
7005647390
8132924644
9366280308
8794661565
9101408456
7640068907
8071326632
7638012609
9612712262
9862389401
9612536830
9856022581
9118722117
9650407082
9799118011
6909606980
8787891118
9311849741
9402483062
9147702074
8794477150
9362866270
9435730858
9436631844
9436239389
9435036542
9435569704
9436049097
8798024504
7005465090
9774645275
8348728437
9905638073
6009165349
7628011179
9362921112
8977539976
7628901052
8119004171
9366937877
8133041275
8062277768
6201760532
9862643693
9402221775
8414807387
8471014189
8787881181
9097728909
9402073959
9436043130
9862651991
9394546730
7085825235
9612433363
6909756744
9612123976
8595450450
9402929823
8132861694
8259093157
9612447003
9365135265
9888992456
6033835365
8798338069
8258099473
7629957167
9612677608
8794015076
7629058490
7942725617
7629929080
9863722537
7628936244
7045088617
7205422142
7757000000
8837451605
7085221922
9612209981
6909321002
9863858284
6909447215
8787481327
8123841002
8119090484
9821804976
8259079115
8974422274
6909172542
9008763440
9954250672
9366288484
8414822209
9612751855
8131909433
7085545858
8794994491
9872449948
8798672220
6901145009
7085295229
9958598842
9953658779
9383368570
8910076013
7099145499
7629848958
9517710625
8486253485
9774748828
8258021819
9383345207
7005453474
7085078774
8794388021
8794407665
8794798025
8294270717
9863043204
9436837259
9362699405
8794365463
9862600217
8798911773
9862177055
9101175151
8729911609
8257058998
7085797793
8974224411
9378192094
8794496015
8794044998
6009121209
7630856427
7627991098
8249246989
8729843483
7629958987
7005593155
7627933769
7005467062
9774060046
9365435944
8131927566
9319392273
9402620144
8730803390
9383328564
6033838021
9774799828
8974954810
9819170361
8974126262
8974101315
9863014616
8798126184
7005893603
9856843968
9366486220
8798411069
9436254125
9774185577
8415814993
6009392730
9862625841
7005165578
9485231286
9862335354
9101285738
6009194639
8132800865
8798542182
9436898774
9267918035
8638985478
7005212400
7005101152
9612185252
8837355309
9612528810
9402045192
9436408637
8638977183
8131040050
9436056071
8730998812
9383295188
7640082448
8588090807
7628933191
9402754183
8132012282
8486791455
8860385761
8794876491
6909745058
8731928754
8794733935
9362574640
8131817076
9233728474
8257993288
8976793102
9366124858
8062914394
7827939033
9366657358
6909718401
7208917135
8798961676
8413999569
8119852006
8787735317
8042535504
8787892784
6009223147
9436630516
7005106536
8258097180
7005226537
7005786077
9612751859
7628928150
7628812464
9436427922
9162381507
9863032009
8119090563
6909665907
9436440337
9696959528
7005108490
7085355262
9233568345
8132981128
9619032252
8798866013
7002255411
8415074315
8787622134
6009159850
8119911908
8798047979
8473908701
8415971057
8929157897
8787462986
8049367832
6009760453
6909421195
8134861081
9862548175
6909622908
6909420473
8259070850
9378068998
8974967132
8787801061
8729992449
8837083511
9366172637
8798961189
9436014990
9856571203
9402249725
7086822800
8732824052
8898731499
8794688893
9678579675
7086419400
8167692041
9387548908
7002058202
6000475660
9365946400
8011271432
7575950003
9864834684
9435746047
7387475486
9435014693
7002845046
7002714369
9954556972
9864175110
9706746279
9613159668
7002813955
9864210495
9954751863
8822938967
7337885262
6001069229
8638722574
8486119539
8486163717
9954684922
7002312238
8486330964
8812069145
8486808582
9365452365
8876909172
8011680913
9954303765
9365050380
9101398856
9435846733
8099340360
8011857996
6002405509
9954249955
8237784220
8638683445
9678082491
8486249925
9864183092
6901474499
8011397192
8876262291
7896805776
8135846467
8876962994
7896513626
7002311923
7002974770
9864377658
8811045865
9859971447
9954829016
7947165318
6002620081
9954736527
9289922727
8638993289
8638829654
9395961379
9891564622
8011128257
7002617504
9435044292
9875370663
7411959628
8037839443
7002063455
9181860511
9678523754
8638061914
8638791021
9706668676
7578087120
7636015067
9706165590
7002426238
9365288269
9435070738
7605850733
9435070493
8402080886
9678064500
9859905173
9365009083
9954110385
7002505482
6000074852
9435081856
9678043978
9957038466
7002871633
9612646991
9706160542
7099646554
9365846490
9954441590
9365049361
9365190327
8071325765
9127826826
9954996308
8472812681
9854016747
9854060369
6913817204
7002043811
8822664400
9954250476
8011744331
9957132421
7099189321
8471892554
9395405108
7002922651
9830036331
8812911298
9435015057
9859941044
6002393176
9706012629
9706432846
9854154509
9706771104
9864972096
9435150854
9613756544
8876385474
8724875473
9395713803
9613034235
6002348850
9127868136
9435887987
7635990714
9435071014
9707624042
9957453637
7002721227
8506064181
7002136608
7002618168
9854982121
8638082502
7411781196
8822462855
7002976794
9954440122
8071629975
9706321335
9706006842
8037839389
7002755943
7896849391
8453047619
9395406005
9435754461
8779338621
7002341140
7576862499
8062904654
7002131213
8472848208
9864762453
9435127100
9954044600
9864858237
6000120535
8822579096
9395115595
9957568259
9435035933
9864354539
9435044598
6000981707
9101919717
9864437293
7217888043
7086589109
9954425651
9193759655
8071629331
9395639741
9401369987
9435018838
8256050972
9435171449
9706585420
9435376484
8011002949
9678256865
9435021225
7002641131
9678109385
9706430986
8811096395
8638836853
8638489842
6913349749
9435702729
9435030376
7002023858
9365775610
9435341555
9435029874
8638978550
7399051141
7086377035
8723031166
8002095678
9401561851
8638894669
7980169014
8638943200
7002683674
9854225594
7002919245
9435117379
8011959088
9864518219
9957642865
9864582586
9954383933
9707602137
8638227428
9435037936
9707137450
7002814759
9085112349
8133875728
7002041044
7896503845
9706907133
9101377719
7002043674
9678973572
9435053760
9678377774
9954564336
9435131612
9706967139
7636034478
8876964151
8011120191
8876164484
7086719741
7002450833
8099198386
7002804843
6000714841
7002612913
9706036257
9435053902
9167797065
8812099857
8812993610
7636815166
9954807195
9101922327
8638923635
9859343272
9957067723
9401910053
7002577258
9435326720
9854337650
9577449810
8037908062
9435861048
8099871800
8723054717
8638001751
8402937093
8811033037
6900298266
9085582331
7896326257
9864081643
7636885300
7099078880
9864063410
7636043024
9435500474
8638750225
9954355067
9678137398
8071499779
9101456047
7896605582
9707755579
6901484084
9706440801
9365488525
9864971380
9101173336
9988118077
7002393279
9435080571
8876256964
8638033549
9435083689
6900525308
7002799049
8811034502
6003762926
9101756294
9706934551
7002732659
9435515751
9678864610
8723099781
8822011115
7002804780
7411959323
9954056775
9706825595
9365169812
9101226296
9394987770
9707528239
8472999088
9954190326
9101415525
8638048807
7636065423
6003900582
8812023778
9435667171
9365530995
9954026351
9909946083
9435845644
6000649557
9365014447
7635993170
9957393491
9365178494
7086445537
9435472771
7002306653
8723852427
9365336557
9957941814
9613333349
7002029706
7002041990
9435458472
8822490291
7002201464
7002007653
8812989283
8638033783
6392442312
8822131933
9864392731
6002133963
9854006504
8879975090
9435094836
7002556964
7002619671
9706875542
8071935428
9101714109
9954305360
7002284643
8638110087
9854727821
8471822111
8638695485
7002381211
7002907267
8638019537
9706116405
9864567416
7002296502
8011151717
9707755622
9954450599
9101040048
7002832589
9864753276
8761872125
6002091017
9678017888
6746172455
7002786025
9101456875
8876650475
7002599485
9435162428
7002351729
9435123520
9365320057
8638809783
8486805350
7002071984
7002812930
9435226327
9957854035
9707659232
6001888010
9365023480
9957545886
9954457803
8876816221
8062916915
9435255867
7835076251
9395016864
8638356161
7002312490
9707075100
9797839578
6000051141
8486544922
9435829075
7948232994
9863280702
7005806308
7399194092
8133893335
9706003495
7002065476
9435205762
8011214639
9435074999
9435451670
9954740427
9287998512
8638799393
9577578717
8471901309
9864972319
9435083292
7002748566
9772541719
9678365724
7080455155
9304729989
7002053013
9435045545
7643838214
8134030607
9864553737
7099062064
8250133296
7002742453
9435083937
8638709172
9101172687
9678720607
9435070617
9435070277
6003340409
8474069339
9436103607
6296040012
8453855501
6002778983
9706040067
9101705015
9435095190
9101261118
6026026020
9167938697
9435081667
8403846830
8011235327
7099061396
9706911328
9678672454
9435021729
9365497005
9365848945
9395370466
9953832735
8402074220
9864406322
8399927822
8011004801
7002710433
9613341507
6901394590
9706964242
8471866205
9435064250
9678074406
9706299331
7002212567
9435015763
9854021162
8822604300
9435088622
9678729550
7002510247
7002072057
9101088693
8069840333
9101208744
9582340673
7002369063
7896619891
7086640436
9365194432
9401805330
9678292350
9706114928
8638164665
8473085929
9167086485
9954189489
7002601967
9531373430
6901646744
9954313272
8723821276
6001575429
7086599123
8037016305
8638754213
9101325849
8876411701
7637052090
9864781466
7002399812
7002347394
7002690290
8048794632
9127061176
9167236193
8453599367
9864361202
9365951541
9954488915
9864188725
9864141194
8473964801
8876785416
9435087013
9401800792
8876979849
8638249423
7002901844
8037517851
7002028157
6901825608
7002596228
9864365699
8181810318
9401877770
8876297908
9365349775
8638131010
9435178178
8471947712
8011684484
8402990712
7489901768
9085848482
9435609990
8071325941
9394884776
9101252446
9101217689
8001801961
8486098999
9101051016
7896622950
9707051596
9167109177
9435025455
8453126665
7578998599
9678960249
7086647020
8720907097
7662060087
8876512795
9864593359
8638613415
8638212368
8638285837
9706308036
8486816960
9873547282
8403927844
7086204611
9864031115
9706946757
7577036009
6003295802
6001056762
7002722878
9864793392
8553641649
9435078636
9435016097
7578091795
7002249506
9613860039
9435027710
8044924073
6003952135
9365449879
8472911981
7086822774
7896022252
8876553605
8100832837
9831033390
8486815003
9706323580
8048794483
7002515839
9365806659
8011266741
9147097168
8822859287
9854338160
8133036919
9233313592
9435101209
9859219676
9167782466
9508393937
9864140081
9101085182
8876565001
9954374365
9864062707
9706345056
9864546058
9678540732
9127009148
8011915458
9854068858
8921895045
9957444434
7002336760
8822757840
9718752776
7099899764
8720950836
8471936950
9864546681
9435478790
7002366970
7217888128
9555058220
9864099477
9401957903
6026990969
9864114608
8638285425
9101736198
9435005259
6001055081
6001452384
9864575299
8200198381
6900560177
9401972727
8638781841
6001108906
9954177168
8135005516
7002696929
8822882266
8638323745
7002098011
9613236463
9971143002
9957982474
9864071376
9864709697
8010411640
8811830565
6002368421
8752972718
8723039405
6000173335
7575972286
8347863383
9435900313
9401914830
9864077172
9854584868
8453558400
9435035412
9435062559
9818028960
9864812040
9864040045
9101807091
9957557994
9365576359
9127885670
8876513754
9643803629
8486134115
8048121230
8073086651
9435135089
8486036730
9435649697
9859380500
9678251004
6001556550
7002860218
7595824328
9435412127
9435035483
8011113478
8638618867
8638986028
7002072803
7002354302
7002271842
9676803958
9706035596
9435886637
7002941879
9365632407
7002300216
6376197311
9864012345
8486987980
8062289116
9167236354
7896015194
6000567522
9401366088
7002283504
9954396612
8474800440
9435208992
6003629642
7899922962
8471982340
7002092008
9387117903
7002512491
9147741207
7578951367
8048104721
8976844386
9206110105
9287954076
9401001114
8655630846
8822146357
9508811194
8402956968
9613743546
9954366417
9435168110
8753964947
9394100734
9706037229
7002472589
9707159919
8811965384
7099026912
6026032035
9101847343
7002702216
8521438530
7002791504
9395337359
9706216661
9435036346
8721081389
9435139467
9864470384
8001036030
9435233166
8929759616
8638672782
9101001658
8812034781
7021986899
9678849565
9395180951
9101205228
6001470157
8037002416
7002063733
7002232049
9435325631
9864697457
7002300380
8486476703
9798342322
7002130602
9706500308
6002388785
8638552175
7002729754
9706975012
8638056759
9435736118
9207355640
9954384667
9954910703
8135028661
8638340253
8822070581
8638843875
7578906508
9101574935
9954697840
6382454196
9577499173
8133995450
9475930073
8822983961
9797985768
8876550555
9954176484
6002465323
7002912598
7002405895
8638003557
7002474045
7638099477
8133957080
9101922991
9957993973
9864249872
6900757080
9954103512
8486538779
8471880879
9387508517
7635912255
9101801700
8474822386
9957112921
9101815241
8876767549
9678860335
8486374400
9435725912
9957387699
9435122220
9706092674
7596868248
7002799735
8723943267
9707652871
8134891120
9435167746
9435167626
6913434974
9678442426
9435204331
9707233733
8134960498
9706422564
9435015836
9828712514
8486802965
9954732578
7002380549
8720973846
8037403479
6003122958
8062646644
7002922393
8399887682
7397095711
9619885653
7636081150
7002679126
7099598638
7578008005
9830640004
9678401932
9365598730
9395331873
9864952493
9957651453
6002991161
8638957319
9954382492
8638346250
9678056025
9854643314
8638894776
8638126196
9435323114
9127010044
9101112972
7708015151
8404014995
7002321108
9957123501
6003509312
8011591844
9957181929
7002514782
8134067358
7635895125
9864223172
7086832609
7002691744
9085366819
9854242918
9707648703
9864141033
8638559455
8133810814
9864767066
8071264001
9218101677
9954893715
7002197130
8927753318
9706485170
8638395780
9707785767
7002702544
7002301995
9678794838
8876889977
9401407128
9864766044
9101693643
6900377078
7604006354
8402964388
6003369497
9864364159
9435389825
9101474832
9678863743
9864232443
9365314607
7002295558
9435053877
9394574392
7002368423
9101866640
9830634556
8638090554
9507176135
8822666444
9435101433
9401689062
9864016070
8100738987
9287951489
9864218442
7086750909
9101866533
9854449449
9394020122
7576096325
8876728527
9741187827
7002604403
9435809039
9395825499
7002267462
9854162712
7099023434
9706905062
8486139810
7002923822
7002256039
8134805488
8876450280
9864051910
6026938971
7002871037
8638139445
6002521532
7002656906
7575901298
7002868297
9954122762
8453542480
9854026353
6000971168
9954065132
9435729125
9435095689
9577126943
8876006559
9864049254
9706096191
9864820942
9435019357
7099026842
9954251995
8486819723
9707077188
6292300585
9395807784
9954971275
9435736602
8399913123
9954485390
9127321329
9101583799
9085875469
9706899892
9435544440
8453705603
9591972785
7259672680
9319995347
9957896037
8486121228
9365276313
9864204814
9435076822
7627953411
7002565995
7002029895
9401281375
8638730704
9435108236
9954012626
6001588604
6913649961
6003898533
7978115561
8723974834
9864099919
7002954340
9435398736
9864142448
7002262857
6901463131
8721037701
9854412903
9864011792
8638190724
7002831003
7577846733
9954621537
9435088812
9706111111
8486024166
9706663277
7002556614
9101961002
8876348673
6001447170
9864894034
7086270020
8822495374
8071326883
8638293380
7035430001
8167541947
9101932224
6000390814
8876179806
9435008662
9435168254
9401069901
8724823280
9365964757
9678971301
9435053504
7086722677
6000275611
7362848208
9707809265
9435354324
9678807858
9864150494
7002068630
8638705843
7972263738
8011869633
9864144865
7002490226
9864078363
7896949493
6913404475
9435027942
6000822616
8822222588
7002719023
7002216182
7896111005
9954902168
9957192027
9101109592
9435124696
9435224839
6002588204
9435079017
9101133418
9706556531
7399236555
9435584028
8928446416
6003077715
8638378177
8291490982
7002419458
9435323484
8069351640
9366394927
7002186161
9101020164
8638431164
9954070920
6900452629
9678840578
7002540769
9101012950
7636039434
8045312363
8638613523
8761012619
9101649224
8133037257
7002311699
8723061427
8011761868
9435135102
7099031007
9678470316
8638017127
8721906628
6900468352
8099540514
8638447345
7002702134
9435034290
9435031366
6003401850
9435071030
9365415066
9957748650
9435522225
8638738149
7636814367
8133050026
7085206266
8472092361
6900350100
7002444703
8099778388
9401916359
7086008746
9181801652
7896925276
9854900103
8638780717
7099217101
8013046328
9864026328
9864057109
8638212901
9954027862
6003368214
7005382959
9957565063
9864408436
7002642249
9957223131
7099028830
7099916914
9864202439
8811089166
7099065545
9435041192
9394325370
8135983975
9864543533
9954306734
9365251804
8011446603
6003367116
9101084490
6000462833
8822164805
7005289882
7637801245
8638044937
6001281166
7667931267
8638507015
9365290963
9387467674
8876790351
6002610318
8638072616
6000715526
9085345735
8638384965
7002742321
8724040929
6002839905
8402082321
9864369696
8724872895
9395038403
7399410657
8011716300
9435322426
9957111429
9706482398
8011335591
9854624231
9230988063
6003606979
6901640279
9101745200
8135013775
9435666777
7002563175
6002671703
8099554765
9854081948
9101630166
9435026585
9706233498
7035549676
9864086207
9147100675
9435519366
7002509365
8761865300
7002097218
9435649701
9831334567
7002825442
9954148386
9957979020
8811851953
6001224185
8099083250
9577427370
9954650369
9706438061
8876206109
9706239094
9435026838
9101197909
9508769787
8638152861
7834868691
8876011458
7002020083
6003985481
8794772192
9476712247
7099940590
9678587549
7002502795
9101158857
9101213707
6900834462
8048103337
7002052472
9957992615
7578002645
7086335388
8876579642
8069351660
6901329678
6000891057
7399302753
7002339015
9365930018
9954532640
9954487972
6900686823
9395177758
6002575954
9954654065
9394606820
7896862003
7002175093
9954361908
6746745866
9508812127
9864062993
9401606990
8071963572
8037150384
8724847410
9954832661
8071326449
9435137070
8638573677
7896054082
8403886063
8011733624
8811968640
9395689330
9137541260
8638021151
8099174720
8471916145
8002660123
8822306589
9954559738
8399049966
6002769235
9311453632
6901367415
8638519873
9101153547
9864068373
8011404385
7002648256
8134981439
8753091106
6355109813
8486975892
8011003225
9435110851
9859462046
7217888041
8638997196
8876068512
9957047243
7002498521
6900922155
7002059384
8133023889
9706370352
9132213852
9319697762
8721929363
9435089972
7578942157
6002539722
8822474132
7002854742
9401835218
8822358146
8822880888
6001383232
8899164600
9864028600
7002525833
7086354062
7002908129
7002314226
9101696949
9101499207
7002306551
9230775834
9435081989
8777501188
9707656422
9706011836
9864233444
9957999854
8399052336
8472899063
6002816499
9864548441
8011339543
9435076127
7002533250
9101073603
7002770485
8822599194
9957069702
9706054505
9706103175
9678419708
7637906431
9435134451
9864032866
9401779096
8486051962
9365248113
7002474967
9101127759
8472969380
6901759253
6002169127
8099203377
6000735583
9957337672
9401758687
9101367408
6002110475
9147078122
8822086865
9854080052
9957734204
9707774844
8101559957
7002191515
7636830018
6000270029
8822819525
8638274630
7002655819
7002540493
7002879350
9678585749
9365471057
9435109072
7002378102
7002999746
8486027944
9101971499
8135828417
9167172544
9864091563
7399007537
9435555100
8256044676
9707515556
9085308549
7002827957
9101046479
8062985915
9678179003
8724091627
7099028806
8069840335
9365135543
9864071489
9859867350
7002666757
8638271317
9706302443
9678288159
8011175539
9435018716
6001963719
9954059094
7002549389
9435051891
8067612345
8822634752
9864036860
7099030047
7966246160
9435081330
9435374055
9395123769
9706993273
9380425453
9954237149
9864307473
7002859965
9401138138
9706459817
7002058281
8638419202
6913035704
7002120320
7002584171
8486382536
6002731054
7896839386
9435180622
9101625191
7002413789
9957008405
9435452155
9101110948
7637004820
9957614931
7217888089
9854798157
9395313663
7002978569
9316970498
8135942960
8042783391
9954614157
7002744427
9435057388
7288070858
8133032829
9127187257
8011781181
9435521951
6009248733
8473090930
9435754845
9957617391
7002815387
9435031279
8135059783
9830334676
8723053211
7896046700
9854020464
6900513083
8876340675
6000802120
7002066532
7002848809
9435031005
8486844810
8876765573
7002462027
9954660707
9706845654
9435006781
7638077950
6900964106
8044924777
7002549218
9706359094
7002482084
7086335733
8723097654
9954179468
9007757793
6026897377
8135901826
6001394001
8011553482
6026746494
6001351963
9864437296
6000122388
9287981482
8925897803
7217888134
7002638079
9864401499
9954337271
9718144975
8876843608
7002423652
8403861009
6002538508
8638100280
8638375977
9101441265
7099275412
9395665395
7896218181
8099197889
7002972868
9613748416
8638207408
8037710243
9395052646
7399268601
7002503884
7002383394
8811072200
9706069706
9435085323
7035221285
7002203906
8046076790
9395987966
8011353181
7002604131
8876467858
7002716430
7002328714
6002935282
9435364485
9954761751
8486498656
9954056021
9365654485
9531217969
9954262661
7576007018
6901265320
9181030066
9365000168
9073973774
8471999167
7002777839
9903104988
8876278142
8486718532
8721854123
9435194704
6900848062
9864044677
8133851476
6900463357
6002444959
9864301928
8472977941
8876702520
7002088050
8794723211
7578936640
7002388682
6002810649
7099064625
9218051439
7971172247
8822382254
9678179369
8752982903
9864241508
9435742326
8723873925
7947165332
7002200992
8133954699
7002952647
7086016005
9957079702
8486805554
8638280042
9395137872
6000879350
6001818809
6002240715
8638873027
9864016936
9971934721
8011257880
9401554844
8638082112
7002406956
9706164293
9864225042
9362547945
8830084423
8812047567
9818043775
9435092215
8822686666
8822645865
6001798729
6003106835
8134957225
9365476611
9864783172
9864704650
9706496989
7002310810
9957690222
9707315318
9706960230
7002057020
9435375550
6001649708
8638005600
9435037032
9127233785
9707379911
8067518066
6001155653
7002904266
9287956046
8822939343
9101254447
9365894677
7851975599
7577086510
8099149135
8473890609
7002218406
9435134471
9706128815
8399925115
6000410743
7002100525
8879133730
8721915013
7304280961
8822314363
6000480085
9706919361
6000090678
9854127370
7002947549
8822054917
9864360092
8011149150
7577080733
9577803697
7002373326
9954837137
9101730692
6901578088
9957829477
7399451890
7035380629
9678772048
9678393415
6000968022
9706427019
9395099327
9678665171
8724878785
6002366004
9395252991
8486477968
8486254701
8011869878
8071406511
7002360620
9854225467
9365071036
9707600673
9365794485
9612156969
8099605156
9954982611
9864097726
9101128352
9707923481
9394506983
8037267217
9435086020
9864770033
9101087107
8402933536
7629965320
9957446987
8453290837
9973333442
7042615454
6009805693
8453167324
9435061102
7002201990
7896494254
9678266096
9706254307
9954840557
8822485842
9395424006
8486121333
9435020314
9864900515
9085081111
8638681451
9365353745
9957651038
9774020668
8062646652
9126462724
8638759405
9678337739
6000913734
7002705292
8473050317
8403801431
8876653532
8638085308
9854000789
9706121654
6001723243
7578004277
9435910769
8133055360
9954011800
6002268554
8002094949
8638618833
8003949108
7002032703
7002319450
7577987002
7002507432
7002482007
7002064301
7002055858
8876437004
6000505868
9101730581
9435156168
9954907757
9706204933
9365264055
8638133802
7578040931
9864676167
9435102864
7099799471
6001551101
7002412590
9854033173
7099345037
6901130076
9435127534
8638470441
9854001122
9954580715
9101421311
8099312502
9101236054
8486371761
7941056669
9859623890
9577982688
7099997080
7002247062
9954793112
8638847659
9954474229
9435052600
8822090930
8486960451
9435083677
8721030893
9395827174
6353599821
8638571407
9387947102
6000640457
6001745902
7035669320
9435884198
9864012533
8037267065
9101907931
8474802688
9365076389
9854512513
9101379123
8638362757
7002725247
8720936632
7896008175
8884371293
9435555885
7002868411
7002952636
6000053433
6001937714
9859608739
8638674035
7099442882
6000350558
9864062199
9678548295
7002376566
9954919644
7002213943
8638429144
9864623040
7002217429
9707846345
6000059672
7002393553
8822029471
9508255177
9082229728
6000104026
7637847634
9864250543
8011181524
9101036244
8069874143
6026801607
6000341406
8011166663
8822186723
9101089848
7002690597
8822020860
7002272526
7002058562
9435081494
9085952175
7086582105
9435518767
9365956481
9435166499
6002748591
6001500443
9953250703
9394635311
9181110231
7942845407
8822116600
7002819018
7002154077
9957333991
9957271916
9706844579
9365775210
9435389509
8069351763
8473822261
9435021491
9435242850
9365686415
9207412030
9435071215
7002709506
9678015226
8134024011
7002106929
7002607103
9957553950
8037267216
9864928117
7002864496
6901223411
8011909030
8638129767
9435124067
9101345856
9435543593
9101135184
9429690455
7002334131
8403057036
9365488698
8062368527
9864680920
9365109873
9101524586
8822651135
7002338478
9365528813
6001924442
9707660309
7002562832
8135028104
9864751600
7637020855
9854261416
8011268392
9864012475
6002268717
7578914027
9678783616
6002668516
9435023497
7002282322
9864649956
9957586393
8778667657
7002389405
6001574552
8638686253
9954428902
7086772628
9101612170
8822992042
8638786045
9864938233
9678632064
9706722217
9864264905
8638318943
9859238698
7896710934
6003274746
7002928541
9707211884
8169892013
9282636208
6001455470
8638257526
9707677870
9903742011
9954485918
9678446386
8753079799
9435765629
8134879632
7002955855
6002503318
9864031382
8011071838
9706981902
8822810939
8800699823
7002060043
9888223388
9957089150
9613506775
6900380595
9101535125
6003750232
9085287365
8812832713
8638393064
6913525113
7002557631
7399033340
8720954325
7636871684
8638893372
7909082185
6002107629
9864481693
7002194195
9577375843
9864032175
9930741256
7399877564
8008895977
8474094625
6001997363
8133023473
9678337898
9101286703
9435005993
9678846226
9954070398
8453758055
8099339262
6900417278
9854759786
9127370834
9101724526
8638124060
7002733670
9954046167
8011725282
8002583333
8471929991
8453997917
8638027102
8486581192
9854903316
9706434257
8811968628
7903944206
8011998525
6900968674
9365545582
9954022863
9706179055
9435199628
9854050567
7045274951
9904575203
8486037184
7664941000
9435087019
8486444045
9101240560
8047629948
9706462712
7002715405
7002665728
8638168354
9706955024
8822135679
8486634397
8133809640
8876109748
7896669944
6000298436
9126482214
7002892704
9365765660
9707727613
6002350052
9394937200
9365200410
8062216518
7002007050
8638488308
9395660361
9954453882
6002104346
7658919293
9085617022
8071326528
7399199408
8638978271
9706901353
7002658406
6003540817
7002310613
7086114441
8403986538
9706812443
9864495278
8798024987
7086360378
9127155555
7896450441
9706687732
9029352707
9706850744
8399062717
8822874777
6001849533
8638616498
7002843893
8822922060
8011619141
6002866194
7002541842
6001746874
9957087741
8812031332
7002953419
9435155338
7002555059
9954580784
8638054387
9167298117
9996668351
9707794373
6000858046
9957334515
7086519510
9435913292
7002593969
9435104717
9613235388
9181839706
9864180234
8638330329
8822123373
8876061062
8822033082
9435076180
6000825860
8447386182
9101507416
9854054157
9954952313
8638505962
8638757905
9101503760
8876874325
8638119250
7906467662
8876866321
6900212414
9435514204
8474846090
8486180715
9854008143
8761988342
8638826235
6000217541
7637043908
9365403825
8876804986
8638871151
9101180754
6002116162
9706776165
8638250060
8011728602
9678971175
9706611069
9864783620
6901240660
7099067999
9101528422
7896512437
8037839890
6000720837
9435428204
8811847796
8291043091
9706547922
7002973002
8011261202
9476555928
6001831464
7896026660
7002301102
8062515009
6001637843
8037840004
9435240011
8291132849
9101345014
7002454122
8638005271
7002658606
8638546335
9577275275
8761905228
9864535943
9365483698
9533769188
6002939158
7002424413
8811036653
9394716602
8638301967
9435159113
9101525918
9859785408
9954122827
9854199110
9508850999
7086014988
9365288878
8976018559
8399036573
6001068627
7628805708
7002622691
8135041638
9435038206
9769603552
8864095116
8011767240
8473063196
9435596132
6001395405
8486044860
8472924215
9706629066
9181624585
9435623902
8812054538
7367952026
9435274530
8638061175
9181206349
8638048103
9074317512
7002056136
9864066445
8638276721
8638399431
8638859690
6001262008
9954146919
8071372487
7001265187
7002156514
7399927611
9435019277
9864048749
7041805212
8486168808
9706099482
6001628522
7099309922
7086077099
9864096955
9365481267
7099017123
9677201155
6001689811
9864943784
7002536481
8254056301
7002053561
9167912675
9394516601
9101407607
9832062997
7099835862
9957362369
6001735756
7635864968
9864685620
7010506932
8876439053
9954118192
9864016924
9854316812
7002953235
6001662167
9435042250
6900654342
8409277204
9678823770
8067518071
8811835522
7002342482
7002336098
7002602288
8638939973
7002357422
9577300527
7002945553
8822558707
9707505468
9101776881
9365475857
8210433213
8638507574
8250352141
9435021892
8399886494
8638773207
9707050918
8011500525
9864130705
9101403993
7969285739
9435493464
9859047752
9435080162
6901205255
9864136152
9864263117
7896253030
9864520766
9678881117
8011121314
9854343121
9435087137
6003833325
8474851022
7099720409
9954318371
9957911845
9101126247
8473885305
9127445602
7578899646
9854415847
8876603179
8011459587
9792360099
6001929001
9707330637
8638535913
9716838048
8761938056
8822630733
9101666871
9678150739
7002738168
8638264217
7002635369
7002296744
7002729354
7002308261
9101466721
9435365999
9395101992
7002269464
6000102341
9957896299
8638439346
9142023285
9954306894
9365589654
7086818808
8474025561
9957999299
9435714921
8071327045
7300380499
7577931023
9678054086
6002665509
8876088169
9864312300
8133051906
8721834455
9954883268
8638445959
7002410966
8011011393
9954103681
9101890630
9401362260
8011516490
9101918204
8638781186
6901732473
8638760545
9821557154
8011003043
7002482809
8638136791
9395475916
8011672703
6002013393
7002979340
7002265737
9435167444
8822800175
8822175856
6003601534
9101316493
8011079153
8048794697
9706278061
8011509706
9435457988
8876515186
7002088206
7942728484
7002327622
6001671117
9678303128
9859741590
6026631985
7002067940
9899544859
6002384675
9435025722
9854021436
9954457471
9365437856
8045873528
8822773282
7099933166
7002266877
9435551612
9395070523
8638761330
7002744866
8134944817
6001887100
6003585219
9954709412
7002064122
9864161543
7002975380
8638909636
8723931413
8486516476
9707536461
8638226989
7002402741
7900860047
7002432194
7002048842
9127413503
9678551261
9864861687
7576938211
9706489619
8402965684
7086676961
9435026495
9957516207
9707705370
8638794732
9678333880
6000219209
7896273755
9395290851
8638511708
9435528173
6913532150
6002057391
9707385552
6000358260
7002342934
9954350576
9531046291
8954821099
9854225767
6003551060
9435452917
9587100875
8068924275
7002884534
9101326635
6003088310
6001028729
7636900110
8471866409
7896752373
9435123707
8638868950
7002294463
6001608578
6000713711
9101073957
9954074786
7002948149
6909427925
7399001007
6002083609
9365043319
7003322141
7002247366
7002998907
9954995346
9859933033
9435168253
7002792823
7086910120
9282205600
9101853028
7764975653
8876816911
7002639375
9864714613
8134075632
9864224729
9864840426
6001285430
9864455444
9864780514
9954582235
6003301110
9435045312
8876477434
9365420341
7099075965
9707337098
8071372252
6000650890
9706817393
6001881240
9980130059
9365627618
9536132466
9954111195
7091160656
7005681675
8822552245
7002299300
8876950455
9706125697
9706611936
7002062858
7399701441
9577724535
9101292063
8822865154
7635815422
9859490998
9864042491
6001314755
6000172009
9101685197
9435020518
8453833123
7002925360
9707057010
8473940306
7896768196
7002112145
9854975960
8471982442
9954872034
9864778441
7002022714
7002406382
9394572905
9435553405
8876280123
8011691131
6003667992
8638790472
9401246140
8062510889
9678598944
8133053173
8099933884
7002404619
7002495123
6001578297
8471866872
7002774617
6900439476
9435029510
7980818340
9954121648
7002271583
8486933201
9707721272
8135920417
9394551882
7002350636
7670002111
9954190004
9508389939
9436331719
9435035857
9954665358
9954498250
9401044057
8723894326
9435136765
7086868893
9954419070
9706129446
7002857159
9706659107
9954084500
9435080666
9101144028
9101981895
8638569372
9395220752
8134975713
9435038390
7002410218
9957079469
9706432683
9387969654
9706119266
7002800429
7093847769
9435036769
6001662001
9435061145
8811871490
9954138459
6026007185
8822518195
9707758880
6002207265
8135097070
9864318709
8638011534
9435032131
8721952267
6000498857
8638170438
8399047527
8787486751
8638286406
9864283340
6901260407
7002690184
9619895581
9707259951
7086240281
7896753450
9101784232
8638595576
9101141574
9549308309
9365341141
7086078306
9864078698
9864728158
9954672593
9395616928
8486586155
9101407873
9435451804
9706324217
9435061029
7002929166
9101676574
9678328065
9954788139
9678722362
7002539500
7002774543
8399893239
9730183388
9435000663
9101846206
7002372257
9101336878
9957251690
9678045016
9864971486
7002747239
8474055980
9240237953
8876440509
9101289895
9706168316
9707589702
6000248060
7002436376
8638385590
6001062923
9435052648
7638015011
7086626029
9365902077
9864013595
9435643006
9387968036
7099067059
8876677767
8638505216
9085705134
8071372736
9954562862
8723838983
6000534565
9435130701
7002010877
7099462727
9435070333
8638923917
7004694522
9435071687
9435988364
9395935558
9365909757
8486390256
9864476967
7636992582
8133883332
8638180323
9957133131
6002368840
6000702701
7982463986
9395777123
8811934995
7054974898
6003763542
6003141781
8472996025
6003242822
7002307978
9854251057
7002789597
9101459810
9435227011
9395323010
9706524570
9706408844
8724877219
7002450881
6901130943
7099804071
9650825698
8134027197
8071372733
9101810775
7099067717
6002113672
9101043366
8876962444
7641920937
9864290874
8638289762
8638401909
9513384703
7002342656
9085344448
9101082831
7002679866
9706530093
7002260293
6003854337
8638343541
9663943939
7002021441
7002862903
9990022232
9678021269
9181449953
6002903967
7986718447
9101649818
6001445346
9706170607
6201458939
8638955258
7988289457
6901256631
9954116606
8876421064
9678499601
6001512701
8486039646
8638344196
9678258922
9854004304
8876701451
8134055744
9394449370
9435011300
9101020684
9854035197
9435133303
9864543523
9085224666
9435026492
9864826061
8876112835
8876115359
6002727183
9717689456
9707160997
7002624483
9864894900
7896648503
8638340291
9435125624
9678413944
9954936824
8876080450
8638203740
9613832082
9864937895
7002500773
9864065226
7896109885
9957544502
9864412030
8099335044
8976835638
9864403626
9864091526
8062703229
8291619701
9854708086
6003661516
8645322267
8062914041
9365725190
7061803817
9365651263
9101346633
9582892445
7002768214
9706841654
8638073693
9365598360
7086053626
8062914189
9401402110
9957767874
7428890188
9864100409
9435062132
8876917852
6901148068
9864190925
9957147720
6001900810
9707590111
8402960221
6003890341
9954358442
7002081817
7099200298
7002157558
8638862510
7002755493
9287991482
8638070690
9181290396
8472085234
9435097484
9957126113
9365655681
9854412655
9101199384
7002824515
8135011403
7636833549
8402951154
7002921857
9954611543
9101882764
8134079797
7002744797
9706853351
9085927861
7002511022
7002378731
8638676899
8134836804
8822070015
8045873570
7086571166
7002173628
6124157826
9864713744
7002669576
9706831722
9864290555
9854219628
9957688278
8811892554
7635962490
9401132150
7637922511
6003034271
6001067897
7638807674
9401243418
8761867499
7002704082
9101065408
7002713390
9435053833
9101409850
6003510762
9864355400
6000866388
9864142382
6002130939
9903077788
8403841496
7035317473
7636901078
7002313194
9035566437
7054100848
6900584629
9435035750
9864140853
8135982636
8929176106
9007787762
7399015262
7099595160
9395612341
9435094547
8638290914
6000475332
9101771684
8876658202
9954105085
8721058644
7035694858
9678037467
9864511081
7002421674
8133074554
7838665160
9101263185
9395698920
7002030771
8822836095
9678994677
7002153387
9101665124
6002374707
7002766294
8753996090
9435062003
6002783299
9957424230
7099911161
9954415155
6900727772
7002051574
9435071593
9435370542
7002839846
6002026855
7099023936
6003609090
7002500467
8811902164
9957007992
9854552137
7099944139
9435154029
9854108556
9954718461
8486689600
9365235936
7086540017
9954319774
7002757356
9864999006
7002236810
9101583698
7002211412
9954064477
9613337300
6000401318
9101539101
9706434984
6913803386
9957640426
6003371084
7002090128
9954052185
7002898965
7002245456
7002901397
8638589812
9228869076
9395488341
7002346977
9706666585
9957435170
9854020531
7002964351
7099295349
9435163257
7002730334
7099170788
9957941771
9954046496
9613333331
8761807172
8876060629
8403848960
8638049482
8812969693
8044630704
8753989818
8812026346
8638022592
9706860409
9707505490
9365004037
9678268596
9435266621
8473821619
9613302786
6001879544
9365212317
9435079466
7002529206
9957836862
8638763221
9435531621
9954484040
9435552341
8048795119
8724028969
9435127400
9435254799
7002300579
9431050230
9905878589
9304820610
8936035195
9511240811
8271238686
9939700475
9430054961
8102379736
8877978760
9431605819
9135555151
8862888555
7033191347
9155398837
7541806035
6570475439
7230926996
8294567168
9955320999
9334158930
7909028429
7050943837
9738262330
8709047712
7782999491
9955724624
9031005991
9167496152
9931073462
7903741494
8044938954
7779956964
8210769683
7295876883
9717071726
7903303077
9135755830
9122366140
7004637985
7061905518
9934819735
7979880393
9934250083
6201397382
7631335444
8879129698
7759933444
9570833321
9708970680
9835654377
9798896675
7542915033
9572537242
9546349090
9801216698
8207664021
8044938921
8002780384
9934258936
9315572369
9135579700
9229316924
9546931393
6206386443
9135572530
6206606906
9262294847
8804684786
9065566366
9234628677
9572799464
8271997843
8292247080
9546392277
9431404536
9934695370
9708137640
9709519457
9304104094
9199031098
9798901056
9931015359
8210027925
9431053769
8507714780
8804922930
7323823647
8987210551
7314620767
7949213790
6126711207
9798545861
6201453016
7091490695
9852664145
7488688422
8292429958
8002966304
9431223286
8210916337
7050707087
9386795683
9891346268
9835429844
9507483205
7764942500
9031676786
7004897517
6122504745
8544477777
9608153410
9709700220
7061009844
9386732221
9931024755
6201570115
7277362661
9430524783
9955880092
7033027991
8037784134
9508239078
6205395069
7301414400
7488311990
9065387777
7281001038
8233753547
8294367023
7631045312
6206950883
9308568822
9955500880
8789500037
9931373063
7763080408
8292520220
9199761277
8815794076
8447191377
9769638625
9090626276
9304882768
7413907539
9334279375
7209652777
9507346272
9155487551
9472480100
8340322576
7004282221
9572295780
9470204080
9709311613
7947166813
9905608689
9031440058
8092183522
8294152625
8986983110
9431423189
8062914414
8102196024
7296079835
9340789150
9162662065
8757558223
7368969796
8051575667
9709945529
9334118060
9122220753
9625273437
8084542906
8507047055
9023062396
9955005117
9955601888
9304010727
9766499077
9431225387
7061311374
7717389642
9234065342
8873331829
9431292449
6203309251
8210931799
7739095476
9264447068
9341618234
9135667005
8409827172
9341508378
7258959760
9522555004
9102758331
9128479941
7543910475
6122672661
9123207148
9431081248
7091664545
9934927614
7463881864
7477242266
9334505999
7979078884
9631836718
9508402080
6202678780
6183222567
9129329375
8863839000
8073703463
9835093901
6207335487
7979736427
9955948475
9431446615
8084262437
8969172000
9334088892
7282994711
9015948861
9128444870
9661838430
9199346124
8809398664
9931923918
8541900695
9709152742
6114223077
7782818596
9521894423
7949213822
9471404252
8210758714
7004805005
9708172722
9955540475
8541955393
9973128046
9199098087
7903144730
8044938941
9905241127
8235689601
9308017781
6205267549
9431617038
7870788338
9110065965
7050044337
8757789060
8709093052
9771196699
9430210185
8084924834
8002625794
7033953843
7982661224
9771634687
7294191482
8409606737
9327678246
8789014446
7301515368
9304814681
9939059247
9955809037
8210469209
7273046969
9576809466
7903248170
7004737447
9546879423
9939099590
9661615786
9931218733
7004567670
7632084135
9334827350
8235571314
9113327534
8825162508
8825381397
9110191741
9473231456
9006962380
8210788310
9334231061
7061823283
8409436663
7322877217
9934890700
9234937452
7633846093
9504948485
7281001064
8789889790
9470650010
9942239922
7091483618
9430032992
8051333747
9572611626
9162734847
7030901161
7004937243
7260953558
8002057440
7739461460
9939480000
7903671058
7050241878
7546888696
9128712345
9534319426
7050825617
9135467175
8084873327
9264456410
8340553287
6201708842
9523606847
9835601831
9771392439
7004100406
8051677258
9931672157
7870984017
9973646464
6206184302
7779820900
9905466094
7779820701
9431289592
9430874430
8298867808
8340277259
9576072888
8071639256
7979820433
8986905393
9123440832
9693501229
9955426786
9525243170
9006122222
9334003537
7677464363
9304293799
9608874945
7979754335
9155352173
9771459378
8804327529
9262686999
7970979797
9835998274
9334109795
6126711209
9122793497
8235123350
9905479950
9931927300
8069156806
8294177060
9060894988
8757825029
9934249393
9570201009
7008622726
8809359533
9334444897
8862856522
9852287696
8603472559
7004187060
7324096237
9123134349
8540069354
9955591266
7977232219
9953682111
8271625211
9835654569
6205796743
8210128160
9334383636
6205833138
8709815131
7903056542
8292396825
9284557842
9122103330
7282038195
8285125792
9135908609
8044938916
8541966562
9529607164
8969947537
9631883800
7903336899
9546725083
9471916400
9570356623
8210177463
9939180180
8544616892
7677257537
9939695070
9835041809
9167831523
9801610582
9473454724
9031992211
8804085560
8809322992
7808008081
9955238611
8409186147
9934466746
9006519487
6206405292
8873319088
9135472654
9534380555
9470026488
7992264892
7309166425
8709102544
7033091113
9990665155
8084076786
9934808460
8045476003
8071325913
7488213346
8651130048
8809943098
8368143449
8789374479
9431266620
6475223712
8877831555
9431657022
7903378164
9431269753
7858903884
7949213914
8582038873
7004302622
7782880605
9771459288
8521907877
8603322281
9973658578
8986484143
7079000042
9955397155
8879981944
9931102606
8071679938
7766080477
7870717889
9430500443
9334501781
7903110020
9673915116
9431467107
6209184106
9523726194
6239421434
8873080117
8864003011
8292121531
9931089307
8540861250
7004180876
8083203228
6202261739
7561965429
9167071356
9709730143
9334928038
7277782417
9931674623
7488525427
8677962002
9431262223
9341189811
9771232851
6205099915
8969207777
7557703333
9110177532
9113447277
8789674719
8071936759
9142378314
9570709370
7870548592
7011286398
6254232811
9113419823
8709477192
9835223811
9835480719
9386281415
7033339468
7070318099
9350808064
7033208707
9801118250
9264456405
8986181757
9117735996
9334108843
9301207859
9955124571
7979876874
6201583435
9324986022
9431043328
8291283639
9172712982
8986540870
7889041916
7835050248
8051252039
9113145929
9934251364
7677321818
7947166732
9073670514
8409177075
6200519404
9835601358
9153980649
6112235487
7870495700
8651849658
8969670080
7033227083
9341439725
9430690820
7979092404
7982265680
9259391651
6254240277
9199948500
9798460696
9199487326
6209455231
9771637443
9801791980
9939403875
8873090830
9990422288
9570678400
9835462102
9199863101
7004875590
9576487090
9016532469
9304566087
9082704619
9430425344
9350091008
9308140599
9471662755
9508325119
9798964923
6299020846
7322819157
8986072484
9199571202
8797720783
7992478862
9308719040
9102106496
9122791553
9798857358
8405899832
8178801449
9931460786
6204957038
8071639699
7004536132
9508690448
9155556151
9835638899
7949213792
8406046147
9508201179
7903099074
9334152344
6746172830
9693954383
7992487376
9334330990
7004100206
9608476175
6122721336
9508550742
7631320200
9430274577
9771606049
9471451970
9472060801
6206083326
9534004001
9113495722
8071325778
8877779132
7277033063
7667447044
7677767773
7004243256
8252272599
7004210723
7870519428
9771110555
7488540473
9470050680
9167362648
7257910005
9576900612
9311366181
7484980777
7352647192
6204205152
9204549172
8071936780
9431290348
8986272527
9334741699
7362053153
9835418151
7482076605
9334841974
6206746224
7542807728
8292841861
7903658378
8797570752
7808691368
7004473630
7870849707
9798752521
7070570171
8340776023
9470415403
7033095837
7520201947
8046984892
9431888448
7765828280
9334376777
8969042977
7319669496
8271401752
9386820978
9155648619
9831902837
9334276231
8789354388
7903078840
7004607832
6204684473
9308608856
9308825075
9470293647
8757379054
7764971285
9955818721
9135588185
9716993183
9167409318
7004288633
9167076477
9988559252
9934293262
8002392092
6209368106
8210211632
9708888863
8069456299
8071889600
9939813785
8062904571
9546774174
9334835197
9082711070
9122329999
9097098937
9608054268
8071325773
8071655379
9905011512
7903034279
9470401831
9971816902
6204191605
9234421655
6201282958
8083865540
9576767199
9304311917
9431499255
8789599328
9661811111
8210107010
7631808119
8709961441
9504718189
9334470351
9304632196
8083734745
9576725404
9835288889
7070796163
8037762053
9431412129
9472853761
7992402795
8291782964
7779886449
9560736903
7763979973
9304714641
9097421239
8102184380
8668147408
9661880113
9534031107
7739891780
9153610848
9430042194
7004719376
6200079780
7542988578
7654296139
8210786136
7039002901
9955228470
8084250140
7949213875
9507762348
7947166199
8640030086
7004697877
9386494637
8521282810
9931017650
8040138265
9931691362
9973120140
7004165980
9534661442
9939993387
7549812285
8210911475
9631173007
8500002081
9810327723
8757853905
8541900136
7070176194
9939935201
9470229868
7487980656
9431234200
9304339168
9289415801
9431011272
9504906577
9097206614
9470621701
9122823333
9852310553
7979923412
8298194738
9835241944
6112222424
9525283082
7654963926
7428890305
9711867596
9097503446
9306117148
9661042574
9122329733
7903622461
8862890768
9570809126
9471603509
7654276833
7870127560
9060782800
9431863157
9905935018
9821573808
9036634720
8757304280
9572233850
9508235646
8409875761
9631028225
9162430963
8210334537
7488409253
9110941458
9472902929
9619051895
9241433483
9931869931
9631328810
9905733001
9430061256
8252022776
7261879001
7260924342
9472817335
9835879610
9128788904
7903526031
8709659685
9304846632
9431094093
7979092908
6112232323
8106385787
9905480010
9102444101
6206078299
9304915042
9117564830
9931200092
7903733683
6122557912
8001200945
8071639686
9110139653
6205583370
6203140894
9973299657
9939960516
6260677498
8105777785
6205125009
6205589899
9507331193
8879980863
9431444133
7903417193
9835450804
9060610595
6205361623
8046984891
9835267744
7546885566
9560256247
9973353334
9534713536
7257003322
9852972303
9798753866
9334287253
8789211476
7004893129
8709315179
6205792667
9507393264
9814080385
9619153561
6204148015
9852468319
7654203013
6467226101
9905301936
7033730182
8123891374
9931888881
8851159125
8467843488
6204823388
7949293461
6203991670
7763814658
9471885589
8527683453
9308106663
7700001998
7322817847
9931437195
8002050020
8229898575
9334968403
7488487518
9934752370
9693887800
6204496932
7979043042
7992334966
7070895141
6201268418
8709198770
8936843825
9934697222
6299495106
6206066468
8448280190
9102173787
7870919986
7280855624
9572112381
9852147156
8789592757
9835254460
8709478396
9693922731
9155592000
7903310960
9801945693
9430568990
9973275985
9999769982
7763813955
7989843623
8051431020
9508146405
8789448067
8789423233
9523895017
9334227829
9234535439
9973030589
9980995198
9304002728
9471446626
9472651130
9431254982
6201920145
8235914338
8084578107
9304907331
9135035810
8578898327
9893657024
8037908042
9210809343
9835602728
9534342941
7061254694
9850442267
9939614597
7549954530
7654482533
8071936768
9304705867
9534208175
6355797084
8271145780
9934452785
7631207494
9431214487
7979731525
8102357570
9113822166
6201987274
9939531767
8757183144
9835234171
8434630364
9431471326
8037002409
8282828928
8271049770
9240030955
8071655092
9006505248
9905309434
6209612532
7061365904
8071890021
9931596767
8069867420
8044938929
9123320730
7992475409
9162821531
9955496789
9939220631
8602002987
9153615511
8797384769
9431864765
9472245786
9431867253
9315563925
8809945940
9504166598
8084540819
9931267521
7070207177
9939057408
9431255321
7543061639
7033282999
7091923342
9835729952
7549000828
9088747836
8071404225
8235221283
9353796399
9162883257
9308712840
8128404340
6429273230
9934244970
8299584810
9296888256
9546981717
9431815446
8826226679
9167076465
9263750882
9942027772
9431648749
6200470139
9973096243
6203103539
9341989628
8083209915
8757305645
7631373611
9341511401
8207488272
9297775544
9304444794
9430412372
9472315404
7050622748
8406978108
9304924659
8037002423
6205171480
7004774201
7903513636
9905266432
8879124631
7739680922
8863907383
9097511382
9304923752
7463071124
9852202110
7250650654
8409912443
9122400455
9852759583
7065430081
9708670791
6200123696
6290821150
9473293058
6243243191
7870189517
8405991617
9304962243
7008324801
7739462294
8809460007
7980633948
6202106513
9431326347
9572473436
9534434409
9988788689
9334759576
9431235017
9431482082
9204021420
9619973261
7909073097
8210433710
6201700820
9811629952
7979776950
9650318824
6206936725
8709113610
8044938910
8603202051
9289922177
9431412020
7254911225
8936021850
9304314441
9341744360
9102809287
8862828257
9661253820
7050000906
9354847429
9525742377
9431229206
8434972852
9113183391
7488213491
9153666796
9771236666
9334470344
9065518207
7488579644
9507701569
8873102702
8317704414
9835283873
7004212543
9999053171
7764878787
6201675187
7283084295
9798493491
8864004836
7808881555
7050888188
6452291029
9852488400
8298495154
9801480750
7260900637
9934257451
9031832490
8404861633
9122738311
9525306638
9031199228
9122868127
9631541106
8037002438
9294929226
8044938917
9097600850
9031558267
9098222032
8002538329
9122576466
9599430579
9142309326
7070112900
8290683082
6299572785
9316832226
9234212929
9771068652
9570712880
9031830594
6001672374
8235120369
6207002245
9939453381
9431628150
9931380820
8917321523
8709466080
9229457171
9386841417
9334166950
7004131880
9931245369
9934614141
9431276667
6206818358
8071890049
9311841437
9576737000
9835359286
9931030511
8092776098
7903928859
8158038153
6455222208
9931175332
9572943870
7549610918
9135034805
7654563078
8709021383
9341905578
6203471199
6299063139
9296308038
9570965374
8789325505
8210852613
9905465113
7250056918
9199180666
9334487888
7260045368
9386970229
9060565511
7779961588
8603052607
9931223434
7004996588
7870751095
9279376405
9031084291
7717739082
7541063887
9835668223
7061741164
7004328077
9785000225
9430066948
9234532977
9572805079
7266076615
8210775688
8754531843
9304382203
8051433227
9931855241
9304732179
9708455460
8863926336
9931771196
8071498313
7011294990
9334337677
9431676457
7909012114
9334010313
9631465312
9334114531
8507546411
9899282941
9934109638
9334222290
9334466121
9334298027
9334118509
9231446339
9525991743
8877149441
9955494661
6201538498
9199960540
9939513501
9934484765
9931058077
6202453402
9931832331
6203385346
7033278482
9661641904
7004933289
8709096794
9835091575
6289250881
8540971588
8092639986
7541959742
9525222291
9798727692
9334184995
7992364524
9973218494
7371069605
7562968943
7549218161
9801982453
9939406815
9939995342
8860001775
7870764239
9939697441
9102816202
7004594443
7004787351
9801827336
9934903229
8340432307
8700774612
9955333545
8340439171
9431402507
8825266419
9973581306
7050194014
9709423576
7870363414
9835278516
9835772862
8071178172
8071936760
7717773641
7004831706
8904161550
7903332486
9534718371
9130591672
9546789555
6201298387
9955533794
9939994752
7991143450
7717706583
9631502629
9801725413
8291640679
9905272906
8425086851
8409264330
9431086383
7645033504
7004321144
9905023808
8935967743
9110039344
9955265188
9334157726
6299575574
9693370626
6205906294
9835428990
9310493202
8709084628
9006068334
8092214211
9264456130
8709975986
8700850070
8789979386
9241857228
7369050933
9770049445
7004355811
6204560927
8002039603
8797494752
7004228053
9693396400
7257979941
9852997070
7398158018
7717737523
9122711849
9835415819
9570988886
7007901542
7004964270
9805676767
9471418967
8936881610
9128741075
9031163334
7779949453
7949213786
7717749390
9289117289
6200303562
9958821354
8678091057
7992301576
9431087821
9504938135
7992327092
8210127378
9334372282
9504223831
9431677415
9430031833
7766915627
9835610107
8210725676
9431251837
6206677224
9263840915
6122323883
9355522979
6124510050
7014896779
7500986524
6202224214
9708435470
9006631564
6205209942
8044938952
8102635593
9709345123
9031409786
9580200554
7631301094
9835261752
7631264959
7370848461
6201127957
7294954624
7091769453
8825312490
9955295907
9608398114
8409798229
9110121732
7542002635
7004493208
7488897031
9934447674
7004825906
8677028698
9546335302
9931432886
9771282873
9122490082
9060678678
7277956534
9708121245
9838705074
9334260445
9065182759
8210869595
8709938256
9304613726
8863059054
9386867845
7033095819
8037002495
9534831111
9939615208
8340532166
9218054906
9102664522
8479908821
8208836548
8340755803
9931836871
7019928695
7352848472
8539005240
9122643444
9801227221
8071265560
8084591185
9162298271
8935884031
7004684028
6324264018
9999537686
8252239546
9801381104
6206576707
9122662339
9031532595
9546057703
8863082242
8051355981
9155493603
7870835934
8071370380
8084247647
9931438830
9279898284
9262695920
8409476824
9905077275
9570411966
8252302314
9430052788
9955294487
7415499438
9801342114
9162333777
9931333785
7947166212
7411781402
9955925400
9572495451
8004251122
8409558841
9122585973
7004263244
9167239775
8044938950
9990983092
6254246789
8002944412
8071178184
7491036617
9431498210
7479932786
8409889099
8102568613
7949213889
8340323428
9661983482
6201251656
9546100500
7004702978
7033135571
9234371796
7543822229
9472272260
9470245311
7061340992
9264476701
9708780355
9228836223
9835274068
7595053595
9472576993
8540051572
8653719166
8232888754
8044938905
7485047468
6207098282
9162863138
8269792983
8210468300
9097031527
9534606164
9430837445
7870416647
9229281599
9430258922
8789271823
6209477614
9934122846
9709818280
7091630451
9661607460
9006518976
7004255961
6361885814
9958501193
9817976571
8044938944
7250346666
8044953192
8210244852
7488172477
9097936631
9934217886
9431846114
9122599910
9835064641
7091479950
9507435130
9113187996
9939938858
7079778234
7870789472
9934975837
9625275716
8879975038
9572031045
9296349191
9142350358
9263784102
9709822817
7979020105
6207084252
9199120110
9619188249
6114358160
7549235504
6202135515
7496901034
9162662082
9971026967
9334743708
9801948298
9939862785
6114299968
9430246913
9576836000
9576118978
8252998823
8877058764
7942726852
7050473708
9122307610
8294311491
9939659563
9835800184
9973464817
9031638001
9700088209
9304710599
9835667512
8291458828
9507635307
6114222257
6202844674
7004831593
9334810798
9873032026
9386034007
9304283178
6202863602
9334059887
8292190336
9031416861
9934222019
9931543921
9801892522
8340397908
9934107771
8877434845
8969998233
9308889797
9631379361
9162616184
6201257612
9934412059
9199085990
7991134475
9065603983
9939195425
8037002483
8744060205
8292298941
9939042551
8210169561
9431270241
7903095655
8434146173
9576437316
9934976871
7870000593
9939055000
8789249594
9334803229
9262383350
9431236307
9386565301
6205117199
8757509965
8935915685
9334343532
9341667644
7903829166
9119009692
6203123606
9771648833
8579904667
9708082759
9430842216
9939656515
9835210617
6202916620
7739137264
9871913281
9431870701
8074914582
7979838991
8541918585
6202084210
9955488854
9122477337
7857924051
8084993048
8084306700
8603507411
8044938946
7564046713
8340499196
8083418123
7004870160
6209406683
9304972965
9910482442
7004627087
9852232255
7779878958
9313023944
9334115483
9934628632
8863805714
8804545656
9430878307
9931906600
9006327620
6202099493
7645911704
7667347832
9771273068
7488507516
9318477122
9835063448
9835400338
9334068704
8340246633
7870030650
9555770254
9162453200
9430405040
8084856424
7363808281
7004200919
8507383422
9709555394
7766067299
9113320920
7004060153
9142412507
8809225249
9262739999
7210648327
9934422275
6204271615
7352267319
8677911714
8271943229
6299292479
7033163891
9525980887
8804772137
9709892695
9507970667
6204892342
9113796081
8757883118
9973932387
7488632168
9472027600
7979005605
8862985340
7739603441
8235363855
9507316142
9110937190
9982378192
7488932685
9570367514
8809624700
7319778050
9934888720
6122370053
7677716217
6122219688
7061142771
7014818732
9060266063
8521262116
7485892196
9334128925
8124851901
8507142090
8071407536
7903248373
8709678970
9167207521
9304181910
9334061443
9304270589
7004651685
7520233480
9934013300
8227806713
8102211112
9308425122
9167299285
9905062762
8207518651
9905127832
