7837222666
9022834900
9956012050
9930349384
9768709033
8080805915
8879979813
9326657245
7990473939
9029250227
9136745118
9699838398
7304135136
8454065990
7977164150
8419999138
9326257484
8045248100
7021711960
9970846767
9619680357
8767828184
9867096095
9137273838
9320008055
9004307595
9004998998
9167565675
9561050520
9819439878
9833463615
9326060336
8356955390
9222221265
9512341234
9321000507
9082807395
8169177520
9833601660
7290095802
9553073030
9819674832
9920545474
9137127733
9321320449
9867650091
9324935668
9000153980
8001217474
9867348165
8779045565
9821188325
7208239883
9619614200
8879909854
9820824822
9920003143
9372887526
9967693137
9820065626
8451869658
9167495445
9773697767
9769056073
9022486774
8169156382
8928089641
9992220763
7715971555
8850687739
9769112748
8452854777
9167539095
9920557806
8652143702
8002701950
9998497292
7875676252
9768772716
7045464718
8828010397
9019029029
9769354957
9158934318
9967913755
8097639013
8062916803
9820362982
9819975818
9082087611
9152004949
9152002004
9867412334
9892272816
9324516326
9892981714
9892115503
9324625627
9920038921
9920608010
9321330557
8793610885
9653131251
9167528552
8369201721
9702225152
9004090941
9833074070
9321983105
7666974557
8879994961
8047631628
9619817066
9768282501
9082907433
8046063910
9702414104
9930292537
9819704230
9594641772
8047547027
9833826647
9870006264
9859789444
9892200696
7045358508
9665567408
9867632715
9321288415
9920085309
9004060454
8104218859
9422212308
9322839035
9156180900
8983900282
8180819004
8698670111
9021322193
8600412888
7385409212
8087450505
9890906875
8796628269
9822269769
9999465257
8980845212
8237678474
7219795742
8582093759
8605865406
9112667914
8983500409
8484977200
7378989996
9822829431
9922261495
9022634413
9075474024
8275940972
7218065550
8446548961
9975214329
8048602961
9850985939
9922478652
9422035795
8390557332
7385637086
7378303558
9325793485
7507347777
9172616363
9011072655
9762170330
8208689283
9850111786
9921179175
9689888201
7769090813
9518965404
9637072588
7397980242
8500890123
9604568533
9860773212
8767477102
8042783377
8766697853
7770060908
9825087673
7021992300
9372523237
8689996996
9653299928
7745040057
8169459552
9980469883
9833368284
9320261511
9988994677
7385928948
8001088586
7744055531
9049731763
8806006552
9004336036
9822975901
9321059944
8485054552
7386568230
8048035006
7687860313
9321110066
9890730140
9763699900
9594220586
7588724944
9326743938
8169709884
8888772441
9922689225
9819570211
7666816882
8329115090
7798234598
7875294904
9823331155
9823744239
9673008748
9049395723
9204888018
7276015298
8795091295
7405308000
8237200888
8888861619
9082177034
9834672816
7040294514
9404118681
7276411414
9172402789
9664097074
9975360805
9011031395
9004043991
9326282125
8554997709
7875188286
9137429205
9637210996
9930329380
8888508109
7350321321
9820986629
8451876786
7738744023
9850800063
9819952683
9168661541
9881710061
9699240145
8691000085
7600100340
9769279303
9090809052
9769767474
7506522210
7715930813
7039111777
7045864712
9773455735
9004862670
9076824534
8879966440
7089154077
8286114600
9326115676
9867624369
9322673599
7304852159
9766622389
9930014730
9222997066
9673131333
9975833022
9137394778
7397958113
8104855903
8451820012
8450918790
9833392329
9975360548
9136488855
7030379215
9819132481
9833716071
9152676364
9867330421
7718901119
8879051606
8369549939
8657900860
9833099690
8652300965
8169194621
9076103325
8691916782
9167244619
9773788366
8071820133
9004344101
9421871421
8070676161
8097386318
7039785186
8976001191
9820130161
9004049390
8108036576
9930734324
8108872427
9967278477
8090020070
9322946978
9029746765
8605940276
8591177088
9820855667
7738541878
9820394409
9029805522
9920943438
9930119370
8928076705
9768011226
9833365369
9820068099
9323887882
9987734354
9029532556
8655228747
9969310989
9619482007
8108161305
9594068358
9594598959
9987333931
9619484168
9602331668
9920404359
8424020290
8879790825
9833058239
8850854241
9136501678
8046043312
9820124517
9152208080
9503333287
9833613327
9323166423
9967400003
9689451354
9819559035
9967639744
9322284599
7498981703
9920633891
8591295549
7720829444
7977698427
8356950628
8080225363
8108406610
9763196197
9930894895
9869831680
9820211269
8976500942
8369285199
8484098997
8369080480
9850015552
9356939466
9867388881
8108329445
7021609902
8879141176
8879685207
7666777390
9404999255
9870634815
9322413762
9969535428
9423584060
9869007312
9967115806
9821313600
8433842619
7045616744
9322379993
8698682222
8451934343
9769578243
8378998954
9619771158
9320505040
9606350000
7738584949
7721971097
7420920885
8097969157
9860305161
9920802651
9322130691
8149827086
8080565429
9172757053
9967693333
9892973721
9594534316
9821137594
9224410000
7400498525
9067902322
9920726955
7972480365
8655589422
9167270027
7977610883
7290092205
9421904476
9664742158
9967522424
9967797773
7738740019
8356929194
9608634662
9594898888
9820009175
9820125836
8108662281
9773237359
9889889771
9967563885
9821521781
9930675524
8045815398
8070056777
9867867743
9892033486
9324604678
9869128640
8433730625
8605801807
8779849160
9819437758
9820545957
9004480007
9763823045
8804555533
9921957070
7385414979
7949121728
7722025566
9689421213
9405300249
8888592977
7219305466
8857819125
8308490817
7720056295
9096842561
8956777256
9819186318
7385818805
9607055959
9822272229
9552211222
9070004242
7756028685
9270371032
9130710902
9922512000
8600340286
9136055575
8356892231
8898982482
9137374252
7674897701
7021844804
8104233706
8879299338
7788088088
9322111137
9619995500
9322265570
9594466724
9326773340
9819972727
9930324444
8850672106
8879575757
9867964125
9987746240
9892500055
9323298340
9136548556
9619876972
9820592943
9960865879
8976288853
8655586833
9082214434
9117727272
9820362717
8879151567
9820017016
9987003674
9152010535
9320073725
8048965702
9892757584
8879879900
9135516636
9867433481
7506981210
9920392121
9004582297
9820728388
8046074921
8042781582
8686005151
9821056426
8169296030
8652148930
9223590182
9004988456
9730647274
7039350555
9137348880
9561862563
9930154583
9324631919
9167224596
8291013449
9819137789
7304309111
9920934529
8552942211
9833420251
8850090060
9769455252
8880868086
9930742021
9904770107
7900118428
9987323288
7045808216
7045169521
7304487724
8655448114
8898491995
9322950090
9821251777
8879000937
9619186110
9920312431
9967426957
8286666567
9619973347
9225132218
7400239522
9921222587
9975254894
7262886771
9325431462
9324049158
9970812233
9890524309
9850393599
9718794843
7942722747
9136510778
9082275227
7666018305
9529401672
9765856097
9890084175
9823243620
8879983711
9323147706
9081813677
9970390875
9987248879
9167545252
9167632596
8446880919
9930779341
8928873276
9022767770
9004421660
9892497308
7738558000
9892134590
7942710422
8037908338
8828801081
7977448813
9326646703
9822125475
8779600074
9322828775
9175190505
9152012503
9422663443
9822365611
9921593336
7303434532
7972776189
8390002311
9699455157
9822397040
8999505647
8209111789
7738888887
7030070348
9769126256
9657088049
9322806650
9870270598
9000073676
9440166607
8341627695
7396050658
9966308382
9550083888
9440282992
8944255499
9440105447
9966229367
8108138000
9908882911
8985485421
9848198449
9849127732
8501010727
9393111886
9550064791
8106306606
7824812121
9849199779
9885603618
7045457770
8074797081
9291244874
9705917333
8069867570
9298355575
6281901080
9441920401
9390399793
8639471172
8639922925
9000951310
9963498652
9908333000
8919617664
8071264861
9390488898
9640648999
9553550477
8333000555
9866049933
9248017375
9177986981
8071326901
7780705750
8002587555
8801722428
9885448768
7780205660
8069865888
9246401807
8309150295
7337333342
7416411901
8666993058
8861096126
9392111995
9030321047
8666632123
9490884577
8885513619
9247894177
9873567620
9248192471
9392034900
9182563503
8662574798
6300455025
8074771531
9966032786
9676427241
9966822871
9652124433
9912714786
9704505678
7550055551
9393779988
8919900394
9848246429
8662491044
7735282131
9866224405
8662433395
9342967344
8712232323
9246497262
9542066789
7842116103
9985837387
9885347440
9440001775
9441051206
9632561008
9618858303
7799095321
8328345004
8071408350
8247479969
7386006066
9980689218
8982342346
8037002687
8634059223
9848286408
7569197439
8143843716
8790496562
8019887926
9393023736
9032255571
7799357327
9873546782
9963392372
9849123299
9121345123
8465061964
9963122526
8037002387
9133338691
9133338692
9948265234
7993184643
7095429977
9704770379
9440210910
9866437141
9642612143
9949643219
9000980887
9014909010
7338117138
9491827704
9959964648
9885836045
9167984737
6281711405
8612377666
9989980815
9014932336
9849096647
9281438587
9440283217
8977918118
8125464938
9916027378
8019190319
9912475116
9399911099
8247498760
9177368284
9912200000
9121014232
9676999711
7799234567
9700071345
8071639210
8125586098
9704824156
9949252444
9949945071
9701694139
9177628278
9963014388
7842418136
9381557508
7995467054
9032643637
9392929223
9703560177
8341346134
9100389588
7093344200
8886679171
8005997800
6305716311
8121046777
9873568560
9959900814
7093405887
9550038885
9000886595
9441684279
8978915344
9986499853
9441782272
8655610773
9700271446
9160160192
7942811882
9703195540
9985345391
8500250505
8071629665
9866283786
9885839505
9840346985
9959894725
9441206986
9440846513
8688668099
9985042889
8328493040
9393979794
7019398570
8143685353
9966221286
9160774777
7702062456
9573461270
8069867572
9440250863
9885228950
9619086037
9429692121
7569015511
7671868003
8772251677
9966771121
9866868853
8977716851
9966129199
8071639207
8885336488
9866243104
9246350543
9866604616
8985674728
8428045537
9618138625
8639437411
9133642272
9505445555
8885412654
9347519536
9550113499
9963626567
9398079379
8500318226
7981893136
9491929210
9000988012
8328169150
9848087109
8046333629
9866546118
6300065986
9440205326
8099822487
9848984598
9966000798
9963191769
9494412466
9948369057
7674903083
8309800600
9873498534
8885322283
7842415527
9949074312
9966916700
8341236954
9381467382
9849794317
9397888799
9849905294
8048740473
8071640074
8019992800
9347149457
8328577669
9912864888
8309645014
6281831149
8037002434
9100566503
9177731139
9247832426
8639508222
9553011305
9445888336
9705676561
9542103111
8886989992
7774948777
9700236387
6281168697
9167076203
9440047081
8096657572
8069866711
9848152177
8518241234
7981493529
9985208077
9849599517
7386126234
7799368546
8328620921
8074414734
8096751369
9494414989
9493660909
9493536996
9848768351
9948151548
9494403737
8037907640
9440383269
9663415366
9032638173
9490615039
6309797477
8500773434
8897887885
9550122759
9000159651
7995607080
8499901653
9885250915
9949379737
9873498481
9505600402
9293789489
9885898203
9949202441
8518259004
6304903878
9247795546
7995099582
9703122432
7730831722
9966852286
9030709768
9167984835
8008002792
8037002541
8341723230
9289062307
9491186637
9459451991
9550550060
9133403039
9014116724
9440014617
7995182555
7039001496
8944255403
6301050436
8886443866
8041017532
7997923262
8562251214
9246941444
9866693615
9494509890
9440564635
7416390066
9100080102
9246642333
7288999999
8071889798
8657568649
9493449392
9246634589
7680803368
9246624406
8886841999
9963866664
8885557678
9533393738
9052360516
9247871397
8639909690
8500504333
9866869296
8121555503
9550299953
9701810326
9642418070
8922270799
8944252244
9951832346
9652010423
8008937637
7416173449
7995122234
9912568200
9247269900
6302741855
9948118782
9701490190
8376888888
8328446681
9985338955
9885655635
9281020919
9177854868
8501007511
9666788501
9441894258
7036338999
8497979185
9491947792
9248017126
7070080883
9448216228
9642079903
8002103311
9440073709
9133551082
8247253669
6302709901
8884375559
9393814182
9052779781
9059624943
9700683678
9963222340
9603058345
8179271359
8562244456
8985798523
9618126552
8520028580
7411781318
9866351153
9494582202
9949101106
9652765766
9440383214
8562456260
9703261888
9949990277
6302386028
8037002315
9160960012
7842707544
8106962752
6301174565
8041017538
9963505108
8879934386
9885046589
7304053032
9121141021
9885925758
9493023038
7904812147
8554319747
7901311123
9550171714
7416462317
9849981825
9441072882
9440073448
9110368918
9704209591
9849540079
7013502295
7013258506
8099822001
9505600430
8555969615
7386665666
9885552457
9966449628
8885552888
9703368890
9440951999
7942844896
7989233768
9577566999
9133338976
9292252880
9949758743
9642424299
9989554567
9293953266
9848398483
9393333665
9298112244
9533667666
9291341333
9392113293
9346226884
8048982832
9440535848
9581108999
9848788399
8297551818
9182872153
9581223311
8803232323
9704051420
9247505570
9948611116
9052597366
9063857857
9346840209
9866026648
8247048766
9966004406
9339338339
7330859003
9014453708
7893846301
9052523360
9849555848
9502681629
8897163840
9014998262
9160691000
6300678826
8951642257
9700241009
9912711043
8605005555
8522037680
9494365558
9398784262
9121212121
9989872073
9949630620
9030265187
9441511122
9441444991
7732007739
9177304599
8071640571
6301158488
8712929919
8106811171
8554470382
6281290822
9866062139
9246666211
7702775499
8041017608
9030478802
8374567323
9885365634
7997667111
9505777297
9154777773
9640969701
8554312331
9908591140
8554221314
9989319069
9182782870
9493504399
7416295942
7729080222
9010048930
8500051811
9885185617
9160672762
9440216388
9849360925
9000085868
8978265777
9000664439
8291094468
9948403625
8074176733
8074870109
6302849387
9014507363
9295708960
9704642560
8048968282
7331124249
7842811325
7942762702
8836662291
9581207550
8639634996
9440532918
8044939699
9676716340
8886657985
9963126567
8044939690
9059444559
9966437927
9989707906
7411781317
8639811195
7598074707
8578222240
7989975299
8578222494
9848117262
9908758148
9848365993
9553751507
7286869666
7893871997
9985130979
9391450660
9848497964
9390336339
9703519828
9440593938
9169849999
9391364250
9849563496
9848392609
9704346123
9494046530
9701606471
9494229192
9493767680
9502759549
7093327534
7337555896
8099927877
7947479761
9014206868
9989816229
7702730242
9849029273
9908232129
8639498197
9666618459
9948533395
9392436480
8639044990
9550814224
9121179864
9246589252
9246464641
9360779999
9873573220
8977211242
9440363487
8499985152
7207202170
7075176974
8005995555
7993527535
9177145424
9391996060
8688603428
9121811233
9133004444
7285919381
9550240828
9966227622
8179653458
9885773633
9030985551
8247298018
9885747552
9493524718
9440352185
9392653750
8978812640
7730020387
9440255545
9032902468
8885645550
9949767383
8291093658
9440455087
9110715599
8686611666
9440936999
9553792299
9000162206
8019993450
7331122985
9000624429
9035054467
7330834446
9848535481
9989070554
8846667666
9441274374
8500121003
9030989690
8037907619
8071889672
9553469215
7396804004
8978380437
9951587060
9666968665
9025424477
9490853348
9936784588
9704021188
9885680280
8008663335
8019459855
8885401242
8121934811
9652545426
9494652523
9885444523
8612345444
8686764964
7306111133
8885805500
7780126778
9873560825
9000992991
9581117722
7382926465
9246466266
9848388175
9966637552
8842955295
9550455757
9676595999
8008877299
7207244404
7893961550
8500651117
9848848625
8500057116
9136935555
9398419494
9848802082
9391254958
9030281221
9640707387
9014908165
7093565754
9182779142
8044939684
8497933999
9985023838
8886222869
8505937171
6369706147
9030303111
8977441997
9440094362
9440447020
7601095976
7893904599
8367585797
9515342222
8612330462
9618222233
9848154861
7013848282
9704555177
8885588256
8639776677
8812235057
8612320645
9666373132
9491708833
9951333296
8688072281
8048740435
9700878092
9052206830
9845577591
8897201851
9951671969
9390598091
9440953794
9849493392
9908890513
9505129999
9849393848
7702443270
9381776416
9848473884
8179771242
6309666789
7416831816
8341733606
9848065131
7241122333
8367053765
7659015999
8806666888
9866644425
9652966144
9566271994
8656236789
8688425875
9701034803
9652405547
9848518532
8037016328
9848894899
9492340919
9885198001
8008577333
8812222468
9573760879
8812234977
9704779640
9848335659
9032660333
9397684691
7337441951
7989714518
8776679999
9290208344
9553316799
9959384684
8662570005
8071889801
7993661399
7207505370
9666066973
9392973265
8247745344
9848607110
8019244255
9989772558
9100455666
9966600050
8836662944
8812241848
9700414116
9704450408
9848536633
8885500669
9066373163
9505130953
9908466099
9490677131
9398311004
9533799933
9856525999
9393626989
9182894285
9966062884
7207267226
9133895969
9963670555
9493990837
8978192347
8143119677
9908379577
9553320446
7207733335
9177723335
9393769996
9441109327
8096903000
8885757155
7995678997
9908401192
9122721098
8919680708
9490003311
9989575290
9603999039
9701037176
7328912345
9989343866
6303077504
9848688593
9963172828
8686858126
9059329121
9167071738
9502212283
7036091744
9247681652
8367217327
7013609740
9494404318
8688782900
9908327126
8985691818
7893764524
8688194881
7981298221
8552250444
7942845837
7070569742
9133448419
9666692349
8886657987
9885582512
9866252014
9949107184
9248641777
7893160714
8985089224
8247514148
9731103515
8500362936
9700700909
9603155999
9666831220
7807702595
9985179917
9393600103
9177441933
9659625555
8019773771
6304165312
9989514282
9440511287
8885322888
9292157157
8130302708
9248389577
9666466795
8121434696
9121093621
8143999680
9948796579
7552658822
9989492409
8309107736
7602224449
9985558488
8071639209
9959460778
8518442525
9848599242
7416162763
9030406787
8074933765
7382289902
9951133784
9849350328
6303683142
7330722338
8333848666
9182045083
9581378999
8790768865
7013819342
8106724151
9873570193
8552200421
9533371797
9948381517
8247572758
9441005963
9440813381
6304051793
8897945452
9000670746
8590076831
8495252029
9491118786
9000954108
9491460606
9885332911
9160033309
9912121290
8121288008
9490348969
9885307787
8506063948
8885665780
7659927777
8048740441
9885812827
8686083408
7075425750
9059465655
9121634576
9391510414
9440569106
9160829786
8886657991
7569680826
8037394929
8037002469
7337338251
9246596777
9505004844
9182351795
9790331299
9000372695
8500140841
9740737943
8897708567
9154793851
9440729131
6300968941
9597835978
8048740464
8015898780
9154540792
8812251227
8008200620
9111442294
7204667968
9032949939
8071639216
9866965385
7013373600
9866944516
9948152365
9550500999
9966875037
9908869896
9848377522
9652395356
6300273806
7386045091
9010708064
8885757199
7993062971
8886663002
7569944444
9515355831
9000422205
9000222312
8309146032
9014330381
9347314037
9704414300
8125343499
9599819940
8790208608
8071889667
9848012326
9908819442
9959989891
9052552023
9952352985
9247277353
9606979366
9885091189
9642490425
9490033067
9573686633
8985336905
9281477765
8074669618
6301113940
9290028915
7382237855
9110734815
9063387665
9618492630
9989033822
8106298563
7680841444
6302625835
9490345399
9581977999
8048740439
7702499666
9248886789
9441800687
8008340800
9052026999
9666167495
9490706666
7013530004
8816235314
9866536225
9052332555
9959345624
9989394981
9441323760
6281207934
8929293017
7989134235
9391392872
9440312562
9000934897
9000999740
8106606551
9959112400
9010509747
9963095103
9866937169
9849979140
8500764058
8686393619
8333899696
9885073717
7799768855
9701944279
8048740461
8816234511
9440183836
7288877300
9701461152
8019457468
9888422245
9676664177
6363459473
8374890057
9944878985
8309045672
8686120023
9492621961
7207067026
9701554245
8041017551
9440017711
9652330777
9676478710
8500900119
8088553031
9966691011
9924577556
6309554319
9440188135
7702997929
9848218760
9347812380
9705722858
8977702611
9441723977
8578220330
6300804190
9797976333
7799787474
9441616189
8328020155
9133059659
9885418899
9646856666
8639012555
8142565113
9398145057
9849995302
9533221135
9492491919
8048740477
9949164777
9700650603
8801555549
8106488683
9963356777
6303332380
9705556669
7039001492
9866143194
7386890121
9849520278
9885113599
7989211216
9154824543
8143240751
7013748688
8985916999
8879896089
8688953118
6303908889
9618316776
9989598989
9912908405
9849131146
9246651499
9440550230
9440793339
9553093399
8897240055
9700615003
8143500779
8978315222
9581561309
9032367951
8008945278
9985551697
8008332233
8879654556
9515250201
9848274128
8099480995
9390611285
9440177618
9885348743
8790759727
9849822423
9912679767
9701332707
9640012828
9603752777
8008159333
9133877777
9550033111
8688312772
6300421102
8220035985
9182754598
8886760888
9490767804
9110791343
8099423456
9111408111
9848350671
9247400253
7845593985
9177959585
9948553326
9652525353
9059745600
7032412479
9642113333
9010855614
6302336167
9491850018
8047027148
9346866608
9160177888
9390247084
9440193810
9848075759
9032195959
9666136683
9704788061
9121192999
9440674755
7386762887
8500066550
7708414857
8046512443
7013928737
9849639697
9492524164
9299999564
9246845554
8977768131
9849156644
8842362341
8657568516
9440677896
9642440652
9550732628
8977760871
9848302444
9618049444
8367478131
9948925267
9848160445
8008577338
8922232653
9100027741
9912917877
8922222916
8842302266
9490544693
9553389090
6303958078
7075552666
9010236226
8374493331
9581095590
9291233360
9640550964
9397032686
9063840667
9246675588
9848986703
8047027179
9440620575
8041017577
9866176556
9396969998
9494086655
8500577733
7416450555
9615211234
9513445580
8922272676
7305040985
8099734567
9703792889
8662436344
8037002778
9705870707
9856123777
7601084532
9100759100
9848965645
9705036803
9010738234
8885615181
9948151912
9888827222
9989258333
9849913992
9248199999
6366529614
7411781304
7680909714
9885512932
9912226111
9618667474
8071639360
9949598018
9553541477
9959833129
8328252243
9912633667
8071326931
9030494999
9989360688
9397079677
8071639211
9703696752
9885077362
9866867082
9494848114
7981675947
9963425888
7328956446
9392045302
9281029460
7661087976
7842699516
9441388225
9655998135
8001025438
9000360640
9030414041
7989316123
9848289440
9848019964
9966737657
7093927490
9731141435
8037907618
8071326936
9866305508
9700359143
9640002843
9440725820
9014757944
9440440399
8374698794
9951407077
8767841591
9666606768
7702162513
9666051717
9703572828
9010161777
9392055567
9666955774
9959911117
9949711118
8333855337
8008222666
7411781306
8816223878
7032998299
7947497068
9704457148
8465033904
8818244399
9603577777
9848633356
9985357952
9505077825
9701201734
8879558331
8978932886
8037907617
9381446014
9652560049
9849198969
8037016696
8639816981
9553399523
8886758456
7382352666
7330836895
8297272369
7396129644
9133756808
8309695575
9000824066
9393979776
9032326167
9581693353
7993117767
8309019198
8143753787
9490322710
8071729854
9347548671
9347471547
8251825179
7780776788
9676395331
8643450515
7330701116
9550057096
8602331234
9885539355
9121318989
9440856312
8333924937
9542455552
9963706382
8985343593
9949455705
9966322000
6281101486
8978478474
9989873783
9290523234
9603633359
8688879267
9866025061
8885366606
9951505854
9505099881
9395366811
9866041388
8341082943
8297551898
9182023295
9182554967
9966724316
9059209171
9346800524
9440930949
9618138383
8592233995
9000878808
9885247800
6303173892
8340821777
8688328102
9441326697
8106666295
9885366766
7981186390
9381249069
7893443204
8985113766
9912690226
9347966765
9885955858
6302679858
7815967016
9704570045
9494582434
9949419823
9491860614
9493194119
9490810760
9052215855
9848586242
8374009550
9701719596
7382069427
8559222613
9493757552
9742993339
9440984143
9014362298
8074952744
6366952275
9949375590
8374390072
8125922009
9704936508
9866104972
9618889486
9515300345
8572227629
7330878301
8919224640
9640139027
9491434488
9985528063
8074459269
9742292427
9966654555
8125498396
7995410806
8819223277
9052913157
9949796300
8885776707
9849251001
9346866899
9666899023
8814222560
8814224146
9440532123
9059141814
8978321582
9949807073
9652448229
9703966047
9441870554
9000082876
7013610371
9652049929
9849330112
9640269355
9618923772
9381388933
9908511375
9885214306
9394211212
9600253985
7989301636
9000410010
7075663333
9885441319
9299995262
9618363347
9502220225
7039002884
7013204964
8674293467
7702893460
9573374412
9581861451
9014793999
7396021413
9703830515
9248017368
9346993739
8037518672
7075490539
9440369214
9849532661
9515769973
8044939703
9676119432
8672223778
8672225567
9110733948
9059668832
8121928775
8667321145
9701194585
9133617424
9032238487
9246464612
9010362836
7842305444
7729962346
9703184183
9949896938
8790636439
9640888999
8886428888
9646191111
9989917996
7013417139
9849391704
7396963753
9246936378
9247234364
9985321513
9440948383
9989372797
8624221515
9118001601
8367762563
8977175787
9100320329
9133828285
9363425147
9701859735
9392179121
9550845677
8247205257
9908989123
9000747886
9492962777
9494944947
9959017344
9494663307
8497940889
9885327453
9579799844
9705903186
7671899325
9010055097
8328657414
8179846276
8185832245
9440786593
7981494981
9440322695
9966021407
9640996511
8688912356
8790018483
9703642520
7799888117
9100166665
8520888320
9652507074
9381259534
9553451720
9848675156
9490143214
7039002041
9948677338
9949307073
9142143777
9963177489
9600310985
9167042590
8819222889
9949992237
8106607348
9398561757
9885541120
8333830999
9985023900
8947231084
9502703218
7396718004
6300630210
9182828321
9701434153
7989542620
8143391443
9849081881
9908363651
9502252209
8919716836
6377036979
7200786985
8071889804
8341617220
9894574539
9347918538
9676758288
9949995378
9182756994
7780596855
9959225681
7659871177
9381250230
9866135112
8647223032
9739454877
9703658888
8897651007
9553318786
7396479275
9573180272
7997777078
8125262167
9618669212
9573573517
9390500175
8885229127
6302255655
8121555123
9494243113
8044939695
8010161016
8963221555
9550797747
9966446481
8686668020
9948438828
8816224690
9866717243
8247548707
9177334297
9110768775
8552226060
9866495368
9985560848
9059602055
9948064325
9701356694
9247829946
9652876555
9118979118
7416348124
9032910075
8639011341
9652693122
8121490507
9848596900
9502986879
9492468314
7386230283
8106747488
8608933333
9908718454
6301125328
8978699883
8071655459
9849862852
7039003284
8008891049
9148063856
7493901222
8897698255
8037518315
9290045366
9966594717
8712183828
8143161837
7331113075
9959225646
9492816375
9542947456
9666566846
9505000867
7348842595
9246456400
7702525357
9505047927
7075557143
9885595973
8512255474
8886713739
9440320558
9398342107
9885262888
9849411416
8626250955
9866970966
8074083545
9542649480
8556796139
9384042985
6382531147
8556356526
9440622008
9858880999
7947479814
8498801805
9505620301
8333909192
9505316689
9440224521
7702267242
9440514177
9398218382
8639915889
7893483733
8886661398
9032202028
9000314631
9553023220
9886851517
9959954280
6302414917
9218169238
8919936050
9866572070
7780229292
9440937760
9542316164
8247827673
7989655074
9705143926
8355891286
9581432456
8556228211
7993551562
9142525444
9989814400
9849685165
9959018835
9849658999
9676005009
9959326999
9848084890
8067510312
9885867426
9908535303
8247561319
7386161094
9989301085
9014525451
9440221810
8071889933
9440392760
9966805825
9948020830
8309888153
8978067025
7893092057
9052836262
8074931299
9441412796
9908599850
7845559985
9000055109
9440243730
9705822111
9848780890
6309493068
7382226096
9989929419
7995346477
9492806125
9848666385
8179028582
8328196137
9966587402
9606533976
8074566326
8185994662
6309161663
9963389760
9550083266
9010779595
8922228730
7942553159
9985272079
7396980626
9985054939
8564258588
9966241431
8977111723
9959588647
7013082026
8688370173
9030431599
9701800600
8985748946
9398628722
9524242090
7013345167
8571222303
9885946459
8904203351
9704862977
8571222677
9538565603
9849022963
8106486700
9620220706
8071640357
9247883179
9490976181
8143117108
9700927660
9482803070
7207263612
9550585823
7981879267
9440062220
8688060337
8571226005
9652334474
9491984106
9100190021
9908913347
8041017562
8041017563
9063407023
9247292665
9492289238
9951544861
8883622888
9972893335
8282824138
7993242003
8801066512
8071629553
9701213342
9052656699
9441241146
8125555912
9063733386
9440725575
9966462550
9848450226
8142062091
8247200325
8688988283
8977920953
9059595209
9966969997
9091244244
9398116652
9866147342
9912263751
9399388199
8886391222
9440226610
8885500446
8564458697
7893887729
9866959910
9980147668
9515195339
9396966007
9390722465
9652879608
9951539501
9052522448
9000996116
9052166700
8512231129
8512222123
9346202610
9885875385
8341081284
9624512525
9010866928
9577957723
8041017610
7013377500
9772093035
9951703469
9700441458
9676016667
9866481670
9676237683
9642422192
7799088003
7981857999
9908155573
7090801909
9440219680
7013638096
9849256724
8309505114
9959120471
7382777098
9247008884
8330910212
8643220564
9182707630
8907978888
8041017554
9533310817
7674960828
9493476563
9505663880
9866711368
7386942431
8712126853
9347080100
9849586844
9533952026
8686633333
9989097747
7418849737
9912324533
9603810838
8328046081
8667528147
8555949187
9849189416
9989672035
9849206059
9705303355
9959618052
9849752607
8686406775
7032379946
9700040143
7013667470
7732024776
9885841233
7036043221
9089123123
9963111385
8886657992
8800119365
9705000555
8778963822
9963877778
9848188802
8819224553
9848611502
9848352518
9701264228
8985338028
9666688805
9398534050
9966745574
7306006460
8309024760
9052861888
9440251581
9248017335
9959849384
8870303252
7075732868
9959225647
9705443324
9666505384
9052129887
9502880954
9347039421
9133309210
9949761356
9059056228
9866781218
8919719159
9491394222
9866444787
9642527512
9642326742
7207760921
7942813713
7942845842
8008685531
7780755903
9440361900
8512293131
7013033190
9703482123
9866940551
9440223101
9490540094
9440764284
9182385123
7337557446
8125292821
8019336049
9849581931
7801034577
8712786967
9959428186
9949898008
7569225301
9247217171
7032610432
9848180250
9573765765
9030533371
9640915593
7013070030
8186073359
9490602828
9550966990
9989585622
7396827447
7989416663
9010226161
7981983850
8514241916
9391810811
9848558739
9866557494
9989451388
9182354588
9182360301
7075935657
9490046388
8978819835
9063507777
8816238319
9985632101
8074844118
9154500080
9908611991
9392099836
8816233779
9704928230
9885778884
9440231484
8596222444
8048740433
9346683957
9392553149
9513445079
9010085075
6305960582
7270004222
7013624943
8816257333
9440920818
9346993714
7678007943
9581868186
9866692771
9440444509
8341342545
9100513777
9866887271
9866795505
7039001986
8816233822
9640044777
8578200333
8045950120
8897240687
8885666418
7799898869
8074458223
8886957572
8062913286
9985757057
9133222116
9542563661
9030919111
9346954724
9030044668
9849328888
9963044483
8814220052
9666447331
9848146793
9490778565
8041017595
8816295777
8919618578
8816239901
7989783773
7204890300
9494345468
9959877577
7981436563
9515126673
7013507361
9000819498
8854255823
9121877622
7989002400
9063664333
9059957033
7942954007
9440993469
8179596398
9505686253
9700866823
7660943077
9440740559
7671836769
7815960768
8333877792
9848139042
9866024924
9133828470
9440208960
8185965727
8185857685
8030691000
9966988518
9985011620
9741163838
9032355339
9346856118
7799465657
9502277519
9440423368
9550393231
9989350777
9666875786
9177566525
8674244544
9346914485
8143144555
9246776889
9848956585
9052533345
9118001234
7093603086
9299999877
8790949991
7799537070
8885119971
9010015400
8885232552
9849123070
9492814545
8814220444
8004254141
9440467729
8096298935
7599999990
8309846581
9966926260
9866027873
6281150577
9398898170
9989112434
9849864844
9704961028
9391133716
9966537437
9490175942
9346515155
7777875577
8309278206
9533351607
7288999567
7989943393
9030252905
9701044026
8801888704
9848047201
9246783700
9989232259
9652954295
9848412067
7842138140
9848045325
7981075683
9848478011
9966226564
9441151188
9652896967
9849259276
9951323031
7396647111
9640252025
9676300111
9966753468
9177232224
9492874646
9849254708
8309246789
7993894938
7337481818
9866664755
8019469452
8925593985
9888677775
9985666459
8885108501
8919165829
8309182156
9848112879
7217797548
7207201819
9908554066
9502095007
9347226265
6303244789
7997993407
8037014087
9849287798
9666061397
9010470667
7207282828
8886832030
9885021403
9355010316
9966400020
8885822280
8885562333
7337408241
6303737288
9440745001
9502528121
9440216901
8870664851
9392546044
9866826900
9951499510
9700535555
8895418852
8374412001
9866791078
7032501666
8945241094
9669578999
9494741463
7013841990
7075176485
9492792792
9177783944
9182248509
9848434443
9666867796
9154682715
9459924444
8002581800
9440740837
7382283370
7680810239
8978117380
8008575292
9849894220
9963225338
8143361885
9319371038
9030723200
9177243299
8688313641
7330811320
6305701665
9666311663
8500569099
7569019916
9676746753
8886553017
9347073935
9848223913
9000314933
9290100149
9701288229
8505866422
8041017550
7893534260
9666566650
8297549555
9951134622
9848123669
9393184487
9705770255
8074989146
8814228586
9949229336
9849625143
7337338059
7207027000
8341137716
9247452865
9160273633
9912931250
7200227985
8879194803
8071264836
8187003525
7729071038
8647256832
9703114507
7207353493
9492279422
9440984984
9989777662
9000575938
9177113052
7013443395
8977647009
9296108665
9700607143
9346441976
8121813140
9849627791
7032699328
9290439927
9397876970
7288991599
9849052930
9704475316
8121904562
8008878038
9441117278
9989758486
8500890225
9603156754
9640368191
9160915366
9849424218
7337555902
9505226123
8978737873
8074708162
8328182690
7032313546
9885780809
9010157999
9676314940
9553703737
9985052659
9849263883
8814210444
8814222221
8947231425
9866128363
9642881418
8885111789
8041017605
9966802709
8096181205
9494085959
9502254822
8143199406
7799889333
9291339133
8142244255
7396132748
7337555237
9908957143
7794993530
8041017596
9493212655
9100991708
9866347483
7093907762
9110399437
9989993055
7942845880
8010622622
8090905900
9493137318
9666517507
9966611337
7671035679
9494405688
9014700637
8068935614
9989379777
9736919191
8297079555
8019121297
8977575977
9010274460
9866457041
9247708799
7995659999
8626241144
7036155488
9573386005
9247125746
9985608857
6302832726
9966682677
9492772772
8008029399
9581116558
8855232084
6380754841
9848480679
9177194589
9491212222
9100656371
9989215656
9000033143
7799973338
8885694930
8929333993
9492143663
9440457488
7673941507
8855232078
9951012456
9703403085
9848893851
9398704213
7989798294
9949193534
8044926540
9014085611
9856867777
9666511470
9885783717
8674249691
9849289845
7396171888
8985627284
9966190455
9959036366
9000666419
9494626418
8432781111
9849922348
9959584489
8008575303
9985266439
8074898417
9949940027
9885953733
9100518810
8317619026
8062915980
8571226493
7411781298
8297439872
9676233445
8885588736
7799382857
9951458705
8341907274
9666629866
8555980391
9550913955
9866224247
9515045799
9959225740
9440181728
7207424701
9494943366
9440237141
8885012548
9515557999
9912131175
9550424865
7995111136
8008577366
8044928258
8044926203
9705613275
9440457749
9440999088
9705506355
8008577030
9480331345
9133885433
8317602465
8341924145
9177267450
9000878588
9985148616
9502774315
9150175985
9440249087
8041295616
9431333999
8071326890
7013364594
8019300611
7674985356
9885258585
9398234647
9966628888
8812237664
8812220550
8499966490
9849546805
9441332999
9949749744
8855232180
9985689999
9849812177
9059050175
9949565275
7997747999
8688888843
9490839105
9100042430
9703713758
8500222480
8977484847
9440919276
9966977879
8333855550
9959596391
7036512365
9848128498
9581477944
9959517774
8008590559
9133210563
9885133663
9866155645
9959111936
9177416037
8886149777
9154912446
9290578781
9490202008
9955524433
9491508001
7875213794
9440736689
9652793529
9291112237
9966031000
9505000916
7661929353
7780751363
9000858915
9030530933
9550507517
9980766014
9553061872
9787630216
9989759516
9440281877
8977538936
9573621690
9705006699
8512228248
8004107711
8814222567
7995231113
8328275779
9603333339
9849267559
9989429662
8985938654
9000410075
9885622563
8945243288
8712375131
9110343543
9182766448
7981832783
8106090807
8945294469
9573320921
9030473526
9440556725
9160201110
9743424588
8945241111
6382546147
6281530233
9440829644
9959706978
9246299930
7416341615
9290813666
9381663926
8903186783
7386517704
9666432375
7207955655
9326719291
9290527835
9052221002
9848064567
9100034433
8121906301
9581435362
8919366322
9966537207
9603432766
9848182086
7299667892
9989855342
9550612526
9010208571
8978853330
9701707087
7799009925
9963623988
8125552129
9700508030
9985299123
9949619305
8555077491
8069248288
8978585787
8019808294
9542092555
7095123892
8499874630
6281610669
9347330267
7306060240
9491981236
9030131342
9989425028
9885209795
7780316465
8555083499
7601054075
9849847517
8247434545
7997041832
7032164353
9010547597
8886272999
9704949199
8500850373
9963180069
9866026306
9246433363
8919295778
7702875958
9133177316
9959944464
8558224883
9705790579
9030553072
9989492741
9247464371
9885381306
8309214447
9885275722
9700335675
9290003410
9490644018
9585063602
9703293003
7893498808
9393665656
9032445186
6302101505
9849574660
9063677277
7672096861
8712357999
9052617192
9347314007
9949814812
9000714376
8374649811
7799413274
9666004143
9866155909
8641234589
7386699058
7899903514
9666388854
8712172375
8185883377
8374324948
9000628275
9963869652
7674919986
9949646757
9581142315
9949014446
9703839370
8008840982
9581956898
8988878681
9849519952
9346185251
9948899227
7780353541
9299951234
9989898089
8885782551
9441361168
9908805333
8919253015
6281906647
9642108849
9440949316
8185062434
8919022245
9866022774
9063163555
9949610502
9701896780
9885600280
8625256092
9160753202
7659959533
8985678493
9951181367
9640735732
7801019492
9246617816
9848678831
9032871954
9989508850
9032437100
9398176499
9885883108
9985980451
9948163007
9866022212
6303362759
9182908187
8648226226
6281093803
9010727793
9133712019
8555976776
9849652502
8686703060
9247760017
6126727980
9182720815
9490780081
9014116070
9581052989
9704490160
9949097049
9505154650
9347566388
9963817089
9014723980
9390320779
9985388651
9000668833
9246670187
9866852285
9966881293
7411781300
9100688595
7893916009
9640116138
7358465199
8886077683
9701116029
8099281872
9885885393
9010086189
7382971128
9014349307
9160997383
9160915473
9397199599
7013894730
9705287004
9440740293
9441983476
9908206477
9440244453
9849226929
9440776228
9347739300
8099354700
9703302126
8512250705
9294009007
7013240359
7901404999
9014278088
7330673933
9908010614
9110516353
9182430789
8465033350
8071408352
9290045157
9963813631
9642723753
7337771311
8886546446
9100510101
9133858042
9989028685
9177470404
9989980097
7288961135
8367716948
9985111811
9299257975
8662572286
8044939685
9524777779
9121055696
7306991999
8125368313
9959699988
8186859565
9955336623
9515063344
9553488008
7207755382
9502324013
9966332319
8309033293
6361869206
9000656514
7386974794
9866582013
8500706364
9985243774
9391427748
9640403040
8297927777
9568666888
8818229224
9030278393
9666644404
9392996700
9052059171
9603565222
9966067765
8340889417
9494555447
8818221381
9440146559
8121252047
9246477666
8818221680
9848087600
9110515051
7981230440
9030200445
9440474678
9966946777
8121463074
8818224008
9493555253
9100510016
9666566662
9885970273
8044939687
9502438444
9849492726
9848382088
9441906786
8942228699
7075732018
9513184489
9133266251
9786589147
8886657980
8942227785
9963891485
9440319600
9247127639
9154815184
9948024522
9849553774
9059793834
9246679184
8374945079
8885801416
9703522111
9848193765
9000573434
9949634902
7569391151
8897678788
9347738778
6300565814
8641232827
9581373939
9885404349
9618199259
9490402103
9494769091
8814228930
9122577777
7989264025
8037762169
8814224710
9948599546
9676608284
8977552424
9182837690
9866369165
9082714158
9966676231
8559221966
9391733603
8143722201
7382050777
7901550099
9000450300
8596222009
6301851911
9391417596
9948881831
8050560432
8674240070
9441849142
9398226611
8019391006
9121149449
9032636174
9985239590
8499902277
9177010203
8519904584
8463993222
9440921318
7995105226
9440688252
9044337799
8855231993
9032290433
9848085277
9666155566
8374317432
9121069561
9347023002
9490479723
9959679790
6309153641
8500006311
8367365158
8500234580
9059023089
9441022880
9490381943
8978822467
9347736379
9577433888
8645232377
9390567131
8186003132
9700670090
8184849292
9440374982
8818225433
8919052496
8976018798
8333984333
9849047847
9000097275
8309105117
8501082486
9505650873
9866304703
8096498958
9381277745
9177444644
8374142652
9701413832
9948146556
9848097603
9985802043
9989244887
8309155130
9069000444
7989739278
9866180980
8500354107
9741140141
9108410651
8505867671
9985648143
9493949870
9440823880
9441652959
8571220977
9704534048
9642889385
7901230678
9440527339
9581009209
9618316647
9032193112
9666222783
9849135850
7997756254
9989074189
9652477927
9440255328
6300950445
9490391553
9182305419
9440583150
8596223400
9347024735
9849378718
8071629435
9247864434
9866824365
8571220345
9052112455
6300584689
8571225559
8571222166
7975708181
7382406555
9515918024
9440002808
8074151465
7675931149
9492076119
9949571969
8688696869
6305520814
8309563946
9440506923
7989192355
8519880665
7382626005
9951119757
9848983777
9492449945
9703430201
8044939708
8886657981
8247095080
9550562785
9392537030
8069866718
9866557669
8922295666
7013546572
9951450906
9441041630
9873586845
9676843857
8169161916
9963202681
9490972205
8922459895
7977764519
8520046595
9666674573
7997231999
9010095918
9247632468
9492929648
9440632604
9705408810
9959947888
7093293541
8074184416
7676226339
8885039390
7288872148
9246915044
9920874776
9247820468
9700459901
9885838846
9440325176
9704253634
9440205114
9866198885
8814223405
9949127729
8328421351
9885550885
8712363799
7013230066
8596222022
9985084847
9703113818
8885653533
9866506623
9440328796
9856778899
7396463143
9440188956
9666669199
9849535450
8919898123
8886668366
8328606971
8639763551
8044939696
8247024899
9650336390
8712274966
9505512888
7729966997
8856230763
9133277288
8143164805
9511527811
9885454561
8639508008
9701500940
9493232154
9100022273
8645231444
9290792509
9652554429
9700890020
8341270217
9709702709
8552221022
9640564081
8008440344
8814224100
9577911119
8143445646
9014050759
6303082996
9059913930
7997007002
9441442299
9866159939
9087493147
9133246116
9493695656
9030421887
9032077277
9299555565
9966130011
6303522414
9000335200
9840810886
8001025093
8130907705
9581422848
9391417497
7842562621
9703179879
9838089057
9849459555
8790373006
9908081555
7989429557
9160121918
9030802223
7731982866
8341636568
9989325585
9667274275
9849933903
7997229951
8341573206
8328685254
9573786740
9642755383
9059592929
9977661189
8037303628
9966895678
9900007645
9030743663
7396241316
8643226004
9761089999
9160090770
9240083061
7396623999
9522866999
8674242712
9160439996
9719429999
9174292222
9859808808
9392707971
7981480124
7989730488
8674248748
8666627567
9440111961
9618000379
9505060600
9989927786
9966432166
9951734688
9849821851
9493626370
9963889366
9989732100
9391417567
9949915177
8886628889
8897761040
8801939393
9985670888
9346285786
9848680320
9346969007
9849583974
7207270707
8647255098
9818866824
8008335848
9848102041
9440704095
9299108149
9573144531
8919637676
6304414493
9676343343
7780126122
8688818778
8001033445
9640451725
7675937629
9581673781
7396666868
9703762070
9704244489
8523838815
8919589987
8852241503
9949848338
9704848555
9908426334
9493779381
9502794870
8985100260
9963804488
7382070905
8647252960
9848360310
9885004615
7386267878
9059674992
7993326036
9000780416
7981427868
7947479836
9246444644
9449220091
9866873484
7207650499
6300414956
9573657794
9030374040
9848934422
9397108109
9000532924
9959002667
7989469231
8008112202
9052751666
9652731188
9000864038
9505150999
9052104222
7396358419
9963527758
9966178046
9989719043
8466933334
8332005053
7989472475
9133709571
9866710592
8500007377
9948514166
9603409925
8142042543
8041017534
7032877888
9059888088
7995180555
7660085974
7337338003
9514844123
8247056973
9052919088
7036828939
9008159457
8367457529
7942876846
9440373818
9966853656
9849107105
9916994546
9440076626
8019267026
9849664730
9441120170
9032433684
9553774288
9642296524
8571230988
8074241622
6302060460
9849556689
9398203986
7702337759
9032695550
9281014162
6301789825
8885344430
9848122738
9440796227
9059593956
8333830510
9949252012
9948253710
9440983668
8143199399
9848115162
9491115642
9346934619
7702981199
9849568810
9848121786
9866842671
7993402158
8331813450
8287515525
8519999123
9248022575
9959169895
9573636802
8309662249
9032845040
8886665595
9866725374
9000033709
9440276246
9000945008
8179661663
8790965544
9642509307
9110529931
7981198608
9010815646
9391577183
8647253253
9866826296
9908052210
6305902293
6305605748
8037221182
9160779030
6302413587
9177149549
9441563131
9281435996
8044939691
6301305779
9885141188
6309026484
9346873733
9848587664
9642424666
9849431965
7386248331
9393693938
8451999506
8632226100
9989620007
7842221777
9153182222
9966749532
9848116609
9908108413
9494310513
9885161591
7947479831
9885677659
9246456206
9700333363
9393020555
7093442777
7075077228
8309051412
7780755863
9290094078
9030212529
9989348737
6300961507
9010196493
9348566566
9885858033
9010501045
8074288676
9492174111
9666447007
8520055666
7386664014
9652337686
9246061124
8639045732
9959011038
7997466477
7331132203
9700872277
8643221066
9666016319
9440203036
8121223133
9550177746
8420499352
9440494746
9949897944
8885667070
8674248087
9533333457
9849276950
9966367057
6746172518
9705771444
8374242902
9573084684
7023778899
7942762703
8071889670
8500008888
9347101077
9000412227
8939469894
9160303070
9000516971
9849521430
7337331103
9885315436
9030985034
9866044596
7330904500
8885018954
9299994335
8558226789
8558225648
9492203247
9290573210
9949746237
6300249350
7780137441
9032115364
6301592627
9392160489
9989957540
9966040920
9888598789
9381581773
7942876852
9182858612
9493947865
9908738186
9603072201
9000868587
8074346181
9700636666
8071264593
9550469143
9866148909
8639836658
8801048564
8142144443
9642377888
9502141753
9293500525
9949395447
9494415449
8886424103
8088215447
9966300999
8099948885
8924225779
8235383838
9030685866
9985607427
9642799123
9491117622
8328557855
8340941491
8466905301
9440087517
9381667885
9390510107
8071326722
8505926464
9704708118
9948404606
9901766148
8178024094
7093265426
9490046636
8106716359
7997044520
9441104782
9110709138
7207307551
7013078009
9392295146
9491330504
8639394142
9492535939
9993398008
9866932499
8071326963
8688778749
9989456016
6309941512
9052516131
9493044031
7382926413
9393632666
9866441154
8121517773
7995969549
9989254444
9849193346
8121851551
8434843484
8501810137
9700047286
7671022399
9014486131
8019244114
7386146375
8500009671
9949123873
9966111468
8552295065
8309037115
9000034330
9302992983
8333019875
9177981496
9182480516
7993794949
9533441239
8552222410
7386939330
9848647057
7013746055
6303929276
8855232242
9494948322
9553324445
9390501981
9703682825
9951776571
9963515513
8919709487
9893844833
7095577773
9700137269
7989504914
9014263474
9490404841
7799892967
9030437031
8552223399
8374973491
9866228857
9949621123
9848616444
9848098700
9949627099
9573190459
9014652079
7997017851
9441302626
9441708394
9441230855
9395375456
7676600900
9550079708
8143353636
7702213569
9959452578
8497904704
8885020455
9441020301
8500177795
7680066655
9849786856
6303052219
9440554284
8121391214
8247257103
9849093817
8142208449
9177937021
9030998853
9440471524
7842206166
9866088986
9701417694
9949844635
8106531868
8073415226
9885926585
8121732666
9393828212
8142651212
8186883226
9492291980
9441794887
9966998762
9492241300
8374749996
9000054541
9908308390
8978272620
9959225657
9754222999
7013103704
8885333224
9502095960
7893541889
7942762698
8639263456
9966623898
8309571815
7337555913
9849555933
9440272557
8855333666
9182363638
9849653882
7799771021
9985019777
9000848676
9030098809
9885899911
9032242575
9010381456
9652271395
9030389669
9347074141
9299995455
7678522754
9848213367
9959092819
9491464824
9160097816
8463921075
6302877252
9133607494
9347872549
9441409642
9676893091
9972252278
8044939698
9440711299
9985188624
7780680585
9908387887
9951069431
9963052989
8978593837
9963039949
9849293595
9440622009
9652223368
7997750760
9985114466
9663461666
9000045020
9849140204
7022219966
7396141712
9886545199
8328088568
9492021739
9989337708
9550128296
7702513986
9963333123
9966997525
9440287414
9494817143
8004198518
7702681119
7207924365
9885649983
9963067390
9849507076
8816233273
9959496860
7032127025
9885172015
9346740314
7337338268
7989279762
9392078995
8639990153
9966261664
9959125533
9502071384
6301722286
6305883357
9346178922
9491672279
8647253584
8571220916
6301214419
9396895232
8309532666
8048740434
9885052825
8121764313
9866956222
9606979363
9004223740
9491855639
8142313143
9491532304
9701162333
9642866448
9912605461
9849214331
8832464219
7780334993
9030783178
8686112127
9290442725
9948233336
9866490389
9848112196
8919497474
9247862127
8639473098
9948839679
9849171385
9573669828
9490906666
9848164070
9493362598
6304934504
9392408999
8897827610
9885478603
9398535309
9390922028
8885384638
9063470294
8555044255
9000646400
9845773880
9966761195
9603907208
9848155516
8071264913
8832426155
9133135477
7989032856
9966202073
7995595355
9959817018
9030551110
9247741677
9030596508
8832475909
9347498817
6281627779
7661808835
9030050034
9989872931
8374671525
9701019193
9989695993
8892897777
9248766991
9848973007
8712016888
9885476271
9100393678
9908158561
9492336091
9866326565
8886665264
9697719999
9885539987
9160730202
9703258999
9490715891
8886201487
9603241111
8820782828
9966231461
8842344123
9441124815
9573771736
8890699477
7942762693
8099936664
9093868686
7013067584
8842361806
9054898889
9666228380
9993999865
9912698895
8247525458
8688604758
9848239001
9848022373
6305845452
8332939399
8977164744
8046512441
9603499504
9070702005
9542517425
7675878638
9347894174
9182983749
9642432423
8924223105
8074277024
7036190873
9440675258
9701424209
7842234444
9885061610
8247772756
7416500559
9959992373
9010516966
9010490375
9704264463
9666670493
9248094929
9908950020
8500182020
9381241625
9052588333
9494074740
9154334420
8645450725
9246666246
9010020281
9618661066
6301854354
8466099883
9705668866
7799918628
8309043462
6302275804
9030806185
7800174001
7730913713
9948588999
9494692044
9948618587
9381549995
8045952007
9666681786
7087659321
8790001041
9848377711
8143238979
7386944444
8121335482
9985775501
9542445972
9000770330
9963269997
8143653777
9014474455
9704393061
9988747778
9553345491
8856231100
7732000120
8019777178
9502874839
9290131327
9666404499
7411781297
9010405314
9848104915
6305732889
9494147104
9989985336
9603888055
9014488777
9440664929
7842591009
9494012348
9394041267
9618321672
9666287101
9440111667
7416398464
9642327234
6305846854
9441834447
9182822481
9000090800
8963221425
9063320388
7799771136
9515404080
8886635749
9491675598
9441039614
8309434571
8008443888
8008833999
9441745003
9885778188
9966126653
9000271948
8814275853
9493562798
9849243383
9963585115
9346675912
8095911211
8885550607
9542222732
9949722602
7207447830
7997211920
8688447830
9963207873
9052448844
7989939212
9246462940
9885982762
8620990999
9160100143
9246666457
9030208820
9908003555
9490983299
8374512333
9866747476
8309545353
9866578188
9704728042
8008007879
9502131252
6281369722
8819351615
7799011116
9398804412
8572245700
9441152276
9133302999
9494827787
7997797715
9346666484
9440273214
9948587774
8819225338
9030912982
8885819197
9949838340
9100939384
7799889972
8672220925
9441865555
9849114406
9110382362
9494386215
8074581783
9206211192
9555993366
9738777779
9052814888
8919546858
9703011958
6301620029
9606979372
9989968699
9848242167
9117289999
8886664416
9441498813
9989347504
9959480636
9441651425
9542354577
9441050971
9000411306
9494646969
8886888835
9399914672
9553824640
9000745039
9640645703
8832420560
9916908677
9494282146
9392575414
8037907622
9121284972
8143416893
9492625754
9000182135
9642514667
9553399723
9866352424
9290441398
9440203735
9888964446
9182975630
6309977779
9849135358
9121166920
7095178568
8106226953
7702228698
9885108000
9441662948
9182445579
9291599466
9908506119
8464999920
9693917688
9391602300
9908720786
8712457557
9884055415
8688837750
8662571983
9346459428
9032078033
8463924483
8463924903
9963324865
8500068486
9966221218
9849235760
7942762697
9966756601
9010557777
9346687693
9705550055
8977403551
9700555397
7993988755
8374186789
9441914642
9491925251
9859991991
8341888860
9440207366
9441854335
7901220777
9440664662
9490539163
9963699979
9491291002
8099933308
9700083476
9490486781
9865938306
8596222982
8328369563
9248011858
7942812243
9642233455
9490175940
8008803503
6301958505
9393840955
9391927770
8247630892
8886498882
9502568731
8331820242
9498080898
9885555183
9347411287
7702730030
8096903555
8825220163
7013789949
7942813314
9384805574
9848971796
7942877835
9704036658
8247382437
9182381368
9490789495
9640502024
8096818646
9703336116
8125302246
9642607979
9885079009
6301851915
9177519551
9133049268
8836666680
9000996999
8520807893
8832499066
9498054256
9505975970
8886296661
9985051244
7729029088
6281829356
8985403630
9493797319
9948202323
8832443335
6380026596
9492381308
9177852526
9542637116
9849520517
8919144025
8897622296
9248094455
9848377695
9949173883
9618971911
8143145383
9553887108
9908286174
7287049516
8626251188
9885026273
9000119990
9930646982
6305991534
8922235500
8291029584
9676712999
8459179307
7995277758
8516916916
8922252900
7416264455
8500303003
8099118060
9885875717
7842333399
8074896609
9398485699
9292459459
9052703828
9848163050
9848586116
9015964626
9989281413
9985786666
8037762185
6301241073
8978126757
7382333315
9902333311
9390019331
9849668466
9182212221
9491206141
9963361515
7989423639
7942762768
8374444414
8885858895
9493999983
7331192999
7420014074
7942845926
9849835736
9494645681
9347951605
8924221333
7004375488
8069248267
8924222900
9346050403
8185870802
7981317178
7901241330
9550921326
8977331660
8977599995
8019912235
9652757565
7396596433
9739588365
9246630957
9848520848
9032747315
6301042530
9396225293
9177930164
9381141518
9014312825
9059050410
9908968639
9885270817
9603554535
9492606970
9542099972
8019199129
7594002510
9704165134
9866281355
9885942135
8121212449
8879935417
9160126206
8674243494
9618627774
9505716269
8885909052
8919181844
9010144141
9440388919
8647254645
9391261611
9392939449
8328451389
7337206110
7947479872
7995959939
9849694560
9494504320
9059931758
7330900525
9133906563
9162828362
9985555946
6303817808
7947479900
7013006011
9010775599
9390593232
9515452478
9949894891
9505555673
9490592073
9866917393
7331112228
9849296408
9440830031
9247266674
8106802134
7794917109
9182075118
7842007827
7780663467
7386622463
9848756106
8978154033
8074256696
7382533644
8333997836
7829444644
9966336027
9492879797
9700929281
9704178881
9849229565
9573682900
9494543819
9505213766
7702714814
9014314090
9908020821
8647255466
9440712886
8019931254
8632231188
9246402174
9848613780
9866025075
7799385828
8520027510
9849665505
9966961566
9059459701
7036401829
9030751917
9866508657
9985882411
7013553440
7337256555
8040184450
7288978212
9346347625
9133533883
8068426654
8922233528
9866682886
9866193089
9703344483
9490231698
9441518705
9703575810
9000206864
9959225688
7337042340
9513480480
8556222629
8623242040
9603553355
9985761069
9030492829
9121650385
9030227759
9040069626
9866664517
8106818437
9866828983
8309597566
9848302586
8942227691
9440115686
9392323974
9440383409
9440937584
8985446661
9492327421
8660509448
7358897492
8570255202
9441774863
9494311333
7013371641
9290996681
8008123412
9052052068
9912693720
9091108108
6301817729
9133711823
8897584242
9866728920
9398661909
9866318017
9848357543
9441107642
6281252588
9247142035
9218169274
8106454599
9059493661
9492000876
7013312462
9959952358
9490882020
9441444639
6300872151
9848169811
9030329087
8978343809
9502078900
8071331055
8919091433
9966693997
9526953183
9490155443
7386767596
6383529821
9966322889
7416523128
9885022444
7338826985
9490165695
9505671395
8179719799
9248017276
8712338999
8897873468
8186919636
9441273879
9030400551
9352568128
8571224515
9989529034
9618918968
9866624660
9963977775
9618653325
9391838407
9856009856
7337586718
9000917123
9703859593
8080599778
9154222444
6303168466
9848930139
9866701426
9533329591
9848532644
9494477561
9966843406
9849614829
7893948606
8121827770
8639000687
9440215158
8044630730
9247382266
9440559307
9030804367
8572233753
8688720723
9581020193
8688922464
8985539537
8568286349
6281003735
9154708090
9154528995
9052486430
7995880105
9618798712
7386721114
9398687467
7036098994
7032525185
9866040174
7793908987
8498882088
7386048000
7569717461
9441956174
8790105868
9979939142
9848116222
8019324093
7396269495
7660806740
9908826818
6302123252
7660938321
9848732555
9014974878
7661830260
8662974559
9010221494
9032528889
9490860622
9889889508
9866000440
8886567089
8008333393
9980454998
9849183517
8143815971
8121311061
8662422564
8662424934
9848343472
9948102259
9849560827
9912945888
9848560054
9182882112
9885190750
9642599105
8790521715
8688850007
9885500708
9949947132
9848129143
9885412118
9951331136
7207555556
7730074297
9533336383
8555885017
9989609975
9948430568
7995495959
9121405050
9030990900
9440645676
7095722973
9703322215
9849608815
9849263103
6381703183
9700693478
8885552977
7989917733
9966768411
9381516178
9581322888
7799990219
9550660670
9959999979
7758995355
9032321122
8341726668
6305093535
8179334445
9052222695
9849397733
8500559305
9299998080
9642598987
8886553564
8297481733
8331034466
9000060770
8518221500
6300922738
8142609216
9849353500
9559559522
9849405878
8341834130
9885439048
7306544503
8466950883
9000901227
9491295839
9121913723
9440119043
6302339511
8919593492
9247712153
9052124536
9069789789
9493398186
8500842125
8329894792
9989780282
8106108827
6301669390
8500505707
9502263675
9533338777
9391808697
9533337756
9247465560
9949567408
9000049444
8885546991
9177805454
9010959797
6305010833
9494038600
9581454444
9666166372
9398977522
9493862451
7337221657
8523837899
9966607090
9885155451
9848114280
9393336088
9666657567
8099175165
9052554492
8008894074
6303834629
9010645454
9399979687
9440586570
9963716293
9666490974
9652316506
9491163231
9908898106
7729011777
9885063639
9959711774
9032245038
8328218320
7416166138
9059835679
8610420575
9966278767
9133541335
6305749383
8328381456
7095426118
9848569772
9398404095
9701466341
9347900900
9848157179
9885123487
9985993666
9440248276
9440248401
9949443329
9550464442
9246668692
9392912607
7893228193
7989982896
7989829669
9240031040
9640995789
9849148888
9949394555
9959225550
8044953827
8125371555
9866629349
9948351026
9949472877
8886568555
9030054549
8008441855
8555923471
9948461966
9951171129
7780437077
8071889799
8886665887
8814224511
8186909566
9949328602
9885118214
9346827974
9666119655
7976380264
9866663724
8814223141
9666350503
9640287271
9493704708
9966610896
7386719505
9866096818
9440061514
9666656156
9851247365
7036774462
9494544305
9603070908
8647230877
9440193650
8500253345
6301313891
7981151993
9885289481
8037221096
9059965551
9492545450
6302440746
9440100235
9866709967
8977877383
9912918433
6304209345
9441058956
9441089607
8639713124
8712601885
8945294898
9000501431
8037016373
8047027159
9966066777
8062916185
8071889917
8019201920
9885314555
9494689393
7995716742
9397916225
8019398699
9705959792
8328466128
7799955999
7799408166
8019184151
8185802956
8019985594
9550077534
9240013912
9440001447
9390610919
9848537356
7661904370
9440750851
8852241960
9603898768
7382129139
9848664462
9652112623
9908459305
9550062685
9542628436
8008738999
7207230334
9059247017
9885372424
9000014108
9014737777
9392625858
9052316888
9133932399
6281303065
7942813659
9701225799
8985242766
9966045679
8885763999
9848013373
9010933555
8463999919
9948457444
9014907222
7548845042
9347155369
7674079048
9840103541
6301457313
8919767646
9701368565
9908643089
7075371737
9791230451
6300371151
9440088240
7893441688
9177036975
9502496163
9154971691
9347423238
9848377738
8657568512
7981806555
8886224820
9789778985
9494099678
9849627474
8500434569
7942876807
9010035559
8816225669
8977743275
9885670256
9849311235
8816230555
8463931347
9491517755
9398223232
9032748817
9951433977
9000075533
9700766659
8688589900
9228849672
9963944455
8988885666
9246462080
8897376778
9160992107
9347816129
7306332699
7780663723
9491511705
8978857847
8074779263
9440837782
9849499960
7207107971
9989216305
9491922208
8790373886
9398185660
9289922417
9010430000
9100137155
9293737276
8142221695
8008445191
9052139999
9030359459
9490110780
8002680000
9951183426
9542223362
8639918223
9391550456
9396885349
9538572666
7036844045
8514222212
8514222291
8514245334
8897744048
9866247099
9561423585
9440291300
9014820320
7947479789
8919396627
9703430506
9440307930
9581444014
9553397708
7989444293
8885712229
9000069145
6366952276
9885829937
7569856641
9959143212
9248543248
9949201875
9160236023
7036975752
8919999384
9951097732
9581666064
9700245590
8942222203
9059966745
8660515782
6300054793
7658942130
9885919675
7306794388
9440006719
9063630030
9908626862
7981071294
8074230265
9963573653
8688439325
6309456553
7286997186
9291081084
8074624287
8074561505
9912688125
9030057777
9700277754
9398681653
9347778715
9441962515
9491841080
9493047786
7198099448
9959477083
9652922108
8037016462
8121292920
8019990007
9494446686
7548805772
7207207247
8106663105
9542719995
8555885479
9885793763
8074838577
8886090199
9030307722
7845363985
9182461033
8106511611
8125983849
9393935223
9010572223
7036353434
8919525302
8008577523
9346538033
7995579997
9393939513
9866600935
8886010747
9912345541
9852585668
9493937656
8555832881
8466936185
8099999269
8790157079
9493826752
7674959604
9848911777
7799966285
9201010157
8125167385
9000943667
9704441235
8556224801
9619633028
9052630009
9885332498
9059985041
8037016772
9281014164
9885515456
6304056721
8044953897
7799779116
9704740646
7799918642
9989969724
9515428488
7799965656
8041017584
8877992289
9885396143
6300158556
9042267798
9912854431
9985175992
9347114229
9966959067
7989562357
9393871094
9248749046
9000156322
8309660901
9581622624
8643224022
9966131693
9849887530
8555805858
9492140267
7799404755
9959225872
7386440344
9343328177
8985049497
9030196001
9885971740
9396218012
8071576042
9963695473
9848911463
9299999496
9494692894
7032711094
8499945684
9494496105
8121279609
9985692992
8854255900
9985018999
8854253329
7548809274
7285916916
9703484836
9848578888
7893357703
9052508350
8644226060
8885888516
9963210055
9533381222
8121612134
9849500465
9392003875
9951647943
9966260368
9966496669
9032555639
9966552565
8179398492
9248495999
8071629857
9246483744
9948719222
8639741677
9700420470
9063666310
7093386112
8559222211
9703600373
9885193211
7382507799
9966485757
7997246989
9393386668
8647230636
9985856108
8632333369
9804040456
9700976244
7013400594
8008360119
6309426620
9494434949
9248678888
9441690237
9550237882
9581964196
9014367190
8686808074
9948617617
9014206867
8297042555
8712312335
9581494161
8977860959
8037014009
9052586104
9392155656
9542722999
9059912930
9885492077
9032610100
8977000605
9703113111
7056247365
9962716989
9542785269
9107379379
9533335977
8096391110
9640767616
6300273041
9676840909
8985551812
9652991173
7904011212
8672225200
7075135858
6302877101
9059992626
8309181821
7013798645
9246697889
9581025088
9618042952
9959657586
9966699992
9100903852
9553358422
9652818079
9666155551
7569254052
9441022237
9440242799
8897678767
9182452022
8106411741
8142399959
8520887419
9246644899
8639027967
9505388488
7942876859
8977633400
9780714714
9908036331
8099255555
9240083059
9705622111
9030808222
7942810811
9949845272
9985258294
8592233647
9885106121
9550212181
9502614657
8068426607
9247032955
7989662047
9490175908
8328284556
9110325595
8046333633
9291252774
8885557620
8341993259
9581943889
8592233173
9866395416
7660090755
9199099919
9963629009
8919019792
9618925728
8019225428
9110325727
9133317811
9948517949
9985004979
8106106512
9885082906
8500388881
9849884055
8812288299
9848671313
9441528464
9063655200
9951808899
9985630760
9676664311
8068426685
9949863687
9701702620
7702799087
7032761679
9866024855
8812238538
8096090301
9246678890
9948423233
9346944389
9494893336
9000039789
6303143873
8842383366
7373579795
9440567346
9866483780
6302561204
9676564656
7396494444
9493566707
9866408648
6300537624
9030773737
6303738760
9542524200
9052786847
9100909010
9493333069
8071858871
9290129319
9848338487
8309595923
9505244455
9849390490
9848333679
9851688999
9247319273
9963322214
7675984773
8500619437
9618858190
9441177776
8309320008
9866369153
9949405499
7799722172
7399942222
8464821333
9885968996
7997282729
9246642899
7019280827
8374006555
9848034711
8985608456
7200333250
8886752777
9848366706
9948313972
9533412345
8978711335
9959127112
8401375434
9849763445
9618611681
7207486744
9989252999
7386452890
8832445679
9948056666
8832448777
9347577204
9542815425
8500464809
8341588488
9885959013
9398330065
8074331574
9849664860
7794005438
8790909648
9966923757
9849144765
9642337896
9515537503
8069352457
9440254945
9440429450
7416179113
8004193555
9849385558
9888147778
8688016999
9030152020
9177756497
8037016767
7799339544
7569690077
9014142388
7672021267
8846688888
9499979997
8919164239
9703999612
9948037897
8501900433
7997503333
9010431555
8037762179
8297123123
9848684444
8985816481
9848682499
9553400015
9985150441
9491049653
9440074897
8067335514
9014651898
9949885407
9030771050
9951721114
9440594646
9494339148
9440328768
7842342696
8071640317
9397818950
9866687669
9393995998
9550576144
9652992476
7799934565
9966284747
8033113311
8179399021
9999668634
7569310764
8712292555
8143283628
9542883344
8553440021
8071889669
8790333399
8037781990
9014623235
8037221003
8074747790
9666206349
9412093295
7093042495
7948234330
9502302099
9642722566
7093393435
9949278777
7793977345
8143335858
9948471987
8309699313
9491258963
8832473026
9490835009
9848184494
9652495555
8836666863
9150054813
9866793558
9989856444
9849945317
9290795925
9246395566
8069351785
9949405592
8977951999
9493163424
9573422946
9985793888
9866461153
9581309931
8099672560
8048045203
7386665786
7448933747
9440247891
9959639311
9440285945
9177580401
9704362345
8071890027
9597552072
9505179772
9247122338
7981889279
9966496267
9849653731
7396595929
9493789290
8464050630
6300680471
9959951110
8008579465
9030525279
9885756591
7013441211
7799000499
8069352452
8069351658
9550078437
8886163434
7661054589
7013248355
8309635003
9858251999
8071858800
9491295771
8046512392
9959214052
9949045910
9949940080
7893413847
9063122122
9849501706
9347129999
9951258888
8037781518
9505070767
8977455557
9542756363
9000344211
9848000611
7013338503
9949784184
9032433345
7569618553
9492094777
8125685366
7845117111
9133179074
8341640059
9440395568
8008840084
9948093554
8071820212
9849727007
9573939888
9866736969
9494340555
9866736088
9440664448
9542146560
9866161372
9948890631
9848145450
9700936608
9397905405
9701461545
8143249124
9177316622
9281152223
9666387666
8500450044
9014771045
7731933395
8074147009
8886893739
8333891166
9392339556
9885457833
8247373188
9441190296
9701454002
9491355955
7981816599
9618687174
9985099482
8069761746
9908586986
9492915728
9985577774
9966476979
9985678424
9701034958
9381212175
7799884789
8142428494
8125757365
9591396000
9989230330
9885007011
8886277555
9296153668
8071629534
9553918190
9390689809
8519968174
9866162299
9393720303
8978855222
8500795541
8037016330
9666728234
9948951240
9440265670
9848809220
9000500302
8069869698
9866934789
9640009191
9848887467
9393707071
9395388308
9985772024
8512222224
9490658835
8002081234
8464052407
9652427709
8512220240
9908038776
7013427110
7702338696
9010900553
7382213680
9440288923
8657568648
9963052573
9642666919
9849916756
9000748777
8074866103
9440324116
9494748600
9966650505
9949456667
9393936773
9391234447
9948495786
7780526322
9963988566
9848482144
9959322376
9391933145
9059939389
9000616064
9000410774
9705176859
8008772784
9912168991
9182851698
9704607866
8942222156
9441892278
8712137637
9440493232
9440523731
8948132380
8919562719
8985342548
8309230838
8688292184
9493360001
9494426600
9052888000
9440959089
9440736826
9440830318
7207996737
9019319999
9884792656
7901041555
9581711145
9218169230
9347737102
9133090256
8143672299
9030607016
9059036345
8712341473
8328256030
7097661786
9036454649
8041017545
8037781991
9848863236
8688123064
8071629428
9052181777
8047027146
8044953811
9502059777
8041017603
7039001475
9959395652
9347183582
8067510306
9440222907
7993820714
9492327642
9032420400
9440093828
9618812349
9573307135
9959996676
6300204399
9329164410
9885656836
9502689217
8062913774
9949073681
9700306777
9848106444
9963885669
7989017698
9966669972
8897996616
9666099540
7893939337
9010855118
8317678919
9948179944
9885228536
8121970627
9985653636
8340840897
8885638989
9492492648
9393211221
9440284726
9701863537
9848238467
9177020410
6295079976
9550757999
7799880679
9866263338
7799880678
9952314985
9441916909
9121092129
9705861297
8886143777
7338110297
8067518072
9848295244
6304502065
8037907613
7729991108
8886411211
9490759510
9985155555
7036111101
9848575991
9059611499
9849071492
7207299998
9742772929
9866835102
8578222214
8578221430
9491522275
9848184204
9133557766
8125634099
9848212453
9555659659
8071326986
7330723489
9966087009
8897290400
8500301813
9676594825
9177959829
9989836444
9985678881
9704928212
8130181301
8069828106
9399393996
9500138281
9849368678
7386455106
8070743743
7075678369
9966766817
9676777711
8885824288
9705538999
8676237744
8688357597
9888735553
9666646887
9494418628
7416616899
9440184784
9885409490
9393175952
8977332269
8332883599
9032039380
9246277727
9030310878
9652530144
7842000070
8309354865
9959322103
9441598676
9866865117
9949057884
9398223127
9182251020
9182079760
9948120705
9866438473
9160223359
9246921177
8499969449
9849211118
9885389000
9959696508
9959275200
9346081444
9848872866
8500081885
8186813443
9032081338
9490904415
7702891260
8341512819
8977929909
9951710101
9703033039
9949502144
9182520126
8639851852
9441294481
9177741113
8985952055
9177443615
9613456567
9494000886
9014703147
9866509312
7288955897
6300552027
9246985444
7993542605
9505150571
9885528103
9347077194
9849598314
9030444798
8790488412
9963224177
9491586951
9440797105
7799975333
8500050159
7386064059
9959659704
9908632732
7702600272
9553776398
9939932929
9440942066
9390327744
9492982212
9666314449
8978487807
9524571116
9000056116
7989176519
9849987999
9948769276
9494964459
9676704392
9391283576
9553369007
9100381789
9866164991
9550752939
9908777222
7036088824
9948141476
9247118764
9440254161
8885861470
9494954218
8886422649
9949595090
7995154867
9849136394
6303473481
9848253671
9441659637
7780623199
8977991144
8309010023
9666154524
8688888903
9848293313
9912371255
9032990099
7093615900
9000707365
7799881165
8885578016
7013469420
9391612368
9000394573
9966250045
6302816263
9177536222
8143646043
9346511901
8143674757
8328656753
9848776480
9703046705
9490350427
9849849824
6309192250
9441204489
9440567335
9885777379
8099380354
9848037657
9542399345
9440651960
9949398161
9989499932
7788993939
9347729708
9441468940
9440841324
7995608385
8801418458
8500273929
9393628455
9704933319
9100408505
9963521144
9577334499
9347466546
9848371133
9705222844
9502766817
8814222662
9247466460
9959561922
6281869923
9246462676
9603031755
9949775330
9666584271
9492525586
7013303323
9391339165
7675991777
9490280025
9182337723
8977255714
9949964923
8639484911
9494468922
7036399997
9866529205
9848654564
9848472621
9177964999
8555818946
8047027162
9440582006
9347809460
9052912888
7893403344
9849198494
9573012442
8978601901
9110729757
8333809999
7337552410
8886786761
7382082555
9100752753
7661970223
9441450865
9703577784
7799357979
9966242554
9440524435
6303980538
8328019264
9963152003
9492337744
8801148687
8626251999
9849262473
8499934819
8121157719
8985620038
8074872516
9848246418
9494951436
9908755118
8985837642
9133031531
9491377026
9490103958
9959987442
9502336015
9666072831
6303223383
9154260555
9848430006
9618997769
8790988633
9959592564
9490607573
9676323455
9440999581
9494569822
8112188888
9985688034
9959000898
8332990331
8497009915
9063171786
7799591234
8106348584
9703777686
9848087880
9502354460
9052507754
8037513750
7306037772
9642961945
9985942862
7780127515
9594820169
9703090901
9949820547
6301735271
9989693143
9981611822
6300628712
7801033370
9848546231
9986612121
8067518078
9666480600
9542299444
9848279000
9441157320
9906170125
9492081033
9666004043
9701769565
7290022123
7416616646
7799772651
8912566656
8985898866
7732044514
8912558162
8185921684
9885011347
9849727146
9398994468
9848031158
9866234979
9676370616
9848878663
9912283966
8912564825
9132743999
9052177377
8662441116
7042424242
8125818282
8008588871
8226822662
9491323838
8922224034
9440532952
8977936373
9000437300
8750687505
9550232721
8662535595
7330984620
9949142891
9009001489
9490272227
9848125539
9059179779
8942226222
9346222567
9440838758
9849387474
9440195005
8069840341
6304587930
8297554488
8985443072
8632223456
9491616663
9010177709
9912912510
9490725164
9494149888
7075560655
9848526555
8818224555
8037513853
9494470477
9848222113
9121922992
9440706908
8291540681
9441083001
9010891196
8688485868
9133033354
9866599955
8885842585
9885534444
9966795208
9959579984
9392113553
9866567567
8816223316
9010900024
6309250666
8121923458
8816222021
8790743815
9848699823
8328636407
9908963567
9032886335
9014016943
9848966218
9440964329
9440799030
7780747774
9000600460
8247086356
8247533244
9908777762
9573688534
9392512056
9346922541
9052501910
9866182225
9063662728
7337445797
9494865856
9845878643
7330907979
7993881135
9000304272
9290746278
9246617500
9848023932
9154682872
8179691643
7993510193
9848091691
9885697969
8596222459
9440217456
9951177071
9848491891
9618150555
9949481952
9030922889
9154815191
9573788999
8047590298
9347756666
9966471628
8856238199
6301121081
9666021878
9000076460
9849172905
8297311251
9030778229
8332912209
9391006478
9440267142
7780375361
9121993726
9502694212
8975119070
9515849005
8512256499
9849956464
8555877523
9849836921
8333089649
8047590248
9849123222
8919230567
9441413827
7995943989
9848737775
9000566601
8185959118
8247633593
7013537325
8008572629
9885233262
9866913354
7093707056
8041295534
9966512376
8074944033
9391038110
9985688968
8944255462
9866733669
9494778863
9494205890
9849471714
9333333557
9121297777
7981017170
8328055898
9110746440
9949977968
7093774797
8520000110
9748243316
9440983816
9398183276
7893707899
9949725645
9347711011
8247095177
9246456219
8662421304
9985897342
8186087072
9177755775
9346422962
9885321866
7891288999
7702770213
7305770577
8125245525
9030334545
8912549663
9966354003
8630000952
9885545139
7382012357
9493181317
9963333533
8500809550
7207453127
8919322121
9292009333
9494728222
9032811227
9177655356
8555856104
9177666149
8096666070
7075451759
9160241069
9393938011
9618159662
7650999976
7093414449
9848972659
8555816721
6302121295
9167996162
9440670022
9661555668
8639886505
8816222912
7670894446
9291901518
9991118757
7989929442
9652524794
9949172005
9392291187
8106111489
9515018311
9700202662
6304586029
9948313953
7036099321
9182526482
9848184743
9391915484
9885348190
9032305411
8612355577
9885070699
9949065734
8523045118
8047590128
9951995252
7799699920
6281855788
6303339737
9347523370
8520025454
9866654725
9885584000
8144224422
9000016217
9988593333
9177842098
9849670541
8523033222
8662573816
8340949959
7799779987
7036353948
9347234144
9440356731
9381564401
9000275716
9885758104
9885756560
7416324492
9398044945
9248165047
9866936985
9849232536
9542237353
9959940083
8688998855
6300295100
6303669969
9550955213
9949935545
9550264388
7989000633
8970045235
8071499723
9866621318
9398423270
9676235257
9440384309
9989574856
7993977797
9640842477
9848026510
9493310434
9966871577
9618212346
8333843980
9030283939
8125544990
9542788412
8247883510
9440428292
9100946460
7075703899
8096628888
7799990008
8498831111
9863636347
9491383444
9392187954
9550602045
9392933082
9494467542
9440673675
9121232212
7981574923
6300856275
6361513001
9966903977
7874816816
9966636687
7799720707
9666966687
9441368182
9989957301
7013243364
9848335997
9642011152
9494631275
9440713973
9492901632
9989033307
7569058252
9652899496
9618961111
7799890404
9032648021
7075454501
9963806150
9989777909
9247040404
9398616146
8500641674
9246661245
9848499497
9885179772
9502513583
9392391653
9160242074
9246434586
9542040098
8919617211
7799444747
9966799916
9885249017
9849150590
9848532678
9553888389
9393093817
8639892877
9490359934
9959596813
8374066658
8500554056
9642422223
9032123143
9035592198
8500500065
9966337313
9490737741
7416006806
9010649010
9986337337
8012233456
6304494772
8555025720
7396577177
9494873336
9848324543
9908844424
9346449616
9247772137
8333939390
9848584387
9966741786
9666292967
9515115103
6302544346
9441448980
8812221666
9949935335
9397144555
7799242233
9959212461
9440439099
9866229919
6281698606
9010366428
9704902008
9866236565
9885019742
7780769606
9966639960
8978886336
8668198393
9701250995
9000881528
9949403558
6366327888
9573520293
8897002529
6303628947
9848264515
9440455931
8978941143
9849465401
9866716682
8106473639
9848365601
9866647315
7680928872
9133595969
9397905447
7396433704
9160010847
9885400676
9963900692
9494980808
9966087111
9848692237
8341221448
8772222043
9441786439
8500562528
9036334466
7075219191
7989246689
8500044244
9849899609
8554220175
9866383176
9703429510
8647221456
8466030172
9848780524
8500659544
9292005292
9949087387
9966225882
8686730762
9441146517
9494776969
7997891110
8790255924
9652540246
9100314614
8333802589
9550141909
9985335254
9390908590
7222888440
9177965250
9177263484
9666292029
9346821292
9010606759
9182626233
9381686803
8977773143
8331033222
9030485435
7207399196
8179737475
8885888847
9440742202
9741364906
9959246648
7075571304
9700643424
9966959970
9908452257
8555829961
6300921512
9247572249
8977743272
8672221199
9652842056
8977196381
9666368629
9885125515
9849900934
9346885910
8801571844
9392235102
7815977207
9490246222
9502216436
9000478488
7207202722
9440144692
9700778867
9902702351
9440722399
9000795704
7780111734
9963835252
9182398119
7569244943
9963287528
9849546999
9553990539
6300716616
9676920797
7780593112
9676760422
9100750095
7893535399
9966336119
8328373754
9492969868
9652791004
7659999615
9988992886
9642771508
9290900000
6303506678
9494651641
9885824878
9966688870
8039664989
8309991675
6300704086
6303778198
9182430579
9848814432
9032626257
9246632693
9493388818
7337007601
7995859917
7382529018
9866644094
8662576940
9491830839
9290781622
9848134472
8662572949
8071889916
9392115327
7673977997
9393431796
8374153731
9394107157
8328121302
9502459012
9866501243
9848608678
7905419578
9642462856
8712959595
9542424774
9985256289
9789357955
8179497991
9394438879
9885028823
8856231978
9536333888
9059047871
8922224444
8500129406
9396978888
8978438292
9985585978
9553527315
9988686777
8367270187
8951950630
9441072777
9849274508
9440727925
9347031127
9553355654
8071640083
9949151523
9347151904
7702072615
9515433664
8121424208
8688126567
9989933344
8886332056
9441141633
9949840820
6301456610
9032329111
8309941259
9989360099
8977585199
7699911999
9966998000
7093075454
8885895645
9966687777
9494570570
9812559812
9148787678
9945196777
7989695234
9553008009
9550076336
7659061115
9502501054
9618954336
7306310999
9703481203
9441791417
9959818776
9550398699
9949903611
9640521746
9866040170
8341347809
8179120888
7893877766
9398323747
9866029485
8912541915
6281204224
9948474642
9652679407
9030966584
9000323210
7093011865
9346894569
8019873188
7780647818
8886252222
9246929964
8001200330
9951997766
9493385040
9118001800
7829400277
9392242666
9293943344
9032316555
9515155001
9133997997
9989000399
9848366354
9849180310
9533238345
7330242330
8142217380
8125267801
8125919645
9052252253
8001036910
8686677676
7901226699
9966532252
9154328807
9121104111
9550410105
9311587744
8977676677
9739272555
8008374725
9703622795
8555803150
8519904555
9948587330
9440669965
9848160109
9392981471
9949565730
9246785411
8047590213
9951988355
8712635820
7730992099
9553073888
9704108085
9390216187
9885311133
9652083260
9902037788
7893777994
7674981165
7993707399
8772223666
8772227579
9573717647
9704698889
9505704906
9000989124
9849115145
9491709311
9848074580
9030983000
9052352352
7207222022
9848652422
9705042921
9121103399
9505545829
8327775360
8500984320
9986662221
9177739232
7995628280
6281091515
7799747576
9704999933
7396666678
8885222223
9440329500
9030211966
9703836454
8886106661
9110752078
9676963422
9618223369
9908832733
9392964899
9866769070
9182822929
9177777737
8922225177
8834074994
9963584228
8832478558
8832441321
7799327084
8832416141
9640595999
9912385366
9399917119
9849167722
9134030303
9959575754
9666949584
9398281819
9851446644
8885520777
9494841430
9642748414
8341347772
9494030327
8121278462
7396352780
9010166662
9177790575
9491105900
9966746488
9885855074
7799634866
7799101115
9989888143
9550716809
9642760672
9848053172
8333909124
9490117889
9705024143
8143939885
9578001111
7036711097
9030196867
7799001444
9494888817
8662573332
9491581580
9985867777
9513901487
9494481669
9533982222
9505576727
9001797723
8518259777
8330903981
9989677780
8294308993
9963800340
8518242211
9100918880
7095226144
9949945588
9949125008
8639278796
6303664288
8096055455
9182911674
9885784646
9550597841
9849206926
9440047086
9397699909
7075906868
8448448929
9398437256
9014790018
8309583993
9281491107
7416111333
7337555910
8916666854
9000886635
7995757117
8626245206
9886991188
9885378731
8977535723
9490357006
8626294300
8001001000
9849370772
9849021493
8367097091
8121517704
9989618034
9908312202
9392494750
9441535566
8499963278
7075721770
9063512645
9494551441
7995575511
8602666666
9966150214
9177866692
9491687865
8272872882
9603350085
8047590264
8125116112
9849427670
8333966766
9963293144
7981507508
9502333445
9849037547
6374369266
9550058802
9740243960
9395109109
9246456345
6305323840
8247873728
9032959959
9059098180
9705513333
8884622468
7730023211
8632320263
8632234664
9391122865
7981336259
8639938418
9948484300
6281731083
9848126562
8978777899
8912503236
9985931234
8179019929
8912567413
8099234066
9985848771
8500001263
8790268308
7997996998
8562274262
7799080555
8074989873
8512294581
9849684578
8121946017
9440212631
8512222643
9866362847
8886870207
9652066890
8125098304
6309118911
9912472891
8562245042
8125014913
8867383444
9000724906
9440826275
9985593923
9014547683
9494514952
7892974646
9963363008
9959294495
9959684716
7093114163
9949602174
9966737557
7093195522
9133723468
9391939129
7770003648
9492469977
8977925100
9182444350
9948419245
9440195952
9959000484
9440881000
9908829124
9440988572
8688222860
9949904143
9391665177
9440095557
9966829597
7989958886
6281019323
9441523449
9966677362
7036689999
9392140337
9951521916
8047590079
8790590588
9992229943
8500388899
9000802604
8977395534
9985264362
7815851330
8046395123
8897837815
9666676258
9618948285
9440452053
9700563000
8341096943
9441246175
9959691470
8977888863
8247017199
9392897779
9440082002
9542500827
9493454950
7396322025
9666470779
9390234930
9030927777
9573911366
9848525537
8123099799
9849540034
9676859240
9133196257
9440243269
7989973835
9000503731
7799333923
8884445969
8554227099
9440116639
8554233335
7799306069
9902914151
9391194654
6281122990
8554200687
9440344707
8341242024
9440126111
9440920332
8309685520
9000199144
7013286757
9642077677
7382567105
8885888297
9299997909
7842379135
8500917850
8639399474
9849825123
9989874138
8612338971
9030650809
8518310485
9441277865
9392383303
9440148211
9966973973
9849178999
9490168270
6300724124
9391381165
9848076668
9121824958
7799153985
8518220440
9492944377
9908041339
9014248154
9885778169
8801400530
9346461703
9391679453
9989643383
9591497345
9966593258
9703747889
7337237240
8247644847
9940354985
9912888702
9148166954
9032327451
9963328285
7093108220
8977404779
9133681994
8179739290
9652437631
9948998996
7396002587
9246549689
7013926263
9603365603
9849786858
9346938999
9989157274
9160268968
9963810074
9052068686
9573144410
9542662556
9985654665
9999759911
9948019079
9440439548
9502226111
9866802332
9014446777
9848871906
9010500017
9160340355
9030031334
6281452985
9000918705
8978068447
7606023305
7386147913
7305809592
9177396317
9870694104
8143128329
7997996177
9515365004
9110599057
9440605620
9866716389
9154081156
8886688825
7989944512
9553175185
9154405492
8772221280
8688000777
9533879974
9494505950
8886438899
8977005506
8790653631
9885030240
9912656905
7330862626
7993115422
9032606449
9908544143
7396311929
9849794616
9494048391
9866394088
8977011661
8977605563
8147226164
8639367433
8855230597
9613126666
8047590210
6281222500
7032772135
7989701531
8644234400
9985247777
8886381501
9866232418
8599911777
9849891302
9985982838
7032377706
9866171676
7845229985
8924223113
8187050042
9247471678
7013222983
9398088685
9381067305
9849292644
8886663284
9133000663
9966043123
9849966043
9492357882
9948702137
7416293106
9440699997
9493524593
9032128666
8672223577
8672221552
7013782325
9704828497
9866220628
9985511133
9063755055
9848842559
9440625253
9390404064
7095059915
9010035987
9177361201
9133309211
8978855322
9281082692
9505945555
8688080027
9666087762
8341842684
9866089249
8926065127
9394107331
9989536666
7801089048
8686666695
8074966646
7093014333
9505257799
9701128467
9888474449
8008363977
9398792973
8842355229
7396865143
9397918508
9346185315
6305326540
9885589042
7331173371
9000680313
8106358999
9247114348
9030838103
9703418888
9047067062
9885672591
7382626262
8612324448
9550312121
9177100954
9490370480
8374827788
9052831667
9949883706
9392191706
9440192003
8143752642
8612321998
9618098898
8812243897
9492326845
8925848493
9030308189
9143143189
9262636369
8143919199
9392850017
9790940307
9885483656
8019429333
9121089988
9866245904
8037762042
9247708899
9849049552
9901691212
9000435502
9618691316
8096629326
9059859381
8187875478
8309438450
8309777747
8572222555
9705355242
9441684578
9502426000
9986449249
9133253701
9121292233
7989303078
8885842999
9160148236
8712652787
9951542948
8067335508
8333853626
8886181755
9505064274
7032383138
9963986168
9848259632
9218169231
8121276010
9492444498
9491111717
9848176016
9985210068
9989848111
9989066676
9676017721
8328187546
9985881112
9494284743
7997888869
8672229938
9963328538
8367216666
9848305082
7942845855
9493928000
9689565758
9989817463
9059821822
9963842911
9640099198
9700228272
9848865287
8185990497
9440124737
9866483250
8187866777
7396966075
8612307222
9494969192
8465959046
7702610510
7997929282
9390374899
9885659999
9848044468
8328629434
8632333396
9908081285
8123416897
9293349999
9441241944
9916300704
9290534133
8632231052
9704360622
9063854730
8919756111
8885559900
8639515453
7842068510
8816233853
9391433589
9948584353
9697204999
8008558500
9885935290
9550747343
7675909609
9676039944
8189806949
7995671559
9701460606
9848827863
8368282817
9963232987
8499999987
6301366166
7981196528
8886644458
9959974755
7569234647
9948462225
7649999939
7093003353
9492089119
9652001100
9985660176
9502883410
9652562355
9000400975
9579020345
9963123634
9440265386
9246493307
8074317361
9866382002
7095976740
9032117101
9494801335
9010835586
9753222999
8187878585
7548830985
9493400180
9603454599
9912345617
9107168888
9959314140
9849232947
8712113383
7674886689
9849413923
9490769059
8662444295
9666172607
9441554406
9848229961
9440832104
9885048196
9392093993
9666196336
9502988869
9866995903
9703102482
9283184752
9866736265
8008641999
9848014589
9885887002
9493553337
9393487738
9704858446
9885622202
9491511709
9063252799
9160575686
9152269152
9948278930
9848546479
8074147400
9494166875
9550550006
9440242023
9885945951
9703661503
9494154590
9515453566
9440626282
9110506036
9885780220
9440494680
9059738433
9381288559
9490848906
9381834193
9989763374
9959155355
9704905670
9032164748
7382706986
7416893894
9160017873
9705523999
9885753334
7780372844
9848152554
9440476700
9550952948
9052982980
9666677779
9030306600
9100137395
9705214208
9294002770
8592235294
9848053380
8341966191
9848191080
9502193424
9966483386
9581315555
9985236540
9553344226
7041666469
8074498536
9866011278
9959101366
9575993891
9985977766
9441359123
8595939567
9393936261
7799444919
9704406060
8912591735
6281262556
9030172192
8912560034
9502432865
9023444456
9885867542
9381347228
7995532732
8778133033
9390920850
6281817211
9704322776
8977799189
8912560153
8897493566
7989005575
7386780215
9059033274
9652018842
9652865615
9390464646
9493309880
8842384858
9494427162
9176509662
9985423438
8662496493
9652114300
9966345857
9550179185
9052166607
9440150771
9666761970
9585708601
9502229901
9441892279
6281570438
9491669320
9246787132
7337382221
8297004132
8500629777
9676155098
9392618250
8686255835
9705941989
9676588277
9951756665
9492515630
9177349432
7093540140
9533053999
9966974477
8572229795
8341834183
8106000152
9848544721
7569016929
8879930973
9912069767
8919829291
9490759542
7032909045
9849686734
9849116261
9948980555
9490759541
6302778376
9848339042
8074311131
8074555409
9440029018
9966610242
9848196184
7702481589
9246590003
6304194008
8401584216
9866581542
9000330244
8001022040
8885016333
9966167111
9704959836
9440346743
9441095996
9248061555
8074183632
9866260232
7013989429
8074676184
7095980361
9908945656
9885552848
9966537799
8448316624
9989594313
7093340744
8008777277
7989987351
8500148108
9965509965
8672221099
9680699926
7989440140
9553535585
9948839071
6309745364
9885194988
9989701735
8522948888
9912468390
9848242580
8919443301
8570255136
6302118792
8062859448
8330913777
8328492307
9550940149
8885552876
9885378259
9703263447
9966600310
9247147929
7396025709
8374348940
9247194665
9052302357
9866437407
9122669244
9154074555
9885391592
9030739751
9440202970
9043976985
9133256177
8886150715
9493756126
8688221522
9603143057
8309327885
9490978483
6281181749
6281380891
9640805050
9912336863
9492712889
8106273888
9390955897
8002084376
9888307775
8886332278
8639862959
9866439620
8328082656
9652933339
9949065753
9652833538
9739178355
8978791011
8554278133
9885135380
9703612445
9000033839
9849504882
8885488888
7019362883
9052157618
9010693069
9985482131
8142314190
9398302109
9440221354
7660000695
7093291161
9440289214
7799983338
9989493728
8067510313
9949907100
9440618736
7842213834
9347603435
9441736524
8187022082
8886278623
9010603057
9381078266
7729910769
9292909888
9218169259
9494434084
9963827420
9964200970
9494483584
9701437469
9440018269
8088414528
7989871546
9966632288
9025404475
9885983338
9502794474
7013421139
9398688474
9441535842
8977920108
8562252961
9642840428
7993333007
6746649113
8978936028
9704100749
9154794048
7893761881
9848479051
9030888002
9849330101
8619294106
9440643646
9703232505
9010065122
9908490182
9848920767
9393794846
9966914954
9494083599
8812249000
9177899228
7893432397
9177432517
7330872419
9581669946
9908822325
9848585176
8124644436
9390190233
9966654597
8374669743
8919375001
9848234228
9550696806
8179326350
9866757375
9963323104
8885523241
8978580388
9966556886
7013108925
9848580128
8500055855
9160259555
8500786243
9912955779
8008235222
9848679406
8688923172
7780390710
8125912593
9989108841
8812238760
9703830935
9440166035
7013066554
8328097237
9490787954
9849710099
9347100774
8612336888
7396555077
8106700408
9000312369
9666948456
9494202416
6005726727
9966583583
9168656181
8518279327
9581234321
8929400479
9866638401
9505869268
9848034479
8341056789
9985173972
9866026609
6303055433
8328681172
8554220614
9704202948
9949345700
9666409869
9703200610
7416311821
9440760122
8832473983
8836662507
9908836687
9440179256
8832443612
9959486700
9492315646
9676687431
8037499844
9502501926
9948773003
9010562224
8842373414
9885172089
9948137777
9441965288
9493969922
9440036566
8328171167
9440144314
8592232176
9885106709
8096929907
8592282001
9618950743
9100799889
9848481829
9809806699
9676223712
8125499799
6309147717
8572227586
9440855875
9989496694
9392691679
9347036665
9440252777
8106345207
9848678363
7306920711
6301412644
9502659358
9160514747
9392282922
9949094896
9666842045
8008082144
9666234196
9490573595
8644222097
9246465865
6301949095
8639890496
8071371654
7207643999
7331159919
9494647722
9989430375
9849509762
9010261718
9885006446
9652769644
8647229555
9951635151
9441388156
9000114321
7416659056
7337326059
8556224560
8556224333
8008904974
9182322848
9008219151
9848018193
8978541771
9440123646
9492772245
8333887413
9347219504
8564244999
9888266623
8247084990
9440243298
8374475484
6309567840
8328483547
9052235432
9052439300
8500523188
9440548216
9959786222
9490516655
9866008772
9849857419
9949434158
9848107705
9948315167
9000485072
7799903334
7330863232
9948187688
9948966889
8978194044
7981700599
8008700175
7331152200
8712127512
7659912385
8562456376
9550056111
7013729269
7013485760
8919960919
9701693014
9492759159
9948472109
7731850189
8037537165
9989204204
7013204313
9490077223
9642547777
7413500377
9966267412
8879242756
9886589899
9849111511
8142000099
8500219999
9441916446
9494410769
7947479821
9849663241
8074265748
9207200444
7095658370
8037513856
8019221463
7670901465
9000633599
8019478581
9951663661
7989086009
9393930056
9032100047
8359805980
9490761943
9100387755
8019776414
9346864074
7842966686
8985600078
9959850082
7989255690
9347330109
9963505922
9849482301
9618055055
9000411818
9849290371
9248148171
7702303030
9885082666
9704554411
9703579797
9398842139
9160035135
9533118695
9502850576
9951734987
9642416814
8633561596
9440494368
9492082456
7799182104
9154946062
9966711109
9912118585
9032044588
7396663154
9032856601
8985281357
9533569997
8886352257
9884433879
8686335393
8142225557
7997999698
9949860643
7997509786
9533375729
9392534808
9885089486
9032198379
8827698827
8885803214
8662560782
9177179991
9440421015
9398414289
8096772987
9573398233
9848068989
7032112646
8648222699
7947479834
8121320444
7989422819
9573029269
9912725156
8071936981
9949988788
7799544497
9100949744
9880690617
9949687349
9441143866
9533121111
9381569923
9345100136
8309446202
9573454058
8912726377
9440983094
9849133533
9441969334
9966040077
9959693322
7670901543
8912573515
9177655999
8121021051
8184913700
9989053046
9010267930
8812244244
9440145883
6302336492
8143530112
8099255355
8885557931
9705398992
9901298586
9100745576
9888193888
9951759666
7780711741
6301401250
9440605795
8004199399
9100645802
9032247867
9703131527
9052593245
8842354989
7378123123
7095045555
8985201818
8179233447
8675558111
8842375036
8008142799
9491997171
8328515813
9441090700
9912916390
8500565655
9849536908
8897992991
9515988508
8297742999
9494336953
9951762370
9553547086
9908636735
9849338661
9573334408
9899888765
9885833555
9581737779
7989904263
9440570629
9281014160
9014312414
9494145369
8842351515
9440167801
9121093386
9151525259
8374518334
9885558917
9705261066
8884444023
8062646020
9642708608
8886333132
9493231122
9966264345
8520958352
9989624553
8985501476
8143464841
9652762779
8044630710
9010170693
8886444698
8662425942
9912435959
8801138095
9885059710
9963333136
9346993740
9959556669
9849112666
9059120488
8037013980
8639789300
9573582310
9390212699
9014270279
9492956319
9985258458
6281522320
9550244311
8912592327
9348403399
9966055369
7989236795
9491787395
8886333708
9666994413
9542684789
9705230176
9959996555
7989234666
8885351779
9000616843
7794867184
9848871223
9440143174
9440433606
8142880888
9550077295
9000446556
6300401802
9160603636
8143905905
9440871701
6302605619
7013628287
8080260260
9705518400
9441643334
8143731713
8143334148
9493420975
7730080096
9666909304
9030873991
7569042337
9989589251
9701727683
8179302003
9000206058
9700092063
9866662191
9010991236
9652699146
9035916923
9885239099
9700275055
9030748412
9133813598
9700450605
9491049686
9849026960
9848104436
8712390555
7794902000
9059447687
9866025078
9000988847
9550051122
9603969786
9391561515
7997134445
9618837879
9440557679
8552250250
9989904880
9885228046
9000499952
7981780062
9440519069
7505333999
9441575555
9440021511
9440882516
7997818451
9912184578
9440626225
9849772533
9398899299
8816294838
9392763927
9393223390
9177445223
8712152789
9734117777
8677224377
8816255789
9705435779
8186822228
7075403149
8924230558
8886988724
9440373733
9398028396
9440134562
8249727195
9515301222
8121042526
8367092163
9505856127
9666426132
9959427496
9581818191
9666023456
8712278999
7893734638
9440613399
9502852346
8179665410
9505048897
9959141139
8912766333
8332996485
9550155394
8186089735
9440192185
9177732084
7799666418
7036770080
8500016789
8647228964
8686661234
6281288112
9652908039
9848222118
9703461775
9014439988
8942222400
8978393640
7579008008
6303231264
8367502551
8121998005
8106423339
9148657929
8556222575
8919912951
7993729913
9949011979
8499882494
9440938151
9618812665
8074486090
8922294068
7799966008
8564244744
8985618070
8147248590
9785286267
8555004666
8071178507
9493232666
9992223542
7594002639
8978550264
8639605441
8514242901
8686949422
6281260321
9502907447
9290050233
9966920816
9000688888
9866677314
7207403011
9502848528
9066151844
6353536363
9542085205
9966036888
9866393294
9440346661
9666454968
8071889806
8142222905
7680801690
9959494308
8309109234
8790604595
9618707271
9959795292
8297181899
8885286026
6301368609
9492200682
8099984827
9014301143
8099238708
9963344959
9030795255
8807227843
6304945170
8977773683
9346304698
9346555453
7013127665
9849114614
7842125566
9819501256
9553688577
9553726775
8572234746
9848974076
8882659999
9246662572
9849256587
9849506465
9849140625
9393909055
9652263367
9848442344
7989828577
9948206536
9014629005
9396666007
8422965638
9392252888
7995458885
9866409099
9866450546
9949270389
9441265886
8812221544
9989974711
9030183981
9989578030
8790551096
9515777751
9848724680
9494208765
9959281757
8328076626
9963592249
7396563170
9985425149
9573328870
9849446141
9440204373
9440204164
7674038979
9700019232
9550202244
9441290468
8019177334
9030000405
8297794333
9246653335
9908014859
9848938786
9885442646
9121242956
6281275015
9949566689
9849222028
9000870005
9515595571
9240222222
9988859222
8897226722
9908038829
9849005825
9490008474
9218101678
9866858601
9642566303
8125502710
9542888385
8143373343
9167318095
9999841766
9391107975
7989248422
8125749755
9052255770
7989626784
7396454233
8143530619
9866442649
9908254531
7675955505
9666705999
9912941794
8885907949
9966200006
9542495425
9429690338
9948236128
9346928141
7095212222
8466899599
9127430043
9966334451
9900253986
7207208230
9666800449
9246999777
9573944152
8978131666
8772264559
9703931315
9700505158
9030405050
9949606006
9959066966
9985208802
9491169595
9701111096
7997990707
9848691133
7075067555
8912556302
6304630063
9491813243
9866161224
8069351908
9849214415
9542045420
7036036035
8341848586
7023991074
7337218494
9182768758
9849229895
9391564829
8632331520
9951415307
9441249487
9010996846
9988809222
8019193030
9032122288
9160200300
9989207578
9848613118
7989788355
6300776833
9966881245
8045811724
8008100633
9000331710
9246413478
7842134160
9440544997
9949477772
7848812346
9291351444
8008333168
8977485485
9908203501
9542493322
7702186918
9014716211
8816223800
9030106037
8247712681
9441042973
9945569178
9676856677
8249638212
9346095266
9550936680
8942226450
9154182534
8942227717
9848313810
9000905424
9948522853
8142011245
9908504953
8922225422
9966887761
8922222108
8106008700
8500193041
8922225690
9052236702
9110599927
9849575847
9589586699
9848331330
9966964664
9959976699
9956777596
9949729470
9848163650
9908318227
8179594827
9848202658
9949809481
9573817132
9912342094
7416415589
9441213425
8647254045
9848823496
8919493957
9110306315
9676980879
8322437248
9533358181
9550401415
7337234744
6305092182
9247169349
9440466177
9154107408
9082706709
9133819909
9652129995
9700733000
9963408996
8143505862
8099105060
9701897769
9292203550
9963476779
8626240568
9247445194
9347507762
9490275855
9550576530
9849505143
9700993891
9885266737
9346978789
9440862858
7659910888
9182909300
9963627372
7893314771
9949628090
9908624747
9885126721
9848272221
9948674794
9985548223
9866461247
9440265406
9494086408
9966413128
9573849401
9440594188
8143198018
9951274876
9010826329
9513185765
9491325785
9440347706
8143164758
7416904106
9856110999
9032953444
8852241354
9848038168
8978176668
9866509644
7780483847
7942813335
8866275959
9848297830
8641233408
9177233200
9866829055
9866026366
9492981143
9985036680
9963122320
9885377987
8309314504
9440201044
9010002349
9600321999
9440943752
9059809667
7396550806
9346688883
9966988554
8500322865
9441986655
8008523908
9502085091
9966151527
6309692617
7842534524
7032884305
8922222662
9866158987
9705423999
9948857123
9949405049
9985521334
7702871160
9959844104
9490472111
9293406219
9542227828
8842367172
8686622447
9247235050
9666449798
7207999610
6300597598
9182522344
9000339911
9908013444
9866789479
9989349739
8885777570
9849244055
8297649798
9704738983
9603323998
7981958857
9494221665
9014869595
9885613894
8518230285
8186953079
8518224999
9494742277
9533290699
9505619969
7661000568
8886967551
8978398389
9885116602
9052143337
9703150288
9885202409
8500866022
9247537420
9052750759
9949733736
8522001100
9441129967
9440984578
9908652301
9390638838
9849495601
9346383440
8854253444
8048851037
9100710777
6302369665
9440971422
9640065995
9951639599
7893001465
9493214884
9603596345
8520000675
7780315365
8179880951
9949809388
9121979877
9441028786
9513181881
9440656876
9866600671
9666262009
9032306628
9866435232
9849718729
7386516546
7013322520
9885739889
9849322448
6302228916
7396889699
9989008687
8179880334
9390377696
9513185677
9700206566
9618923423
9513183083
9848154898
9490036697
9440877096
7396503652
7981986696
9440425488
8088782293
8106046242
9440752020
9441013364
8886199564
9398642633
9491600566
6366550275
9059396947
9535453295
9885764983
9434261503
6281129959
9440641920
8977762155
9392916004
7702636222
8001212628
9398655549
9666767007
9963653478
7075707055
9398652852
8612347707
9603880096
9491430450
8885565496
9014509081
7569222604
9440244569
8919032184
9493056576
9513850007
9346695799
7569002092
7411669296
9866146177
9949111114
9392703258
9030406056
7675807878
9666595515
9951415019
7013340522
8639714117
9299408323
9298906807
9393920870
6300856617
8801255255
8019943026
9010102024
7981901056
9848492477
9849795544
7981635306
8374767124
9704727219
9948846112
9440195361
9848122800
9133833718
9966649994
9441837807
9848607425
9182023397
8624251677
7997272501
9888905974
8332935333
9395578781
8309422525
9505333464
8106350786
9100357667
9515096495
8674294337
9182313915
8559221195
7036295954
9866999104
9550802831
8019995341
9966606647
7989007683
9052095502
9297201203
8497955620
9959984889
6281917194
8185007033
8897157037
9506065363
7406504868
9553354109
8647222159
9348810900
9177774444
9030118888
9014333315
7993975402
8688883900
8922225656
8367422887
9848810949
8639391711
9701299204
8522859990
8247716768
8919394483
9948230474
9849462952
9985093333
7799599729
7981759201
8331037777
8639647945
9885279884
9581183227
9052253469
9949347662
9030241632
9440759692
8096171791
8048103770
7075984422
8686678630
9966237535
8008568150
9440867370
9440796978
9182356489
8106633274
9059506364
9030853633
9849255513
7382222279
9000974434
9949660636
9550792892
9966001272
9492672705
9000683570
8500545656
8555845656
8885774887
9032577004
9959663984
9948014350
9959461888
9449010143
8019039369
8604430443
9963488152
8985403193
8977351993
9705338075
9666418688
7396333542
7842444857
7842494756
9885730902
8500229520
8096665828
9118005700
9347031106
8556221220
7396247001
8639426215
9553614245
8309985232
8143336611
9948892328
9390638285
9000688999
9966661615
7382771988
7780303257
9550633111
9949264599
8285256666
9494935555
7386346253
9032318871
9848538824
8664055222
9030070602
7386347777
8919200361
9292009143
8676232692
8676232933
9492845484
9502876748
9492847485
8886877338
9553487055
9985142624
9346466668
9885292434
8886373950
9573775775
7998033337
6303534101
7095544183
7709058837
9494995094
9885451185
9951786756
9440808194
8842302333
8069250510
8008763880
9963366076
6303921341
9052251228
9739563377
8008947242
9700087770
8106457278
9032979727
9849457667
9852018999
9533646368
9346874363
9397902851
7411274459
7995188555
9010383114
9581224997
9650173156
7893757409
9396967656
8333953792
8099512365
9491304602
9502159623
9059033853
7330644633
9948366350
9248017194
8645296100
9247181991
7660805999
7729869999
8688158688
9493927345
9866586623
6300703570
7989138168
9491013789
9849520155
8832475536
7981011467
9247033343
9398637077
9951326326
9951716888
9848187046
8832441019
9440161326
8897833074
8008258488
9849424489
8919728104
9154675218
9989347276
9398569288
9959451725
9392906320
9441120224
6305536629
8856235393
9281412738
9949134895
9704840443
9573202910
8626244388
9440006047
9949444119
9848060888
8846450308
8004257662
8846601111
9908990463
8002089898
9000960852
9866170286
7306221133
7428890138
8666622524
8662498975
8562243377
9000288989
8912891005
6305539831
9705451537
9581427546
8062914433
9160666166
9703006094
7013072355
9849773203
9390037967
9116165656
9444330532
9885821143
9397693999
9849590298
9677114129
9289062308
8612331323
7799599917
9293958458
9493590999
7303833834
8062914447
8555821899
8121222788
8842372780
9848187030
9943556863
8071404908
9392933395
8812223223
8812222744
8185857878
9160599509
9959242419
9848451381
8125184196
9000557513
9989117772
8832471266
7259852526
8518221900
8142912777
8062914146
8125111672
8592232010
8297649223
9703545391
9440392267
8562222896
7780673930
8886657989
8897058365
9666626645
8977930916
8562242362
6301845740
8062914358
8562258333
9959127327
9395382505
9052090165
9848114784
8672223626
9440423534
9550077677
8096366053
9898989898
8062914392
7330292466
8644228067
9866273040
8644467660
9666248989
9154215011
9966577344
9848232040
9989035306
9290206915
9492505708
9948852777
9619085842
8929210979
8062914109
9642850396
7010082891
8438584385
9030176699
8655605625
9959895974
9109099665
8179387788
9154148893
9676067218
9542066166
8639084322
9490535553
9908087629
7090900969
9963676369
8812355712
7013907062
9866711087
7997898931
8922233313
9848125201
8812220448
6302422456
7799889915
9247596666
8897070776
8121433374
7075441488
9886810326
8062914031
9963846670
9618953973
8978207898
9799337496
9490998800
9160542395
7416966699
9426441234
7095456150
9941414442
6300688928
9494606024
9963141251
9505647069
9398588155
9000956502
8500085497
9492922233
8885556804
9951462666
9603082337
9293126882
9295033786
8929083596
8062914053
9989496525
9440010474
8184811821
9885003314
9966055007
9490880129
8555856434
8912571772
8465885194
7075498001
8846688001
9966333323
8572350005
9100552644
9247388917
8062914151
9912642406
9885418093
9948820489
7331134411
8074222192
8341067919
7948234588
9392205045
9396579579
9985322423
9491413444
8008998889
9494224700
9494234833
9912213366
8978530656
9491154533
9703231218
9290875448
9440187900
9246677225
8672222674
9848837755
6303471937
7901213786
8121742174
9966500868
7337030733
9885192368
9295007127
9553673296
9030309426
9441246073
9849203371
7670917171
8328036206
8978064808
8341108182
9666588592
9182147453
9672906227
9949331234
9948823459
8008999524
9100956577
7659944447
9059025786
8924226823
9642929998
9912347322
9393469494
9849649071
9948514399
7386464003
9701094312
8647221123
9849003062
9346728547
8247888208
9000999832
8500215255
9490048195
9985951118
7981054609
9000340533
9885558680
8099050606
9346434466
9246477087
9290618094
8647222289
9440222370
9963874932
9160234449
8686120919
9397172143
9036450540
9440031996
8556220760
9440949198
7659017773
9059966122
9701476467
9393902000
9866411176
9885253059
8657568824
9704945117
8106137555
9390759393
8919031547
8106252392
8855233008
8309848325
7396623456
7842399304
9985029994
9848896669
9032516325
9676329787
8686219848
8523853799
7815819812
8447835812
7780165054
7337448275
9494245846
9985198204
7989698300
8985853636
9290926614
7993573232
9640491491
9000083738
9494911921
8985868549
9160164916
9493083073
9866711925
9849835750
7942799565
8074152984
6309727799
8447925965
9949701225
6304029486
7396927103
9705047973
9966134349
9848327654
9290445693
9701487757
8977777389
9959933855
9494054554
9440161107
8179608777
9642877786
8143505616
9110586064
9295656456
6300473470
9390191272
7306463800
9491926789
9985600019
9177756789
8571220643
9297869297
9391277817
9515820935
9988993789
8907671111
8885797326
9849973322
7386690008
9490213339
9000146709
9912318876
9533372222
7306679999
9966869616
9810734735
8062914438
8855233603
9705505160
8309531183
9177717769
9888455521
9346265817
9100049356
7989392676
8500772333
9908893100
9052260999
9701231056
9440649292
9390839040
8978819815
9440896390
9885187336
9182674468
8886992021
9248071736
8645232011
8688755200
7330774418
9398394514
9494917018
9666652529
9885987525
7036088609
8333822288
8019191316
7799991183
7981657720
9393932899
9491288004
9177891888
9441353180
9491497606
9948818014
9066560560
8978777573
7416663360
7569765999
7207382666
7989292784
8977718274
9000019971
9014688111
9949688622
8942353676
8048794682
8062914161
9014302862
8501005394
7671013464
7396960085
8309385853
9703832038
9885804630
9703508405
9951690021
9542297985
8922234234
9121595820
9848876420
8963221200
9247173088
6304004810
8047136424
9492767423
8247307094
9319374906
8897156444
8042303645
9949105757
8062914163
9703020100
9154622075
9494136633
7702905544
8925848135
9493254477
9381340842
8125503146
8106112929
9703190056
8500940780
9014779815
8125720518
9032601485
9398533188
9618436939
9441912244
8019963657
7386425616
9885280153
9885636663
9492876943
9393414023
9030383144
9885284962
7658977310
9393096659
9885889410
7780755502
7382378664
6304431377
6304169866
9100601167
9603403266
6309799519
9133505298
9247810983
8247067433
7794979677
9912969008
9966598812
9160699006
9603132666
7382307863
8884755516
9133836396
7799371133
9398733840
8985871216
9182142568
7382159786
8978291191
8639844099
9490302568
8464938271
9642406993
9052225782
8578223256
9492025890
9491121157
8886878475
9889420770
6303693397
7095124932
9491371915
6281097656
9133833444
9100699006
9390085555
9069024999
8498922140
7995530836
7382174786
9515296763
8585859411
9502674145
9030214339
9441592705
8754459245
9591953105
8317666526
8988982211
9848612556
9885941777
8886960526
8686010042
8886665146
6300912212
7989671929
9640676999
9440380322
7893738401
8499888872
9491724188
9490200912
9666586006
8520926057
8564295911
9963749987
9866971329
8096613824
8374568940
9154005577
6281811015
9848269116
9573536099
8555808064
8886311163
9014050165
9885063415
9398621166
7382162681
8118988462
7399974474
9233599169
9311946301
9862282369
7002717483
9612594964
7629081733
8732041429
9854234669
8258884745
8132945722
7005017441
9233097625
9233788944
9402222110
7640808533
9863743501
9402278141
7085947057
9362102700
8415812178
9436057700
8132012970
9233450423
8414969545
8729950783
7085441871
9863079170
8731046566
8794824688
7629985333
9856390682
9615109898
7005035426
9954546890
7002891847
8259030353
7630808166
7085722608
7085672047
8486239959
8413985364
7628083142
9862539890
8118910383
9436007524
7005662122
8062358993
8974141101
7628858538
9863445136
7413926777
8809936996
8794223209
9233431410
9602999028
8794482684
8256004777
9612200716
9362788420
9540698458
9233934484
8730045461
7627997316
8258827576
7002444285
8798050104
8798600994
6009200041
8132935458
9362865501
9678587588
8787673640
8413945544
8415865379
7896188200
7005674003
8822594090
8982884755
9089123774
9615033753
8256934855
9774626564
9402677200
8118916085
9863356668
7005059481
8798048398
8258988735
8415858778
8794460383
8794652253
8729929432
8413893931
8974754856
8729945110
8837479177
7005647229
8731057177
8787628143
9436043393
7629877444
9101153716
8259903281
8004005093
8002456033
6909667822
9435412860
7630832282
8794196502
8258993883
7640847384
8413092787
8413999418
9436684137
9378098057
7085456307
7699002674
8414038100
7896688807
9707476420
9366266396
9612218081
7085160806
9402071827
9402607640
9612431559
9612983405
9856187143
8731084319
9402937401
9436288002
8794633154
8328154596
7654501160
8008908588
9402055159
8486792637
8729838891
7629821239
6201391185
9774882199
7086954300
8787612980
9233097394
8837446026
8259080787
9233642917
9402477544
7085424040
8798850526
6909738965
8729984528
9436634290
6909702243
8413009886
7005119291
8257035089
7085882014
9612502629
9366346932
7411330903
8414984930
9612813435
7085499684
8798866759
8132892771
6909423206
9862920770
9401069606
9402869201
6001233123
7640954648
9856084271
8119901732
9118002000
7411864573
9152928718
9167118957
7357201667
8071639258
9862334809
7005309910
8071325946
8415976304
7629916413
8062646631
7002072461
8730029629
8119062046
9436898629
8729948235
8787833912
6909158427
8798053612
9362921755
7002369239
9233997178
7005046841
9383105826
9402755212
7002635084
9402250960
8974566390
9774332127
9383386280
9774771773
7629046449
9402625188
6009844973
9863335638
7002464886
9366497275
8974491334
8119004850
9436044447
6909740400
9436607624
9366207309
7060909232
7738311476
9707726625
9862192735
9954300402
8132913581
9383105923
9233648313
9774361766
9366884221
9971820691
6033877122
9436690412
7640819005
8667081938
8413819072
7578074233
8877239945
7085198886
8794157051
9402241413
7640840775
9872383675
8837259349
9383324479
9954861320
9366523475
9892579596
9366681617
7896931551
9233432941
9101131117
9774627318
8003451500
8119849295
8730956725
8414063064
9362559340
9863349473
8837059825
9233631620
9394212008
8798656989
7629828972
9402009400
7005186101
9863472991
6909285508
8291182587
9856306743
7005151159
7005647390
8132924644
9366280308
8794661565
9101408456
7640068907
8071326632
7638012609
9612712262
9862389401
9612536830
9856022581
9118722117
9650407082
9799118011
6909606980
8787891118
9311849741
9402483062
9147702074
9612981843
9612803044
9366286642
8256947897
8729928899
9571745931
9436226004
8414995516
9436631844
9436239389
9435036542
9435569704
9436049097
8798024504
7005465090
9774645275
8348728437
9905638073
6009165349
7628011179
9362921112
8977539976
7628901052
8119004171
9366937877
8133041275
8062277768
6201760532
9862643693
9402221775
8414807387
8471014189
8787881181
9097728909
9402073959
9436043130
9862651991
9394546730
7085825235
9612433363
6909756744
9612123976
8595450450
9402929823
8132861694
8259093157
9612447003
9365135265
9888992456
6033835365
8798338069
8258099473
7629957167
9612677608
8794015076
7629058490
7942725617
7629929080
9863722537
7628936244
7045088617
7205422142
7757000000
8837451605
7085221922
9612209981
6909321002
9863858284
6909447215
8787481327
8123841002
8119090484
9821804976
8259079115
8974422274
6909172542
9008763440
9954250672
9366288484
8414822209
9612751855
8131909433
7085545858
8794994491
9872449948
8798672220
6901145009
7085295229
9958598842
9953658779
9383368570
8910076013
7099145499
7629848958
9517710625
8486253485
9774748828
8258021819
9383345207
7005453474
7085078774
8794388021
8442025679
9863790572
8837429966
6909298028
9774461799
8798671284
8837223232
7906506058
7972436549
8119093935
9615475030
9402070868
7005940568
6009526445
7005605117
9774458324
9612317727
7085874499
8794824761
9742224461
7019390523
9899928155
7005740541
8131913901
8794371871
8821881433
7005170248
9774022918
8729948473
7005576390
8730803390
9383328564
6033838021
9774799828
8974954810
9819170361
8974126262
8974101315
9863014616
8798126184
7005893603
9856843968
9366486220
8798411069
9436254125
9774185577
8415814993
6009392730
9862625841
7005165578
9485231286
9862335354
9101285738
6009194639
8132800865
8798542182
9436898774
9267918035
8638985478
7005212400
7005101152
9612185252
8837355309
9612528810
9402045192
9436408637
8638977183
8131040050
9436056071
8730998812
9383295188
7640082448
8588090807
7628933191
9402754183
8132012282
8486791455
8860385761
8794876491
6909745058
8731928754
8794733935
9362574640
8131817076
9233728474
8257993288
8976793102
9366124858
8062914394
7827939033
9366657358
6909718401
7208917135
8042535504
8787892784
7005106536
8258097180
7005226537
7005786077
9612751859
7628928150
7628812464
9436427922
8413999569
9395357701
9233568345
8132981128
9619032252
8798866013
7002255411
8415074315
8787622134
6009159850
8119911908
8798047979
8473908701
8415971057
8929157897
8787462986
8049367832
6009760453
6909421195
8134861081
9101324094
9181355171
9854092420
8291979541
9101157005
8822022925
7002520744
9706430022
8638700652
6002827913
9365325727
9658898445
9435946775
9954836997
9085161349
9476831733
6003925077
7002372834
9957547257
8847068332
7002676496
7638066094
9435222845
9854974240
8638687197
9859782866
8638027933
8753957448
9859980790
7002957309
9859365490
8486733499
8254843888
9954034399
9957119125
9101452807
7002857377
8638836741
8638296081
9864398315
8069761703
9954341808
7002494408
7896731210
8876223344
7002187260
7896618872
9365001732
8638112240
7002789548
9957872766
9954738825
9957174751
6002372482
9954647744
9401226800
9706042186
9101818934
7002625510
9957937587
9706262571
8822777555
9854016665
7578942297
9957343013
9395265478
9957015499
9957795647
8471861455
8011612176
9435729292
9957117644
9854131587
8037499982
8822977592
9395755944
9957039787
6901861105
9435320041
9435594546
8099464707
9706578475
8761068085
8638227300
9774439316
8638843173
8399999758
7896171820
8876785954
8638017327
9854059184
8011433732
8876425878
9854847131
9954454758
8486839764
9435720622
8876679401
9854066775
8071326880
6003909961
6026511802
7002089340
6003121297
9401706863
7002408110
9854041151
9954691917
6002116965
9435866957
9678599577
9954513134
8638053569
8638792552
9435126920
9854909821
9435082441
9864829090
7002520323
8638241276
8062154182
9957141789
7303860860
9864197014
9613873427
9435022212
9127105722
6003429996
8761904925
7002933340
9435093110
8011890666
7942762712
9854860558
9101863692
7086119375
9954012228
9395392077
9854520517
8037221079
8071867259
8011402998
8638587560
9435524565
9101661836
8135808990
7079802710
6000944485
8486468246
8723925990
9864000218
9954326279
8638124844
8011600961
8721020149
9859936524
9706045467
9101716271
7002603098
9435432969
9678966857
9401480938
7002108866
8099400503
9859327675
9864085085
8099797241
9864042686
7002434479
9706361393
9954523779
9864020295
9953153347
9864535621
9508499405
7578028824
9957338998
9954241978
8037781781
7002340275
7002608339
8638028795
9365735363
9401801524
9395998738
9435035009
8638220482
6900662138
9854270082
7002688428
8638286653
8876502934
7002551348
8135975507
9435131118
7577852185
6001845452
6002804448
9435131034
9435131285
8811820064
9957381406
7002086530
9706156760
7002380958
9085511156
9101120271
8474876742
8822483348
9706471174
9395958055
9706799249
8638099681
6001701567
7002115730
8136039280
7002349120
8876612133
9101178002
9706006121
8473938121
8486106233
7002655586
8011279491
9401756958
8471944485
7003726671
7002526382
9401564069
8638653649
7578994855
9707272557
9401499500
9435322365
9101161244
6003768807
9706974084
8638617056
7002280223
7002775050
9957762641
8486192391
8638453360
7002313911
7896176297
9435170826
8486872553
7635817577
9330022090
9435775677
9085000873
9957109211
8008890075
9394938701
9101615872
9864014672
6002907105
8011050757
7002626821
6002330055
7099075346
8132862428
7002711932
9954070036
9342968131
9395842431
9678400498
9435174828
9954220195
8471957529
8724842915
8638077227
8638285419
6900254450
8071325963
9401173268
7002446121
7099016681
9643078103
9954229093
9706031688
8071326303
6900880032
9435051111
9435050672
7002413182
9395591621
9825323384
8486586534
9435052121
9613720948
9435993430
8486073617
8399927288
9954068890
6900179631
7086419400
8167692041
9387548908
7002058202
6000475660
9365946400
8011271432
7575950003
9864834684
9435746047
7387475486
9435014693
7002845046
7002714369
9954556972
9864175110
9706746279
9613159668
7002813955
9864210495
9954751863
8822938967
7337885262
6001069229
8638722574
8486119539
8486163717
9954684922
7002312238
8486330964
8812069145
8486808582
9365452365
8876909172
8011680913
9954303765
9365050380
9101398856
9435846733
8099340360
8011857996
6002405509
9954249955
8237784220
8638683445
9678082491
8486249925
9864183092
6901474499
8011397192
8876262291
7896805776
8135846467
8876962994
7896513626
7002311923
7002974770
9864377658
8811045865
9859971447
9954829016
7947165318
6002620081
9954736527
9289922727
8638993289
8638829654
9395961379
9891564622
8011128257
7002617504
9435044292
9875370663
7411959628
8037839443
7002063455
9181860511
9678523754
8638061914
8638791021
9706668676
7578087120
7636015067
9706165590
7002426238
9365288269
9435070738
7605850733
9435070493
8402080886
9678064500
9859905173
9365009083
9954110385
7002505482
6000074852
9435081856
9678043978
9957038466
7002871633
9612646991
9706160542
7099646554
9365846490
9954441590
9365049361
9365190327
8071325765
9127826826
9954996308
8472812681
9854016747
9854060369
6913817204
7002043811
8822664400
9954250476
8011744331
9957132421
7099189321
8471892554
9395405108
7002922651
9830036331
8812911298
9435015057
9859941044
6002393176
9706012629
9706432846
9854154509
9706771104
9864972096
9435150854
9613756544
8876385474
8724875473
9395713803
9613034235
6002348850
9127868136
9435887987
7635990714
9435071014
9707624042
9957453637
7002721227
8506064181
7002136608
7002618168
9854982121
8638082502
7411781196
8822462855
7002976794
9954440122
8071629975
9706321335
9706006842
8037839389
7002755943
7896849391
8453047619
9395406005
9435754461
8779338621
7002341140
7576862499
8062904654
7002131213
8472848208
9864762453
9435127100
9954044600
9864858237
6000120535
8822579096
9395115595
9957568259
9435035933
9864354539
9435044598
6000981707
9101919717
9864437293
7217888043
7086589109
9954425651
9193759655
8071629331
9395639741
9401369987
9435018838
8256050972
9435171449
9706585420
9435376484
8011002949
9678256865
9435021225
7002641131
9678109385
9706430986
8811096395
8638836853
8638489842
6913349749
9435702729
9435030376
7002023858
9365775610
9435341555
9435029874
8638978550
7399051141
7086377035
8723031166
8002095678
9401561851
8638894669
7980169014
8638943200
7002683674
9854225594
7002919245
9435117379
8011959088
9864518219
9957642865
9864582586
9954383933
9707602137
8638227428
9435037936
9707137450
7002814759
9085112349
8133875728
7002041044
7896503845
9706907133
9101377719
7002043674
9678973572
9435053760
9678377774
9954564336
9435131612
9706967139
7636034478
8876964151
8011120191
8876164484
7086719741
7002450833
8099198386
7002804843
6000714841
7002612913
9706036257
9435053902
9167797065
8812099857
8812993610
7636815166
9954807195
9101922327
8638923635
9859343272
9957067723
9401910053
7002577258
9435326720
9854337650
9577449810
8037908062
9435861048
8099871800
8723054717
8638001751
8402937093
8811033037
6900298266
9085582331
7896326257
9864081643
7636885300
7099078880
9864063410
7636043024
9435500474
8638750225
9954355067
9678137398
8071499779
9101456047
7896605582
9707755579
6901484084
9706440801
9365488525
9864971380
9101173336
9988118077
7002393279
9435080571
8876256964
8638033549
9435083689
6900525308
7002799049
8811034502
6003762926
9101756294
9706934551
7002732659
9435515751
9678864610
8723099781
8822011115
7002804780
7411959323
9954056775
7086445537
9435472771
7002306653
8723852427
8761872125
6002091017
9678017888
6746172455
7002786025
9435829075
7948232994
8071325763
9957967686
9954019311
9954019301
9854131306
9350490367
9954664424
9864150610
7637002152
9401104519
7086111188
9678006793
9085116620
9859594815
7002408741
8071643630
6000474066
9435166476
9435066701
9954829833
9613174925
6900964126
9854421127
8638025456
9435028342
6000577808
9859291765
8071325766
9613267325
7099030408
9706831456
7002073933
9864510752
8811058730
9435070277
6003340409
8474069339
9436103607
6296040012
8453855501
6002778983
9706040067
9101705015
9435095190
9101261118
6026026020
9167938697
9435081667
8403846830
8011235327
7099061396
9706911328
9678672454
9435021729
9365497005
9365848945
9395370466
9953832735
8402074220
9864406322
8399927822
8011004801
7002710433
9613341507
6901394590
9706964242
8471866205
9435064250
9678074406
9706299331
7002212567
9435015763
9854021162
8822604300
9435088622
9678729550
7002510247
7002072057
9101088693
8069840333
9101208744
9582340673
7002369063
7896619891
7086640436
9365194432
9401805330
9678292350
9706114928
8638164665
8473085929
9167086485
9954189489
7002601967
9531373430
6901646744
9954313272
8723821276
6001575429
7086599123
8037016305
8638754213
9101325849
8876411701
7637052090
9864781466
7002399812
7002347394
7002690290
8048794632
9127061176
9167236193
8453599367
9864361202
9365951541
9954488915
9864188725
9864141194
8473964801
8876785416
9435087013
9401800792
8876979849
8638249423
7002901844
8037517851
7002028157
6901825608
7002596228
9864365699
8181810318
9401877770
8876297908
9365349775
8638131010
9435178178
8471947712
8011684484
8402990712
7489901768
9085848482
9435609990
8071325941
9394884776
9101252446
9101217689
8001801961
8486098999
9101051016
7896622950
9707051596
9167109177
9435025455
8453126665
7578998599
9678960249
7086647020
8720907097
7662060087
8876512795
9864593359
8638613415
8638212368
8638285837
9706308036
8486816960
9873547282
8403927844
7086204611
9864031115
9706946757
7577036009
6003295802
6001056762
7002722878
9864793392
8553641649
9435078636
9435016097
7578091795
7002249506
9613860039
9435027710
8044924073
6003952135
9365449879
8472911981
7086822774
7896022252
8876553605
8100832837
9831033390
8486815003
9706323580
8048794483
7002515839
9365806659
8011266741
9147097168
8822859287
9854338160
8133036919
9233313592
9435101209
9859219676
9167782466
9508393937
9864140081
9101085182
8876565001
9954374365
9864062707
9706345056
9864546058
9678540732
9127009148
8011915458
9854068858
8921895045
9957444434
7002336760
8822757840
9718752776
7099899764
8720950836
8471936950
9864546681
9435478790
7002366970
7217888128
9555058220
9864099477
9401957903
6026990969
9864114608
8638285425
9101736198
9435005259
6001055081
6001452384
9864575299
8200198381
6900560177
9401972727
8638781841
6001108906
9954177168
8135005516
7002696929
8822882266
8638323745
7002098011
9613236463
9971143002
9957982474
9864071376
9864709697
8010411640
8811830565
6002368421
8752972718
8723039405
6000173335
7575972286
8347863383
9435900313
9401914830
9864077172
9854584868
8453558400
9435035412
9435062559
9818028960
9864812040
9864040045
9101807091
9957557994
9365576359
9127885670
8876513754
9643803629
8486134115
8048121230
8073086651
9435135089
8486036730
9435649697
9859380500
9678251004
6001556550
7002860218
7595824328
9435412127
9435035483
8011113478
8638618867
8638986028
7002072803
7002354302
7002271842
9676803958
9706035596
9435886637
7002941879
9365632407
7002300216
6376197311
9864012345
8486987980
8062289116
9167236354
7896015194
6000567522
9401366088
7002283504
9954396612
8474800440
9435208992
6003629642
7899922962
8471982340
7002092008
9387117903
7002512491
9147741207
7578951367
8048104721
8976844386
9206110105
9287954076
9401001114
8655630846
8822146357
9508811194
8402956968
9613743546
9954366417
9435168110
8753964947
9394100734
9706037229
7002472589
9707159919
8811965384
7099026912
6026032035
9101847343
7002702216
8521438530
7002791504
9395337359
9706216661
9435036346
8721081389
9435139467
9864470384
8001036030
9435233166
8929759616
8638672782
9101001658
8812034781
7021986899
9678849565
9395180951
9101205228
6001470157
8037002416
7002063733
7002232049
9435325631
9864697457
7002300380
8486476703
9798342322
7002130602
9706500308
6002388785
8638552175
7002729754
9706975012
8638056759
9435736118
9207355640
9954384667
9954910703
8135028661
8638340253
8822070581
9859948025
8045262394
9193561755
7068961111
7002027225
9576231190
7577997935
6900479242
9508925159
8011885420
9365183552
9957251410
9435089812
7002302212
8011566133
9435182657
9101145560
9435500087
9085567300
9435734683
9957099815
9117846526
9864508681
9864012175
9207045441
9435706903
7086021766
9706098720
8486978401
9101863268
7051319355
9854091028
9118001080
9085234433
9706053975
9706502915
8071639119
9387723131
7002284080
7399066006
9854691893
7948232971
8787706566
9395036349
8011039467
9147372793
9859800813
9435163079
9435321794
6003853608
8037515212
6000030974
8037016303
9435083976
9004438678
9433080273
9718888366
7397095711
9619885653
7636081150
7002679126
7099598638
7578008005
9830640004
9678401932
9365598730
9395331873
9864952493
9957651453
6002991161
8638957319
9954382492
8638346250
9678056025
9854643314
8638894776
8638126196
9435323114
9127010044
9101112972
7708015151
8404014995
7002321108
9957123501
6003509312
8011591844
9957181929
7002514782
8134067358
7635895125
9864223172
7086832609
7002691744
9085366819
9854242918
9707648703
9864141033
8638559455
8133810814
9864767066
8071264001
9218101677
9954893715
7002197130
8927753318
9706485170
8638395780
9707785767
7002702544
7002301995
9678794838
8876889977
9401407128
9864766044
9101693643
6900377078
7604006354
8402964388
6003369497
9864364159
9435389825
9101474832
9678863743
9864232443
9365314607
7002295558
9435053877
9394574392
7002368423
9101866640
9830634556
8638090554
9507176135
8822666444
9435101433
9401689062
9864016070
8100738987
9287951489
9864218442
7086750909
9101866533
9854449449
9394020122
7576096325
8876728527
9741187827
7002604403
9435809039
9395825499
7002267462
9854162712
7099023434
9706905062
8486139810
7002923822
7002256039
8134805488
8876450280
9864051910
6026938971
7002871037
8638139445
6002521532
7002656906
7575901298
7002868297
9954122762
8453542480
9854026353
6000971168
9954065132
9435729125
9435095689
9577126943
8876006559
9864049254
9706096191
9864820942
9435019357
7099026842
9954251995
8486819723
9707077188
6292300585
9395807784
9954971275
9435736602
8399913123
9954485390
9127321329
9101583799
9085875469
9706899892
9435544440
8453705603
9591972785
7259672680
9319995347
9957896037
8486121228
9365276313
9864204814
9435076822
7627953411
7002565995
7002029895
9401281375
8638730704
9435108236
9954012626
6001588604
6913649961
6003898533
7978115561
8723974834
9864099919
7002954340
9435398736
9864142448
7002262857
6901463131
8721037701
9854412903
9864011792
8638190724
7002831003
7577846733
9954621537
9435088812
9706111111
8486024166
9706663277
7002556614
9101961002
8876348673
6001447170
9864894034
7086270020
8822495374
8071326883
8638293380
7035430001
8167541947
9101932224
6000390814
8876179806
9435008662
9435168254
9401069901
8724823280
9365964757
9101783914
9435630840
7896757820
9706030558
8811000889
8473926571
9706069251
6000635221
9127816204
9435338038
9613173173
6000156640
9707980293
7002870793
7002691506
6002461215
8071326287
7099132444
8720951338
9577919482
7002235982
9435079290
7002053253
9009005678
7002266485
7002051958
9957729111
6901130654
6001519155
9706205269
9954071034
8876903428
9435052313
8811867984
7002393259
9864218378
7002378448
9401502378
9435360212
8011640930
7002419697
9742335941
9335562273
7636082011
8638793866
8918873410
8638904662
9678544563
6000952138
9387411083
7002873033
8442842625
6900125001
7896104260
9395146761
9954729782
9101085201
8045312363
8638613523
9101649224
7662990000
9707666767
9101777085
8486555630
9365251804
7002027713
8011446603
8011792945
9954111432
6003367116
9101084490
8876842350
9863697014
9101891428
6000462833
8822164805
7005289882
9954624515
7002789368
7002683072
8133037257
7002311699
8723061427
8011761868
9706040561
9101177565
8724049613
7637801245
8638044937
6001281166
7667931267
9954014221
7002880112
7099031007
9678470316
8638017127
8721906628
9864585404
8920328231
8474805485
7002618267
9864486894
9401555804
8071325961
9435524041
8638507015
9706339249
8723003456
7002822514
9678313715
9435217027
9706569044
8473827722
6900468352
8099540514
8638447345
7002702134
9365290963
9387467674
8876790351
6002610318
9707731688
6002458424
7478383549
7086321195
9395277528
8638072616
6000715526
9085345735
8638137228
9435529608
9731056299
8399980720
8011161646
8761072397
9101980608
8638310603
9435106748
9395955541
9435045358
9577273240
8638384965
8812920228
7099390602
9435504176
8037267039
9401814742
7002742321
8011340491
8486950878
9435034290
9435031366
9854121113
7947166695
9706007020
7002290542
9127096939
6000864965
7576934255
6003669780
8724040929
6002839905
8402082321
9864369696
7099032757
8638015396
9085348072
9864095583
7002882642
8724872895
9395038403
7399410657
8011716300
6003401850
9365415066
9957748650
9435082163
8453887188
9954411405
7086644084
8638678408
9678574119
6002834460
7002818618
8876994503
9435061011
9577638513
9435322426
9957111429
9706482398
8011335591
9395555080
9957371310
6909024545
8486202537
9864011482
9038389666
9401268716
7002510166
9854497595
9854201376
7663050461
7636814367
8133050026
7085206266
8822472152
9667242243
9435051017
8399883117
9859502715
7099075749
7662000888
8761839078
9854624231
8064280563
9230988063
8638599372
6000820991
9147412203
9954976315
8402892093
6003606979
8402098620
9954493799
8486574572
9435782568
8010680818
8822115441
8876712628
6003891703
7002747752
6901640279
9954220638
9101745200
8067518069
8638911263
8169119183
8638727485
9957689472
8929335947
9903619637
9101482611
9366283209
7002984989
7086432546
8133828044
8011188489
8486953066
9760332054
8638342783
7002280165
9101128649
8135013775
9101641062
9859414610
6900350100
7002444703
8099778388
8794057020
9508162473
9101115211
6001230330
7578837981
8473076629
8638328616
7086150745
8011407773
6003653975
7002505571
8638028443
9435366163
9435666777
7002563175
6002671703
8099554765
9854081948
9101630166
9435026585
8403869048
9612574461
7002332063
7086791169
6265812506
7086008746
9181801652
7896925276
9854900103
8638780717
7099217101
8013046328
9864026328
7002417442
9854299409
9706233498
7035549676
9365837085
6000542557
9954050917
9674181899
9706996896
6901299599
8135934797
9678079661
8638129609
9864086207
9864057109
8638212901
9954027862
6003368214
7005382959
9957565063
9864408436
7002642249
9957223131
7099028830
8291014834
7099916914
9864202439
8876015124
7002191118
7002009983
7002708616
8638092124
8811089166
7099065545
9957075630
8340321752
9707160930
9147100675
9435519366
7002509365
8310019840
9954474621
9435084102
9101060316
8723914231
7002324949
9435041192
8761865300
8822011215
7002817797
8474836780
6000540004
9395445372
9435111988
7578014731
9864040933
9394325370
8135983975
7080601376
9101689048
9395986488
6000746361
8876905683
6001077231
9678878944
9395343886
8638706085
9864111573
9864543533
9954306734
9365930018
8071326449
7002854742
9401835218
6002816499
9864548441
8011339543
8099203377
9954059094
7002058281
6000802120
7002066532
9954337271
9718144975
9954761751
7099064625
6002240715
9706496989
7577086510
8099149135
9085308549
8473890609
8811851953
8099083250
9101197909
9508769787
8638152861
7834868691
8794772192
7002502795
9101158857
9101213707
6900834462
7399302753
7002339015
9395177758
9954654065
9435137070
9395689330
9137541260
8638021151
8099174720
8471916145
8002660123
8822306589
9954559738
8399049966
9435110851
8638997196
8876068512
9957047243
9319697762
7578942157
6002539722
8822358146
8822880888
6001383232
8899164600
9864028600
9435081989
9957999854
8399052336
8472899063
8822599194
9957069702
9706054505
9706103175
7637906431
9435134451
9401779096
7002474967
8472969380
6901759253
6002169127
8822086865
9854080052
9707774844
8101559957
8822819525
8638274630
7002655819
9678585749
8724091627
8011175539
9435018716
7002549389
9435051891
8638419202
6913035704
7002120320
7002584171
9101625191
9101110948
9957614931
7217888089
9854798157
8042783391
9954614157
9435521951
6009248733
7896046700
9854020464
6900513083
8486844810
7638077950
6900964106
7002482084
7086335733
8135901826
7002423652
8638375977
9395665395
7896218181
8099197889
7002972868
9613748416
7399268601
8046076790
9395987966
9435364485
8486498656
9954056021
9365654485
9531217969
9954262661
9864044677
8133851476
6900463357
6002444959
7002088050
8794723211
7578936640
6002810649
7971172247
9678179369
8752982903
9435742326
8723873925
8638280042
9395137872
6000879350
9362547945
8134957225
9365476611
9864783172
9864704650
7002310810
7002057020
9435375550
6001649708
8638005600
9127233785
9707379911
6001155653
7002904266
9101254447
9365894677
7851975599
7002218406
9435134471
9706128815
8399925115
6000410743
7002100525
8879133730
8067335552
7099075928
7896318435
9957126349
9864054335
8721915013
9181168706
9126179509
9435765173
7605009294
7575999635
7399299510
9706041761
6001711996
7896407737
8004201600
9085295330
7575902259
9319995349
9147005749
6913131031
9954586082
8133991610
7002896801
8402028864
9401110007
7002698933
6003622455
6003092924
9085661629
8638263327
9706012743
8876242082
9101132698
8473065854
7002386136
8360103842
9864821916
9864193940
9127055456
7304280961
9401084764
8399935752
6000401653
6002722689
9706968485
8011659071
9435209035
9435472863
9707298800
9085523279
9101272725
7002686927
7896768476
7605009263
9401110099
9101288387
8638798044
9435117480
9864083120
7002614407
9101714290
7005993126
9101062966
7002948865
9957112207
9127010808
8011112020
9101221815
9864138799
7002884117
8069352499
8822019794
8403062892
6003898118
8327718656
8133910984
8135017157
7596039855
8822314363
7896984056
9401078318
9365738266
9957534931
7002251316
7605009264
8638195038
6360041817
9864449972
7002814863
8011316911
9355834484
8069867698
7576081557
8638733083
9678957745
9954200225
7005697650
7099325073
8011969219
6003251594
8822602911
9101291409
8638521817
6000480085
9706919361
9954593331
8011791125
9085328111
8638012560
9395429159
7002315301
6001415707
9678178264
9717122998
8721922423
7047041793
9395831313
8822986554
8812081810
9854089933
6900389348
9365701144
6000090678
9854127370
7086765953
8037781542
8837358224
9531151409
8473953891
6003916512
9435071041
9707790477
7896896008
7002263421
6000185615
8503020156
9360128316
8638621824
9954979166
8876140966
8136068143
7002980194
8011300986
6000278873
9101195163
9954874354
9435139699
8047138362
7002299428
6900329031
9101292597
9435339105
7002947549
9859464868
9864025441
7002408490
9854239121
9435073733
6002042108
9401852923
6000290837
9957641865
8011154949
7578964297
6001660416
7002394519
8822054917
9678654182
9954414992
9864881009
7002954330
9207321112
9435623625
8420435244
9877777327
8095079700
9864614346
8402816824
9864360092
8011149150
9854029916
8724966143
8638803399
7663075986
9707221100
7086525766
9864724115
6000839550
7664819339
8638174565
9435142414
8761886946
8721979506
8067518070
8402865589
7577080733
9577803697
7002373326
9954837137
8044924892
8638725332
9930565555
7002048690
9435335682
8069352467
9706080256
9864311100
6001396662
9954610186
9101429533
7896003339
7099013417
8751947393
8638544296
8876815700
9707186398
7099066880
8638969932
8638990410
7099603421
9101730692
6901578088
9957829477
7002540713
9435454721
8753958747
9706531220
7002376271
9864899923
9365427792
9435163770
9954868163
7002451181
9401707117
9435071632
9954836768
7002213329
9678639051
8069352458
7399451890
7035380629
9387598717
9707918272
9864469464
6900999323
8638509653
9181021225
9678456450
8277605201
7002321710
9954555134
9435336000
9706128920
9957498725
8486070143
9864097158
9508088088
9435001490
8486035145
9531260370
8133947096
6900571068
9862448392
9854842408
9435000000
7717784285
9678092143
8071370715
8761835522
7002208408
9401379063
9954828924
7891745793
7002474932
8037537455
9401872921
8011310434
8486083345
6001445645
9435324953
9706114511
6124157835
9101300188
9859774840
9435050405
7002051052
9265269081
9706161625
8638749746
6000765250
6026744174
9101752809
7896370037
9435094790
7099042240
9132177314
6901521856
9864140488
9707823453
7002052723
9435146148
7217888136
8724029404
8638908398
7086263932
7002588019
9706746421
9864273011
9678772048
9678393415
6000968022
9706427019
9395099327
9678665171
7002616077
9435040525
9365086386
7576847017
9864117247
9401727603
7874001086
7002311306
8011743648
8134012244
7099014499
7002100102
9854138827
9365444460
6003055728
9706816374
8448448742
8720986596
9435372815
9678523016
7002885883
8402813908
8133074578
7086324679
9435699661
9954255642
8638154488
9706303166
7576866944
9954066039
9678774577
9706001982
9954294618
8486030609
7002278196
9864210194
6900640334
8047135934
8471846382
9746952230
8638170422
7575950006
9101860148
8876396492
9954381801
8099824487
6001479197
8876506944
8876360601
8638440742
8876444490
9083623579
9954015274
6900957819
9678497523
8724878785
6002366004
9395252991
8011935290
7002026059
7002064939
9394324040
9957597709
8724834770
8638475739
7002234307
6900736441
8638213074
7002032987
8486245212
9864806108
9101103513
9435432636
7002608293
9854793099
9435765260
8638071604
8486002549
8638398377
8473802909
9954887893
7576930241
9101918659
9678840364
9435209140
9365520082
7664082490
7002544258
7636818158
8822233153
8638386400
8822004967
9365092811
9401793677
7002412287
8638724916
8638343358
8472987543
6002824534
9365851008
8876825291
9365097620
8399991997
8135824740
9387867789
8486477968
8486254701
8011869878
8071406511
7002360620
9854225467
9365071036
9707600673
9365794485
9612156969
8099605156
9954982611
9864097726
9101128352
9707923481
9394506983
8037267217
9435086020
9864770033
9101087107
8402933536
7629965320
9957446987
8453290837
9973333442
7042615454
6009805693
8453167324
9435061102
7002201990
7896494254
9678266096
9706254307
9954840557
8822485842
9395424006
8486121333
9435020314
9864900515
9085081111
8638681451
9365353745
9957651038
9774020668
8062646652
9126462724
8638759405
9678337739
6000913734
7002705292
8473050317
8403801431
8876653532
8638085308
9854000789
9706121654
6001723243
7578004277
9435910769
8133055360
9954011800
6002268554
8002094949
8638618833
8003949108
7002032703
7002319450
7577987002
7002507432
7002482007
7002064301
7002055858
8876437004
6000505868
9101730581
9435156168
9954907757
9706204933
9365264055
8638133802
7578040931
9864676167
9435102864
7099799471
6001551101
7002412590
9854033173
7099345037
6901130076
9435127534
8638470441
9854001122
9954580715
9101421311
8099312502
9101236054
8486371761
7941056669
9859623890
9577982688
7099997080
7002247062
9954793112
8638847659
9954474229
9435052600
8822090930
8486960451
9435083677
8721030893
9395827174
6353599821
8638571407
9387947102
6000640457
6001745902
7035669320
9435884198
9864012533
8037267065
9101907931
8474802688
9365076389
9854512513
9101379123
8638362757
7002725247
8720936632
7896008175
8884371293
9435555885
7002868411
7002952636
6000053433
6001937714
9859608739
8638674035
7099442882
6000350558
9864062199
9678548295
7002376566
9954919644
7002213943
8638429144
9864623040
7002217429
9707846345
6000059672
7002393553
8822029471
9508255177
9082229728
6000104026
7637847634
9864250543
8011181524
9101036244
8069874143
6026801607
6000341406
8011166663
8822186723
9101089848
7002690597
8822020860
7002272526
7002058562
9435081494
9085952175
7086582105
9435518767
9365956481
9435166499
6002748591
6001500443
9953250703
9394635311
9181110231
7942845407
8822116600
7002819018
7002154077
9957333991
9957271916
9706844579
9365775210
9435389509
8069351763
8473822261
9435021491
9435242850
9365686415
9207412030
9435071215
7002709506
9678015226
8134024011
7002106929
7002607103
9957553950
8037267216
9864928117
7002864496
6901223411
8011909030
8638129767
9435124067
9101345856
9435543593
9101135184
9429690455
7002334131
8403057036
9365488698
8062368527
9864680920
9365109873
9101524586
8822651135
7002338478
9365528813
6001924442
9707660309
7002562832
8135028104
9864751600
7637020855
9854261416
8011268392
9864012475
6002268717
7578914027
9678783616
6002668516
9435023497
7002282322
9864649956
9957586393
8778667657
7002389405
6001574552
8638686253
9954428902
7086772628
9101612170
8822992042
8638786045
9864938233
9678632064
9706722217
9864264905
8638318943
9859238698
7896710934
6003274746
7002928541
9707211884
8169892013
9282636208
6001455470
8638257526
9707677870
9903742011
9954485918
9678446386
8753079799
9435765629
8134879632
7002955855
9864031382
8011071838
9957089150
9613506775
6900380595
9101535125
9508020707
9957460348
9706039318
8822232327
7099200123
8638083768
7002327833
9435213180
9435172935
8471884090
8472901653
9401847991
6001130583
8723043073
6002908609
6003937434
9435212403
6003375361
9401101995
9435050505
7896764232
8486025041
6000214695
7002853225
8638537656
8486106282
6901532163
8822589327
9435561765
8761887225
8811968390
9706882008
7002592362
7002293931
6001295855
8037002033
6003921745
6901979799
9864667227
9706995626
8473076546
9859157126
7002669960
8638170311
6003499364
8812878070
9435080717
9854019460
9508438544
9864179853
9365629672
8011863847
8876246952
6900949900
8037838777
7086045833
9641569426
8071372576
8822609220
7086008952
9395551201
8486303323
8071216643
7578986547
7005861334
8474838974
9101541568
9435157461
9954652309
7969122876
8037118067
7002611291
9706189490
7002026765
6002145297
7002365279
9435910300
8822776161
8133930281
7969285779
9435084777
8486530381
9127802050
8453997917
8638027102
8486581192
9854903316
9706434257
8811968628
7903944206
8011998525
6900968674
9365545582
9954022863
9706179055
9435199628
9854050567
7045274951
9904575203
8486037184
7664941000
9435087019
8486444045
9101240560
8047629948
9706462712
7002715405
7002665728
8638168354
9706955024
8822135679
8486634397
8133809640
8876109748
7896669944
6000298436
9126482214
7002892704
9365765660
9707727613
6002350052
9394937200
9365200410
8062216518
7002007050
8638488308
9395660361
9954453882
6002104346
7658919293
9085617022
8071326528
7399199408
8638978271
9706901353
7002658406
6003540817
7002310613
7086114441
8403986538
9706812443
9864495278
8798024987
7086360378
9127155555
7896450441
9706687732
9029352707
9706850744
8399062717
8822874777
6001849533
8638616498
7002843893
8822922060
8011619141
6002866194
7002541842
6001746874
9957087741
8812031332
7002953419
9435155338
7002555059
9954580784
8638054387
9167298117
9996668351
9707794373
6000858046
9957334515
7086519510
9435913292
7002593969
9435104717
9613235388
9181839706
9864180234
8638330329
8822123373
8876061062
8822033082
9435076180
6000825860
8447386182
9101507416
9854054157
9954952313
8638505962
8638757905
9101503760
8876874325
8638119250
7906467662
8876866321
6900212414
9435514204
8474846090
8486180715
9854008143
8761988342
8638826235
6000217541
7637043908
9365403825
8876804986
8638871151
9101180754
6002116162
9706776165
8638250060
8011728602
9678971175
9706611069
9864783620
6901240660
7099067999
9101528422
7896512437
8037839890
6000720837
9435428204
8811847796
8291043091
9706547922
7002973002
8011261202
9476555928
6001831464
7896026660
7002301102
8062515009
6001637843
8037840004
9435240011
8291132849
9101345014
7002454122
8638005271
7002658606
8638546335
9577275275
8761905228
9864535943
9365483698
9533769188
6002939158
7002424413
8811036653
9394716602
8638301967
9435159113
9101525918
9859785408
9954122827
9854199110
9508850999
7086014988
9365288878
8976018559
8399036573
6001068627
7628805708
7002622691
8135041638
9435038206
9769603552
8864095116
8011767240
8473063196
9435596132
6001395405
8486044860
8472924215
9706629066
9181624585
9435623902
8812054538
7367952026
9435274530
8638061175
9181206349
8638048103
9074317512
7002056136
9864066445
8638276721
8638399431
8638859690
6001262008
9954146919
8071372487
7001265187
7002156514
7399927611
9435019277
9864048749
7041805212
8486168808
9706099482
6001628522
7099309922
7086077099
9864096955
9365481267
7099017123
9677201155
6001689811
9864943784
7002536481
8254056301
7002053561
9167912675
9394516601
9101407607
9832062997
7099835862
9957362369
6001735756
7635864968
9864685620
7010506932
8876439053
9954118192
9864016924
9854316812
7002953235
6001662167
9435042250
6900654342
8409277204
9678823770
8067518071
8811835522
7002342482
7002336098
7002602288
8638939973
7002357422
9577300527
7002945553
8822558707
9707505468
9101776881
9365475857
8210433213
8638507574
8250352141
9435021892
8399886494
8638773207
9707050918
8011500525
9864130705
9101403993
7969285739
9435493464
9859047752
9435080162
6901205255
9864136152
9864263117
7896253030
9864520766
9678881117
8011121314
9854343121
9435087137
6003833325
8474851022
7099720409
9954318371
9957911845
9101126247
7969228381
7400169631
8071372477
9137445309
9101274852
9101140964
8822686715
7896900230
8486517095
9435480751
7002865425
8638447915
7896979581
9954854860
9387907065
8399030990
8811897525
8638985924
7002811400
8638115187
9365008477
8486136578
7969149108
9957177012
8638283639
9957096810
9127331569
6002535698
8876257990
9678719727
8474899012
9435332308
8486050599
9435322224
6900578215
7002186873
7099797611
7969122539
7002026133
9706680077
7896983707
8811051501
8822017774
9435053571
9401364522
9394064857
9395599372
7399296382
9435168210
7002368053
9577949324
7002170511
8071371921
9954265380
7086754021
8811916104
9954276086
9435077237
9101741376
8638415399
9401336017
6900381881
8071372760
9706866991
7002800818
6901848400
9954320425
6003171673
9101899501
9957094133
7002294462
7637990573
8071372738
6002113161
9401298958
9957262334
9954221715
9864501777
9127211702
9864448456
7086112254
6001333070
9954843211
9101596821
7002275094
7969285457
6002330192
7002315400
8486845437
7896499004
8135030463
9435135979
6901358061
9365407344
9864508257
9127299196
9864015057
9435197677
9365959473
9859229944
7002590861
9435154086
9864312300
8133051906
8721834455
9954883268
8638445959
7002410966
8011011393
9954103681
9101890630
9401362260
8011516490
9101918204
8638781186
6901732473
8638760545
9821557154
8011003043
7002482809
8638136791
9395475916
8011672703
6002013393
7002979340
7002265737
9435167444
8822800175
8822175856
6003601534
9101316493
8011079153
8048794697
9706278061
8011509706
9435457988
8876515186
7002088206
7942728484
7002327622
6001671117
9678303128
9859741590
6026631985
7002067940
9899544859
6002384675
9435025722
9854021436
9954457471
9365437856
8045873528
8822773282
7099933166
7002266877
9435551612
9395070523
8638761330
7002744866
8134944817
6001887100
6003585219
9954709412
7002064122
9864161543
7002975380
8638909636
8723931413
8486516476
9707536461
8638226989
7002402741
7900860047
7002432194
7002048842
9127413503
9678551261
9864861687
7576938211
9706489619
8402965684
7086676961
9435026495
9957516207
9707705370
8638794732
9678333880
6000219209
7896273755
9395290851
8638511708
9435528173
6913532150
6002057391
9707385552
6000358260
7002342934
9954350576
9531046291
8954821099
9854225767
6003551060
9435452917
9587100875
8068924275
7002884534
9101326635
6003088310
6001028729
7636900110
8471866409
7896752373
9435123707
8638868950
7002294463
6001608578
6000713711
9101073957
9954074786
7002948149
6909427925
7399001007
6002083609
9365043319
7003322141
7002247366
7002998907
9954995346
9859933033
9435168253
7002792823
7086910120
9282205600
9101853028
7764975653
8876816911
7002639375
9864714613
8134075632
9864224729
9864840426
6001285430
9864455444
9864780514
9954582235
6003301110
9435045312
8876477434
9365420341
7099075965
9707337098
8071372252
6000650890
9706817393
6001881240
9980130059
9365627618
9536132466
9954111195
7091160656
7005681675
8822552245
7002299300
8876950455
9706125697
9706611936
7002062858
7399701441
9577724535
9101292063
8822865154
7635815422
9859490998
9864042491
6001314755
6000172009
9101685197
9435020518
8453833123
7002925360
9707057010
8473940306
7896768196
7002112145
9854975960
8471982442
9954872034
9864778441
7002022714
7002406382
9394572905
9435553405
8876280123
8011691131
6003667992
8638790472
9401246140
8062510889
9678598944
8133053173
8099933884
7002404619
7002495123
6001578297
8471866872
7002774617
6900439476
9435029510
7980818340
9954121648
7002271583
8486933201
9707721272
8135920417
9394551882
7002350636
7670002111
9954190004
9508389939
9436331719
9435035857
9954665358
9954498250
9401044057
8723894326
9435136765
7086868893
9954419070
9706129446
7002857159
9706659107
9954084500
9435080666
9101144028
9101981895
8638569372
9395220752
8134975713
9435038390
7002410218
9957079469
9706432683
9387969654
9706119266
6001515443
7002323049
7896596129
7002521627
9435720250
9706995696
9365079196
7002320342
9954297671
7662875896
9678125800
6000960498
9476931322
9365275471
7002337431
9954121947
9954354452
8822032975
9957588110
9954608708
9707253473
6000393136
7399940596
7002353476
7002770232
9954252234
7896937367
9864763527
9859144057
8822546045
7576918139
8472070974
9101443877
9590801520
9859052388
9707760049
7002770166
7002636611
8723832928
9854935268
8753888786
9954860851
8071370797
9365778744
7002677088
9508701549
7002610364
9678993581
8486765765
8486538311
8486865155
9864665052
7969285351
8486396646
6003551553
7099017593
9101371675
8638324534
7086833222
8134804617
9864408446
9531019375
9706324217
9435061029
7002929166
9101676574
9678328065
9954788139
9678722362
7002539500
7002774543
8399893239
9730183388
9435000663
9101846206
7002372257
9101336878
9957251690
9678045016
9864971486
7002747239
8474055980
9240237953
8876440509
9101289895
9706168316
9707589702
6000248060
7002436376
8638385590
6001062923
9435052648
7638015011
7086626029
9365902077
9864013595
9435643006
9387968036
7099067059
8876677767
8638505216
9085705134
8071372736
9954562862
8723838983
6000534565
9435130701
7002010877
7099462727
9435070333
8638923917
7004694522
9435071687
9435988364
9395935558
9365909757
8486390256
9864476967
7636992582
8133883332
8638180323
9957133131
6002368840
6000702701
7982463986
9395777123
8811934995
7054974898
6003763542
6003141781
8472996025
6003242822
7002307978
9854251057
7002789597
9101459810
9435227011
9395323010
9706524570
9706408844
8724877219
7002450881
6901130943
7099804071
9650825698
8134027197
8071372733
9101810775
7099067717
6002113672
9101043366
8876962444
7641920937
9864290874
8638289762
8638401909
9513384703
7002342656
9085344448
9101082831
7002679866
9706530093
7002260293
6003854337
8638343541
9663943939
7002021441
7002862903
9990022232
9678021269
9181449953
6002903967
7986718447
9101649818
6001445346
9706170607
6201458939
8638955258
7988289457
6901256631
9954116606
8876421064
9678499601
6001512701
8486039646
8638344196
9678258922
9854004304
8876701451
8134055744
9394449370
9435011300
9101020684
9854035197
9435133303
9864543523
9085224666
9435026492
9864826061
8876112835
8876115359
6002727183
9717689456
9707160997
7002624483
9864894900
7896648503
8638340291
9435125624
9678413944
9954936824
8876080450
8638203740
9613832082
9864937895
7002500773
9864065226
7896109885
9957544502
9864412030
8099335044
8976835638
9864403626
9864091526
8062703229
8291619701
9854708086
6003661516
8645322267
8062914041
9365725190
7061803817
9365651263
9101346633
9582892445
7002768214
9706841654
8638073693
9365598360
7086053626
8062914189
9401402110
9957767874
7428890188
9864100409
9435062132
8876917852
7670046464
8453925376
9613272002
9854053271
9365936661
9706580190
9707581939
8486666005
9435311137
9957279093
8135002919
9401758569
6026587174
7969285274
9643229508
7002252647
9854033260
7099041399
9707286403
6003935797
8876907039
7896585987
8402969708
9678001131
7002748284
8638568475
6901474244
6003270935
9127580409
8099796613
6001069950
8876178842
9864020240
9401397837
9101197712
6000128181
9101430500
9101136802
9181254811
8876117316
8974133701
9394854034
9101199384
6003434684
9435558001
9207042330
9954278183
9101027404
8011445850
8811888513
8822928344
8638219729
9365738390
8638578874
7002935639
9811840940
9864451112
8045873570
7086571166
7002173628
6124157826
9864713744
7002669576
9706831722
9864290555
9854219628
9957688278
8811892554
7635962490
9401132150
7637922511
6003034271
6001067897
7638807674
9401243418
8761867499
7002704082
9101065408
7002713390
9435053833
9101409850
6003510762
9864355400
6000866388
9864142382
6002130939
9903077788
8403841496
7035317473
7636901078
7002313194
9035566437
7054100848
6900584629
9435035750
9864140853
8135982636
8929176106
9007787762
7399015262
7099595160
9395612341
9435094547
8638290914
6000475332
9101771684
8876658202
9954105085
8721058644
7035694858
9678037467
9864511081
7002421674
8133074554
7838665160
9101263185
9395698920
7002030771
8822836095
9678994677
7002153387
9101665124
9864418907
9199453519
7224009918
9341981643
8291022170
9304723030
9102157683
9334269256
8651000008
8002208550
7781915714
6205343251
9334852582
7781911478
9507979004
9572739103
9931600161
9304190744
7462867169
9810090740
7004431988
7061532053
6200715034
9973435824
9852325454
7277610800
9934041079
9113324226
9934057517
8001213648
9931603603
9619049542
7367943474
9942897095
9852348595
6312200901
9113163618
8340421040
9308094536
9835651622
9304978003
9472822222
9631280600
9931727222
7250061277
9955444550
9097963373
7492802230
7277808748
7991144532
8102558045
9472393941
9097803694
9852981991
9386345969
8084071265
8398828933
7870161510
9939210907
9431214881
8873793800
9155096582
9431669995
9934777471
9472060403
7765027305
9931702831
7004973034
7050037969
7004544434
9153345655
7250657446
9973063332
9065628786
8709718046
6205224367
6207816501
8434596777
9576227415
9334203174
7678347983
7281001075
8051337296
8252561618
8677002778
9142049883
9708020135
9155329029
7870544724
9661316448
9430962024
7979945178
9667367040
9128001111
7488571057
8291148165
9304169079
7903775027
9060555340
9334125019
6306023551
7257000113
9835250287
7209641194
9939417059
7888510051
9122994957
7488766651
8709131649
8369995651
8809862222
8084080837
8936000330
7979879050
7004120243
9431247118
8877650366
6201613653
8503773919
7352070347
8083403246
9835318178
9507294448
9234399312
7979749100
7766017844
7979826408
9162883752
7766832227
7903014469
9263403091
9431626642
9430619801
7004658817
9304221190
9334867435
8797834860
9113768172
7949213819
9102367131
7091228747
8651726130
7461086601
8578077527
9334902350
6214505004
8340289020
9431845739
9431867170
9899965630
7531034028
9525226722
9263876136
9771398830
8407003651
9973931009
9798206180
8210713806
7033096291
7076582390
8862894080
8102007336
9229293009
9304852124
9576455583
9835620114
9835811099
7033024107
9852137976
8709203550
7979012552
9386384741
8102426971
9082706931
7033190127
9693781591
7903128788
6200239562
9334288889
9953006892
8084641300
9852100200
9835060833
9334980792
9835445915
9334645635
6272233241
7870741265
9887068889
8001038583
7903316028
9709935636
7209286362
8210067809
9155517444
9835865897
9334337975
9939810092
7979838385
9771370068
8210870800
9334172421
7273816033
7970337107
8789145854
9334795860
9060126063
9835294646
9241869073
9771438767
9331913100
6203008075
9431218046
7645987456
7250183847
9006906540
6200564859
8441998959
8892192357
7984340441
8447147864
8294343955
9939158172
9135870680
9155562786
9835451687
6206892448
7903226249
8877000131
9470228644
9263420760
8603916190
8920310622
8340376810
9308752022
9199915662
9608465093
9973693833
9006595549
9334247054
9297741111
7070865155
8676888498
9570239620
7479528208
7004656699
9431640334
8539052427
8084482389
8404890749
9931960397
6243274256
7277225176
9931257745
9199456975
9371573095
7544022967
7370061886
7518023971
9931580488
6122664600
9304894349
9262699981
9332494900
6202530551
9031424370
9167274627
7277675873
8935871756
8048421993
6452245191
9852758581
9304431752
8879908577
8046984893
9354532286
9973488653
9308185283
9471218693
9431087972
8809746773
8709062326
9430905621
9835294961
7717772077
6746172579
7004847879
9771834271
9534447777
9097394489
9315171559
7272907060
9470251208
8084007920
8540890786
9955506069
8271005218
9955372600
8291498872
9431466655
7992366833
7004755278
8092876810
9939285258
9608077786
9199490300
7050940544
6344243167
9934223303
8084215102
9147750473
8507643348
7549273868
6200835817
9608846858
9523257444
9852242500
9831176665
7763818426
9708783921
7004653770
9939890060
9162113250
9934062649
9350752275
9577957748
9835990243
7352567450
9153763916
8969786763
8409277193
7870325000
7761919160
7004411531
8709458523
8340256532
9546203521
7488992578
6200257368
9006024009
8092396131
8825126508
9504168176
9472940360
8252685388
7903176124
9708079251
8539938899
8789691975
9835235682
7004534283
9431224846
9102783333
9304168919
8539885364
7739809050
9534630889
9155706557
6200236624
9905981648
7050420485
7739516262
9810669922
9835461710
9334141401
9334527224
7903473920
7542884531
9709502950
9142837681
7209476096
9117350529
6206958191
9341433713
7707095347
9955745929
9431088773
9835021963
6200112440
9939073950
9234496786
9973286248
7004256715
9835748999
8409408169
9934966653
8071433300
9852090497
9504160418
6207583622
7992473760
8340205959
7061525552
8252927306
7739956653
8521081704
9507207333
7019589248
8298624175
9334118355
7970309810
7979064735
9835418924
7039038897
9594071058
9934495313
9852432375
9598456342
7991124918
9608689009
7766851303
9097406790
7042971509
7257965030
8002912951
8521271846
7000403636
9334715956
7277128147
8789169866
9122150125
8252327484
7277678895
8538948925
9973686798
9431258314
7633812438
7949213787
8084068430
9204647535
7004658194
9234894321
7764091576
7827476722
7070667006
8651213474
8071499788
8207391794
9431495632
8047027273
7314851533
9525002700
7762884225
9473446346
9334815810
9708945871
8709756650
7488235179
9525531616
8409679998
7369852128
9031603141
9006652441
9308737766
7942811886
9334128393
9386442307
9155500100
8210160766
9631310849
9319715023
8603404142
9304480807
9430255532
8002025567
9264296210
9122787866
7718774949
8369838361
8071326435
9973886701
8409926388
8521441188
8581992227
9128949392
8651144717
9973303111
9304548064
6203591862
7253007253
8071639112
9934083674
9525123789
7070223217
9835890519
9508422348
9835205710
6200894350
9479621239
8037221045
8340728587
8709929172
7281001016
6746172524
6206536077
9006420740
7281001003
8071639110
9296218981
7979859200
8037016790
8757041706
9431027558
8298547043
7250827613
7480814441
9661539421
8507255322
8002000977
9911792739
9113464929
7004142380
8877383838
8037016678
8409696689
9064591049
9968402515
9386701353
9234151399
9534954619
7382931378
8001216633
7761076869
7322019304
9523275454
9852182103
9312835053
8071325769
7970958886
9262296515
9229626088
9045549762
7462964574
9955955032
9619095593
9101724640
9131767653
7070705198
8271959687
9798974081
9155361918
8521807678
9162159004
9431050230
9905878589
9304820610
8936035195
9511240811
8271238686
9939700475
9430054961
8102379736
8877978760
9431605819
9135555151
8862888555
7033191347
9155398837
7541806035
6570475439
7230926996
8294567168
9955320999
9334158930
7909028429
7050943837
9738262330
8709047712
7782999491
9955724624
9031005991
9167496152
9931073462
7903741494
8044938954
7779956964
8210769683
7295876883
9717071726
7903303077
9135755830
9122366140
7004637985
7061905518
9934819735
7979880393
9934250083
6201397382
7631335444
8879129698
7759933444
9570833321
9708970680
9835654377
9798896675
7542915033
9572537242
9546349090
9801216698
8207664021
8044938921
8002780384
9934258936
9315572369
9135579700
9229316924
9546931393
6206386443
9135572530
6206606906
9262294847
8804684786
9065566366
9234628677
9572799464
8271997843
8292247080
9546392277
9431404536
9934695370
9708137640
9709519457
9304104094
9199031098
9798901056
9931015359
8210027925
9431053769
8507714780
8804922930
7323823647
8987210551
7314620767
7949213790
6126711207
9798545861
6201453016
7091490695
9852664145
7488688422
8292429958
8002966304
9431223286
8210916337
7050707087
9386795683
9891346268
9835429844
9507483205
7764942500
9031676786
7004897517
6122504745
8544477777
9608153410
9709700220
7061009844
9386732221
9931024755
6201570115
7277362661
9430524783
9955880092
7033027991
8037784134
9508239078
6205395069
7301414400
7488311990
9065387777
7281001038
8233753547
8294367023
7631045312
6206950883
9308568822
9955500880
8789500037
9931373063
7763080408
8292520220
9199761277
8815794076
8447191377
9769638625
9090626276
9304882768
7413907539
9334279375
7209652777
9507346272
9155487551
9472480100
8340322576
7004282221
9572295780
9470204080
9709311613
7947166813
9905608689
9031440058
8092183522
8294152625
8986983110
9431423189
8062914414
8102196024
7296079835
9340789150
9162662065
8757558223
7368969796
8051575667
9709945529
9334118060
9122220753
9625273437
8084542906
8507047055
9023062396
9955005117
9955601888
9304010727
9766499077
9431225387
7061311374
7717389642
9234065342
8873331829
9431292449
6203309251
8210931799
7739095476
9264447068
9341618234
9135667005
8409827172
9341508378
7258959760
9522555004
9102758331
9128479941
7543910475
6122672661
9123207148
9431081248
7091664545
9934927614
7463881864
7477242266
9334505999
7979078884
9631836718
9508402080
6202678780
6183222567
9129329375
8863839000
8073703463
9835093901
6207335487
7979736427
9955948475
9431446615
8084262437
8969172000
9334088892
7282994711
9015948861
9128444870
9661838430
9199346124
8809398664
9931923918
8541900695
9709152742
6114223077
7782818596
9521894423
7949213822
9471404252
8210758714
7004805005
9708172722
9955540475
8541955393
9973128046
9199098087
7903144730
8044938941
9905241127
8235689601
9308017781
6205267549
9431617038
7870788338
9110065965
7050044337
8757789060
8709093052
9771196699
9430210185
8084924834
8002625794
7033953843
7982661224
9771634687
7294191482
8409606737
9327678246
8789014446
7301515368
9304814681
9939059247
9955809037
8210469209
7273046969
9576809466
7903248170
7004737447
9546879423
9939099590
9661615786
9931218733
7004567670
7632084135
9334827350
8235571314
9113327534
8825162508
8825381397
9110191741
9473231456
9006962380
8210788310
9334231061
7061823283
8409436663
7322877217
9934890700
9234937452
7633846093
9504948485
7281001064
8789889790
9470650010
9942239922
7091483618
9430032992
8051333747
9572611626
9162734847
7030901161
7004937243
7260953558
8002057440
7739461460
9939480000
7903671058
7050241878
7546888696
9128712345
9534319426
7050825617
9135467175
8084873327
9264456410
8340553287
6201708842
9523606847
9835601831
9771392439
7004100406
8051677258
9931672157
7870984017
9973646464
6206184302
7779820900
9905466094
7779820701
9431289592
9430874430
8298867808
8340277259
9576072888
8071639256
7979820433
8986905393
9123440832
9693501229
9955426786
9525243170
9006122222
9334003537
7677464363
9304293799
9608874945
7979754335
9155352173
9771459378
8804327529
9262686999
7970979797
9835998274
9334109795
6126711209
9122793497
8235123350
9905479950
9931927300
8069156806
8294177060
9060894988
8757825029
9934249393
9570201009
7008622726
8809359533
9334444897
8862856522
9852287696
8603472559
7004187060
7324096237
9123134349
8540069354
9955591266
7977232219
9953682111
8271625211
9835654569
6205796743
8210128160
9334383636
6205833138
8709815131
7903056542
8292396825
9284557842
9122103330
7282038195
8285125792
9135908609
8044938916
8541966562
9529607164
8969947537
9631883800
7903336899
9546725083
9471916400
9570356623
8210177463
9939180180
8544616892
7677257537
9939695070
9835041809
9167831523
9801610582
9473454724
9031992211
8804085560
8809322992
7808008081
9955238611
8409186147
9934466746
9006519487
6206405292
8873319088
9135472654
9534380555
9470026488
7992264892
7309166425
8709102544
7033091113
9990665155
8084076786
9934808460
8045476003
8071325913
7488213346
8651130048
8809943098
8368143449
8789374479
9431266620
6475223712
8877831555
9431657022
7903378164
9431269753
7858903884
7949213914
8582038873
7004302622
7782880605
9771459288
7903110020
9673915116
9431467107
6209184106
7870548592
7011286398
6254232811
9113419823
7947166732
9073670514
8409177075
9113495722
8071325778
8877779132
8071936780
9431290348
7870717889
9097098937
9608054268
8071325773
9507762348
7947166199
8640030086
7004697877
9386494637
8521282810
9931017650
8040138265
9934692478
8071639115
9204906091
9835268400
6226255736
9525187467
6276221040
9470715292
7250516518
8051436486
8071639255
8071639109
8071325771
8071936758
9625611869
6206083326
7428890305
9711867596
9097503446
9306117148
9661042574
9122329733
7903622461
8862890768
9570809126
9471603509
7654276833
7870127560
9060782800
9431863157
9905935018
9821573808
9036634720
8757304280
9572233850
9508235646
8409875761
9631028225
9162430963
8210334537
7488409253
9110941458
9472902929
9619051895
9241433483
9931869931
9631328810
9905733001
9430061256
8252022776
7261879001
7260924342
9472817335
9835879610
9128788904
7903526031
8709659685
9304846632
9431094093
7979092908
6112232323
8106385787
9905480010
9102444101
6206078299
9304915042
9117564830
9931200092
7903733683
6122557912
8001200945
8071639686
9110139653
6205583370
6203140894
9973299657
9939960516
6260677498
8105777785
6205125009
6205589899
9507331193
8879980863
9431444133
7903417193
9835450804
9060610595
6205361623
8046984891
9835267744
7546885566
9560256247
9973353334
9534713536
7257003322
9852972303
9798753866
9334287253
8789211476
7004893129
8709315179
6205792667
9507393264
9814080385
9619153561
6204148015
9852468319
7654203013
6467226101
9905301936
7033730182
8123891374
9931888881
8851159125
8467843488
6204823388
7949293461
6203991670
7763814658
9471885589
8527683453
9308106663
7700001998
7322817847
9931437195
8002050020
8229898575
9334968403
7488487518
9934752370
9693887800
6204496932
7979043042
7992334966
7070895141
6201268418
8709198770
8936843825
9934697222
6299495106
6206066468
8448280190
9102173787
7870919986
7280855624
9572112381
9852147156
8789592757
9835254460
8709478396
9693922731
9155592000
7903310960
9801945693
9430568990
9973275985
9999769982
7763813955
7989843623
8051431020
9508146405
8789448067
8789423233
9523895017
9334227829
9234535439
9973030589
9980995198
9304002728
9471446626
9472651130
9431254982
6201920145
8235914338
8084578107
9304907331
9135035810
8578898327
9893657024
8037908042
9210809343
9835602728
9534342941
7061254694
9850442267
9939614597
7549954530
7654482533
8071936768
9304705867
9534208175
6355797084
8271145780
9934452785
7631207494
9431214487
7979731525
8102357570
9113822166
6201987274
9939531767
8757183144
9835234171
8434630364
9431471326
8037002409
8282828928
8271049770
9240030955
8071655092
9006505248
9905309434
6209612532
7061365904
8071890021
9931596767
8069867420
8044938929
9123320730
7992475409
9162821531
9955496789
9939220631
8602002987
9153615511
8797384769
9431864765
9472245786
9431867253
9315563925
8809945940
9504166598
8084540819
9931267521
7070207177
9939057408
9431255321
7543061639
7033282999
7091923342
9835729952
7549000828
9088747836
8071404225
8235221283
9353796399
9162883257
9308712840
8128404340
6429273230
9934244970
8299584810
9296888256
9546981717
9431815446
8826226679
9167076465
9263750882
9942027772
9431648749
6200470139
9973096243
6203103539
9341989628
8083209915
8757305645
7631373611
9341511401
8207488272
9297775544
9304444794
9430412372
9472315404
7050622748
8406978108
9304924659
8037002423
6205171480
7004774201
7903513636
9905266432
8879124631
7739680922
8863907383
9097511382
9304923752
7463071124
9852202110
7250650654
8409912443
9122400455
9852759583
7065430081
9708670791
6200123696
6290821150
9473293058
6243243191
7870189517
8405991617
9304962243
7008324801
7739462294
8809460007
7980633948
6202106513
9431326347
9572473436
9534434409
9988788689
9334759576
9431235017
9431482082
9204021420
9619973261
7909073097
8210433710
6201700820
9811629952
7979776950
9650318824
6206936725
8709113610
8044938910
8603202051
9289922177
9431412020
7254911225
8936021850
9304314441
9341744360
9102809287
8862828257
9661253820
7050000906
9354847429
9525742377
9431229206
8434972852
9113183391
7488213491
9153666796
9771236666
9334470344
9065518207
7488579644
9507701569
8873102702
8317704414
9835283873
7004212543
9999053171
7764878787
6201675187
7283084295
9798493491
8864004836
7808881555
7050888188
6452291029
9852488400
8298495154
9801480750
7260900637
9934257451
9031832490
8404861633
9122738311
9525306638
9031199228
9122868127
9631541106
8037002438
9294929226
8044938917
9097600850
9031558267
9098222032
8002538329
9122576466
9599430579
9142309326
7070112900
8290683082
6299572785
9316832226
9234212929
9771068652
9570712880
9031830594
6001672374
8235120369
6207002245
9939453381
9431628150
9931380820
8917321523
8709466080
9229457171
9386841417
9334166950
7004131880
9931245369
9934614141
9431276667
6206818358
8071890049
9311841437
9576737000
9835359286
9931030511
8092776098
7903928859
8158038153
6455222208
9931175332
9572943870
7549610918
9135034805
7654563078
8709021383
9341905578
6203471199
6299063139
9296308038
9570965374
8789325505
8210852613
9905465113
7250056918
9199180666
9334487888
7260045368
9386970229
9060565511
7779961588
8603052607
9931223434
7004996588
7870751095
9279376405
9031084291
7717739082
7541063887
9835668223
7061741164
7004328077
9785000225
9430066948
9234532977
9572805079
7266076615
8210775688
8754531843
9304382203
8051433227
9931855241
9304732179
9708455460
8863926336
9931771196
8071498313
8062915929
7667516774
8986373196
8083042042
9304599485
8045262392
7909029082
8210847971
8071639114
9006601068
8825255477
7004487069
9304229127
8071643617
9504341662
7519284162
8233953395
7319984182
8879278455
7631907886
9934016555
8044926756
9852668406
9336854139
6209588298
8071936778
8037016680
9122050923
9931017344
9560848688
8071936775
6389931448
9717650082
7070759787
9934247010
9135851020
7011529985
8037016679
9934205778
7340736983
7765959507
9771395198
9931645035
9431659135
8980681630
8073543860
7947166965
9973218494
7371069605
7562968943
7549218161
9801982453
9939406815
9939995342
8860001775
7870764239
9939697441
9102816202
7004594443
7004787351
9801827336
9934903229
8340432307
8700774612
9955333545
8340439171
9431402507
8825266419
9973581306
7050194014
9709423576
7870363414
9835278516
9835772862
8071178172
8071936760
7717773641
7004831706
8904161550
7903332486
9534718371
9130591672
9546789555
6201298387
9955533794
9939994752
7991143450
7717706583
9631502629
9801725413
8291640679
9905272906
8425086851
8409264330
9431086383
7645033504
7004321144
9905023808
8935967743
9110039344
9955265188
9334157726
6299575574
9693370626
6205906294
9835428990
9310493202
8709084628
9006068334
8092214211
9264456130
8709975986
8700850070
8789979386
9241857228
7369050933
9770049445
7004355811
6204560927
8002039603
8797494752
7004228053
9693396400
7257979941
9852997070
7398158018
7717737523
9122711849
9835415819
9570988886
7007901542
7004964270
9805676767
9471418967
8936881610
9128741075
9031163334
7779949453
7949213786
7717749390
9289117289
6200303562
9958821354
8678091057
7992301576
9431087821
9504938135
7992327092
8210127378
9334372282
9504223831
9431677415
9430031833
7766915627
9835610107
8210725676
9431251837
6206677224
9263840915
6122323883
9355522979
6124510050
7014896779
7500986524
6202224214
9708435470
9006631564
6205209942
8044938952
8102635593
9709345123
9031409786
9580200554
7631301094
9835261752
7631264959
7370848461
6201127957
7294954624
7091769453
8825312490
9955295907
9608398114
8409798229
9110121732
7542002635
7004493208
7488897031
9934447674
7004825906
8677028698
9546335302
9931432886
9771282873
9122490082
9060678678
7277956534
9708121245
9838705074
9334260445
9065182759
8210869595
8709938256
9304613726
8863059054
9386867845
7033095819
8037002495
9534831111
9939615208
8340532166
9218054906
9102664522
8479908821
8208836548
8340755803
9931836871
7019928695
7352848472
8539005240
9122643444
9801227221
8071265560
8084591185
9162298271
8935884031
7004684028
6324264018
9999537686
8252239546
9801381104
6206576707
9122662339
9031532595
9546057703
8863082242
8051355981
9155493603
7870835934
8071370380
8084247647
9931438830
9279898284
9262695920
8409476824
9905077275
9570411966
8252302314
9430052788
9955294487
7415499438
9801342114
9162333777
9931333785
7947166212
7411781402
9955925400
9572495451
8004251122
8409558841
9122585973
7004263244
9167239775
8044938950
9990983092
6254246789
8002944412
8071178184
7491036617
9431498210
7479932786
8409889099
8102568613
7949213889
8340323428
9661983482
6201251656
9546100500
7004702978
7033135571
9234371796
7543822229
9472272260
9470245311
7061340992
9264476701
9708780355
9228836223
9835274068
7595053595
9472576993
8540051572
8653719166
8232888754
8044938905
7485047468
6207098282
9162863138
8269792983
8210468300
9097031527
9534606164
9430837445
7870416647
9229281599
9430258922
8789271823
6209477614
9934122846
9709818280
7091630451
9661607460
9006518976
7004255961
6361885814
9958501193
9817976571
8044938944
7250346666
8044953192
8210244852
7488172477
9097936631
9934217886
9431846114
9122599910
9835064641
7091479950
9507435130
9113187996
9939938858
7079778234
7870789472
9934975837
9625275716
8879975038
9572031045
9296349191
9142350358
9263784102
9709822817
7979020105
6207084252
9199120110
9619188249
6114358160
7549235504
6202135515
7496901034
9162662082
9971026967
9334743708
9801948298
9939862785
6114299968
9430246913
9576836000
9576118978
8252998823
8877058764
7942726852
7050473708
9122307610
8294311491
9939659563
9835800184
9973464817
9031638001
9700088209
9304710599
9835667512
8291458828
9507635307
6114222257
6202844674
7004831593
9334810798
9873032026
9386034007
9304283178
6202863602
9334059887
8292190336
9031416861
9934222019
9931543921
9801892522
8340397908
9934107771
8877434845
8969998233
9308889797
9631379361
9162616184
6201257612
9934412059
9199085990
7991134475
9065603983
9939195425
8037002483
8744060205
8292298941
9939042551
8210169561
9431270241
7903095655
8434146173
9576437316
9934976871
7870000593
9939055000
8789249594
9334803229
9262383350
9431236307
9386565301
6205117199
8757509965
8935915685
9334343532
9341667644
7903829166
9119009692
6203123606
9771648833
8579904667
9708082759
9430842216
9939656515
9835210617
6202916620
7739137264
9871913281
9431870701
8074914582
7979838991
8541918585
6202084210
9955488854
9122477337
7857924051
8084993048
8084306700
8603507411
8044938946
7564046713
8340499196
8083418123
7004870160
6209406683
9304972965
9910482442
7004627087
9852232255
7779878958
9313023944
9334115483
9934628632
8863805714
8804545656
9430878307
9931906600
9006327620
6202099493
7645911704
7667347832
9771273068
7488507516
9318477122
9835063448
9835400338
9334068704
8340246633
7870030650
9555770254
9162453200
9430405040
8084856424
7363808281
7004200919
8507383422
9709555394
7766067299
9113320920
7004060153
9142412507
8809225249
9262739999
7210648327
9934422275
6204271615
7352267319
8677911714
8271943229
6299292479
7033163891
9525980887
8804772137
9709892695
9507970667
6204892342
9113796081
8757883118
9973932387
7488632168
9472027600
7979005605
8037014297
9693621134
9631015118
9108750340
9662566311
9939870498
8298977258
8071325781
9905012256
7991109493
9631038478
8539949521
9570292213
8873371667
8071936773
8969413594
7091592650
6207677286
9092168265
8521693866
9234690728
9534777765
9709841113
9113128204
9608631852
8271229803
8071372035
9205097566
9006629530
9931335320
9534525974
8083814314
7903147313
8071639785
8877143508
7070709044
7368981713
8044938978
9060211918
9155198557
6206432899
9033101470
6209938376
7739893303
8071629108
9934071923
9934224904
9525998301
9102508889
9955556679
6323222021
8340633269
9123440445
7004474599
6200001554
9341784494
9102368824
8789610550
6122522694
6456251000
9335203030
9473349039
9955699515
9568045654
9801140714
7361033488
9631401323
8409757356
7061870878
9911720247
9472353594
9805699966
8071264742
9555420848
9905393719
8409493562
6207161104
9576985489
6124157522
7739211666
9693022057
7488279007
7011154542
9508799465
9142285020
9199992223
9470882374
9931864935
9304167797
9473294715
8037002550
7947469551
6183357243
9835446470
7678229673
6200727072
9006258991
8538969078
9708979001
8882925412
7562011013
9110988172
9576186150
8825276109
7463869531
9199425004
6200487038
9801677685
7761021594
7004872162
8521222640
9939540981
6204472130
6201867620
8696804754
9931064692
7968268000
9123119856
9835435364
7764873736
8538991774
9504826548
9608942608
7011829731
9709702241
9304739857
9525138188
9142919041
9570380876
6909726203
7004377617
7295941329
9709455133
8809006900
9523814903
8789587614
9570661288
8044938913
7463902572
9608058244
8046984371
9470292762
7970710653
9471025256
8037016719
8826858209
6206413138
8102240513
9709974535
9006990379
8090007754
7795288098
9334637311
9798722340
8521389546
9559025050
7004642917
8051513500
9631972683
7979946649
9973486854
7004383014
9565688301
9097198198
9934935833
8340108264
8298940402
7667193206
8051309026
8987257293
7295090909
9431016123
9905379591
9308327111
9931256184
8409136397
7004836279
9835623972
9430233129
8294511873
8071178332
8051586383
9155654099
8409609696
8825255138
9939064048
9955158027
6203387247
7949213885
9709728726
9973016167
9525555455
7070531919
8603097402
7407022881
9264192020
9833663100
9334336424
9470829938
8879115340
6203630560
9471476340
6200721329
7209274180
7004913845
7256890145
9939029495
7050500194
9975605161
8271272385
9142707842
8797322344
7257090173
9471296735
9931648201
9608083677
7484020318
9934748162
9431223769
7667633465
7677672481
7004695138
8757526589
9708253053
8294682909
8406979899
9155487357
8037781242
6206633796
9771211779
9939745706
8789610791
8084000710
9006167088
9631867108
7250790584
8824766347
7646069935
8044938914
8037002492
9718590778
9507272178
8340274549
9473445378
8434683934
8071820402
7261072018
7870870957
8655418503
9471047232
9973625227
9297878969
8879850278
9147372808
9546685556
9576936172
7503812405
9152007558
7949213850
7710955555
9288667634
8051634253
9504357513
7295904272
7209655886
9709734013
8709688713
8809914111
6232632731
9234343666
8271812244
8071681857
8709336366
8409838300
9334406888
9709139283
8540856935
8071640299
7079466759
9304526731
7992438023
9431293441
9852058491
7765063860
9934119295
9942648936
8318074405
8062914508
9334470866
8709950394
9334064131
7488979621
9097015266
8539911412
9206108200
7250093888
8210783288
8862876911
9507025913
8406088218
9473223773
8292542818
6341223030
9504375923
7631471327
9955695121
8051601791
8271030509
6123296232
9263905443
9308430316
9097288311
7980550229
9801560687
9939631179
7367968009
6244358819
7463946931
7352075420
9570383435
6746172331
9113162679
7011981083
7546940988
9142805071
7479734102
8862946432
7045052098
9097255659
6203410543
9097190704
8340192550
9523666008
7004255424
8789927711
8084576096
7717750574
8797578716
7004722343
7947166924
6201625480
6209260049
6299537336
7783041341
9643186949
9835629420
6206816017
7277729391
9955449990
7004304804
6202810722
8002876048
8709003661
8109679627
9199991123
9470641731
7542920006
7766087769
9386281048
7479948792
9572956060
7070731195
9973343625
9199233314
9128848264
9431087782
9097669047
8083023917
9631087618
8287774476
9019762237
9955125772
7004831164
8873760517
6203986653
9934758658
7306932545
9142322312
8210715494
8873616241
7765903519
9135713567
8037002514
9955677228
9142047599
9654015179
9504704508
8207435181
9308896411
9167253409
8797224226
9470663596
7033151437
8294392145
7004554035
8409971892
9334991874
7903115511
9430445113
8084365600
7352670661
9931960837
9234731134
8044938920
7061009102
8920114456
9470870738
9572775050
8071681405
9122444151
7004218641
6201964043
8227934571
7050134447
7759800772
6202965944
9102131776
8102693291
6204254853
8789266990
8071639700
9525203738
9240030829
9304290035
9631132271
7703951098
7903441473
7966247249
8037002508
7870892114
7277512786
8287755795
8044938915
8603378578
6204016002
9934459100
9262339593
7541999251
9934983382
7763821696
9631166763
9471938086
7033871745
7488920961
8068635312
9507528553
9031109280
7870854055
9771879898
7366903317
8298654400
9773989143
9934400953
7903028982
9308679900
9199012855
9973430521
9241500946
9934959585
7209938838
8252144780
9288632433
9931079894
9006103670
7991128556
7256013420
7979974522
9386043300
9835701171
9304055892
7764878246
9570603314
7632044156
6200035143
9958947585
9939542858
9798663264
7947469384
7023233994
9934813278
9934735538
9097164128
9097777764
9687609229
9708228977
7322972098
9990362415
8210556149
7903987144
8210972759
7004359279
7762043256
9608661312
9852143158
9534300531
7494004166
7631377186
9430564166
8002029481
9525399096
7903059096
7050014494
8969957940
9060766743
9835239521
9852649388
7766828531
8637528752
8071820622
9709821252
9934493610
7766917138
7004837966
9534359813
7281001031
9999971009
9431885385
6200253077
9431667088
8071936761
9135781602
9661695790
8001021011
9471995857
8037014295
9431223629
8045262262
7909061875
9386152281
9931291744
7631530521
9264450923
9334044805
9031155562
9140990843
9294921500
7991174907
8544231086
8071682504
8298800030
6478224208
8037221176
8002816162
8071371834
8235134111
8374638787
9304474574
9153989671
9931638262
9162824545
7255004426
7979875630
9999919438
9110987773
8071639687
9709626856
8340608966
8986931464
8071639709
8271412300
9431642899
7252940120
9431601400
7541989517
8071372869
7485055524
9871681403
7870301730
8071935323
9661347524
7209014850
9939365222
8071629579
9572120555
7870322790
8084521844
9835450001
9973732762
8969241577
8224000389
9431057730
9155762440
8789574731
8092216555
8071326666
8071629685
9634391146
7739539525
9717793087
9820701508
8539805282
9606112399
6203622951
6200986398
8800188334
9507298941
9771194639
9661064633
8340684625
9097008900
9534439916
8071640979
8071655014
9835007247
9709884059
9135233436
9931264964
9973045698
7282826443
7717794816
7739293006
7631803227
7763815325
8873831650
8581050540
7782893037
6203844705
9708416526
9430622245
8071643612
9631442299
7782971097
8064526085
8709952331
9709788872
7903203154
9955990333
9785280887
9939944039
7909085883
9934738631
8002229100
9990886321
9934005665
9097393060
7004845516
7765802200
9631048221
9873406777
9334040389
8102325151
9771111150
8071640196
8826918346
8986461301
9934673089
9473114673
6202082280
8409457590
8873573086
6203653342
7544015272
9576172217
9852110622
9955012013
7783880696
9934216201
9661244637
9875491007
7050269101
7979984818
7870711000
6207969398
7050008706
7009887473
9097271382
7739313774
9570407078
7367027777
9240038337
7673002372
9801150206
9097815561
9097962866
9507777795
7903057809
7352887728
9431822143
7325008880
7991184064
8830933943
9934205117
8969350677
9905998085
8252695702
8298978175
9334193000
7091603354
8809198732
8863831915
6205435892
7808849522
9334115749
9472286910
7257819956
8071655156
7488548581
9113119527
8804006694
8678099057
8789809357
7488911101
9128304751
9431070089
7050933633
8071679928
9431472022
9973050688
7979040501
8294317648
9472358451
8676072771
9304146850
9315678026
6206491849
7004375740
9031880765
9939493677
9631804663
8252447750
9570642532
7782084147
9065630391
7371064686
8409788176
8072877653
7783056569
8789599775
7840899191
8114576179
9304925296
8083133259
7870013992
9135268131
7739992525
9661238150
7308583714
9304101881
8340122128
6452243246
8240290685
9798347202
8541090494
9097993360
9523829553
9939767374
7654693534
7759833567
9431284430
8935968106
9608314893
9798784649
8002531314
9534941858
8802273895
8434779657
9934814119
9990995031
7632993197
9931916920
9534923191
6200854342
7483906825
6299946907
8434657950
7463986608
8521880786
9122382000
7545034450
7667004820
8271012402
8969831162
7654959305
9934095832
9304802930
7870770092
9297937431
8709622402
7004570587
7462858529
9167023708
7979809594
9060626566
7654776920
8051758681
9308452900
7254868782
9122876391
6201565795
8969200446
9973600520
8935966820
9234195111
9661872661
9204163761
9546483598
9708839648
8935905720
8873031354
8340722302
7903989552
9122323881
7004318689
9958274340
7070232439
7398773098
9431027434
9308540550
9779153547
9934957550
9262648770
6253244163
8789487236
7903007712
8539985285
7979976583
9334051489
9835418348
9262877198
9852522854
9939594119
8405070478
6200887237
8873036880
9097400410
8789418280
8709016093
7764997816
8037220929
6206281275
9613396033
7004119460
6206693500
7282912509
9110036428
9709906001
7979783900
9471057199
9939217227
9631192138
7667350560
7541850222
8700021820
7562803201
7004291020
9006734998
8002238454
7318488285
6205795140
9835216167
9504285125
7295900534
9279015955
7301855756
9334638844
9525842109
7903819201
7004630779
8789224671
8777382307
9798875991
7970501671
9279547542
9386645326
8045950083
8252889224
6200989651
8879891081
6299489303
7296089881
8527721098
7070095644
6203604925
8044938918
9123265591
8071178405
9430655215
8071640575
9262869788
9162873060
7461002416
9430231148
9852537382
7366953201
9297799921
8507125250
7255855855
9204040633
9334601000
9234878021
9709996071
8434844444
9708816323
6204749642
8051346439
8210263998
9304550100
9708010116
9801439591
8210909938
8871245869
9122882827
7546923539
7970440927
7903758008
9097072517
9934433951
7320929056
9931980328
6454356559
7488524817
7942876697
8757341453
9031412509
9334024658
8235560060
7033672662
9939291599
8882238634
9693534626
9931477257
7004283365
9199964268
8210969571
8434634914
7979919133
8207345548
8578814856
9142560524
8789577027
8863924275
9693042319
9304457915
8863941337
8084570266
9709898803
9934824640
9379711476
8409111449
7004963395
6207626203
9102515960
7250804844
9708119408
9113304323
6202960862
8873805008
9041712233
7903720030
7563054462
8051697652
9334753722
9693700095
6123225700
7004820021
7004110459
8809186651
7009565834
8651250339
6207031654
7765001122
8271122481
9955991549
9835659660
9958713071
7717734244
8252747547
6204573321
9431055300
9708913349
9939119403
9798639727
9066666461
9065822511
9931925449
9006924641
9508031610
7004270343
9431431804
9430012981
8434267917
