9619680357
8767828184
9867096095
9137273838
9320008055
9004307595
9004998998
9167565675
9561050520
9819439878
9833463615
9326060336
8356955390
9222221265
9512341234
9321000507
9082807395
8169177520
9322839035
9156180900
8983900282
8180819004
8698670111
9021322193
8600412888
7385409212
8087450505
9890906875
8796628269
9822269769
9999465257
8980845212
8237678474
7219795742
8582093759
8605865406
9112667914
8983500409
8484977200
7378989996
7021992300
9372523237
8689996996
9653299928
7745040057
8169459552
9980469883
9833368284
9320261511
9988994677
8001088586
9004336036
9321059944
9321110066
9594220586
9326743938
8169709884
9664097074
9004043991
9930329380
9850800063
9699240145
9326115676
9867624369
7304852159
9930014730
9975833022
8104855903
9833392329
9152676364
7718901119
8369549939
8657900860
9421871421
9004049390
9967278477
9029746765
8591177088
7738541878
9930119370
9768011226
9833365369
9969310989
8108161305
9594598959
9920404359
9152208080
9323166423
7977698427
9930894895
8369080480
8108329445
7666777390
9969535428
9967115806
9322379993
9769578243
7420920885
9920802651
9172757053
9594534316
9594338584
9137395718
9619147640
9820651717
8828081057
8795200400
8356865866
9766111207
9702266662
8268981631
8291085053
8044953386
7400075943
9561115497
9607009507
9619975076
7506471392
7700901113
7208540522
9773686360
9619775141
9468052228
9869664658
9930192705
9820044965
9004199987
7277440011
9607001950
7517463846
9890210700
8652726968
9637769105
8983223850
9529000309
8433563929
9960082380
9503838498
8655540372
8390895643
9763831991
8302656234
8369062827
7080672363
9028362996
9503282401
9545254242
8600141757
9833686042
9870333205
9607002140
9819852494
9607003340
8898508644
9324341057
7719815333
9930611606
8591290571
8879764125
9321594939
8432701000
8208907162
9665351951
9139091031
9152012503
9320782000
7498294308
8983839985
9823311036
9152093903
9767742070
8828119625
9765808515
9766399661
8856060608
9881117125
8956576901
9561115338
9922290805
9930910715
9324401058
7385113560
8080587155
9850853148
7977480227
9773600916
9112270222
9867288629
9284914785
9136788481
9820191540
7447770377
8830661100
7741804778
8425850900
9762666621
8291329928
8928912156
7021266990
8329787813
7666221110
7887586346
9867250413
9766224546
7400492177
9890516683
9890627059
8591881304
9970735005
9423093192
9545929677
9175690800
7385565480
7057652777
9503402679
8956035829
9922776335
7378800820
9975959791
8007240394
9552226002
9607002918
8237944322
8857802293
7028018666
9921723629
9921555968
7020364237
7720929595
7775089992
9403932218
6207834678
9702397786
8308489988
9209673198
7666454514
8007585567
7559226461
7498563522
8600687386
9960848871
8788273882
8077125139
8999913890
9665423269
9370742244
9021444555
9579731908
7391999922
7391999921
8668510184
7711000444
9371511525
9834111186
8668890058
7719866877
8275553855
9011170786
9028402415
9371091251
8007959974
9373217811
7536909909
9156749279
9373700008
9624310688
7410105508
9607006884
9503431876
9404477551
8237333323
7058838606
9090828226
8788698534
9594962773
8007906629
9595828181
9422703003
9764476111
9156961414
9356551668
9764771505
9763155100
9370808989
9834895046
9768066168
9577774731
9822657021
9225300406
9579063846
9970641241
9881178465
9822777228
8600268969
9422290719
9404277627
9890980361
9326222278
9881874749
9561266227
7030902394
9175057465
9075411774
9823281555
8888737320
7774053775
7972956785
9623373437
8668451420
9011522299
8208900792
7719935777
7775034000
8263948677
9175333400
7030907299
9765649556
9921010008
7276399599
8329521648
9503562486
9765905666
9607261668
9637095999
8888831115
9490652106
9490007223
9822069548
8121558377
7674903802
9642166655
8819224655
9989589114
7569085565
9963922227
9652733835
9502462152
9966217158
9000830099
9392869666
9701072409
8500830015
9490654568
9666342415
9059057366
8143669215
8309032488
8071889808
9014994880
9515780782
9849440111
7730077770
9985313587
8121208696
8438580641
9014604182
9000412131
8554840003
9885742478
9492455179
9492401983
8125145209
9133664556
7799378888
9963024070
9848083958
9848598583
9866182839
9948087192
7997616263
8069760700
9000822778
9988659759
9912710932
8818299727
9032281002
9885269677
9848369843
8520001979
9703572820
7845449985
8639472292
9441993784
9063847555
9949874739
7287011011
9120412049
8886777168
9391088863
8087355534
9052014614
8106783167
7093350435
8037221083
9985992777
8639961717
9177690577
9390500177
9966722123
7013103162
9297306185
9177555005
9441220397
9390411529
7013822885
9959381796
9963441555
8309274760
8688333932
8341168222
9390500172
9494548843
9392397743
9989495929
9491971174
9849886369
9493000938
8978576486
9603108889
9494444961
8956249756
9390500176
8374740022
8977707953
9155405060
9019595595
9347037078
9966400021
8317558857
9440449355
9502790222
6303783567
9494667928
9392990756
9000127007
9866368761
9133717013
9505879555
9160818087
9014741124
8037016622
8309384083
9000519848
7358380985
8886711485
9347378964
9563321999
8886176179
8647253490
7989018040
7660849948
9493990066
9989898517
9121747005
8074575578
8674247399
9490851619
9985192888
8071889970
9494767299
9542070718
8074724985
9951855332
9581488588
9063507799
8179892384
9550168086
9703965560
9550066645
9182868367
9160605406
9030130376
9989950071
7207206440
9705626856
8571225666
9849686769
9441133360
9392775328
9494424288
9550900282
7207441430
9959623819
8143142920
9133327103
8041017567
9866784724
8855231796
9849833055
9000778700
9440536704
9390031234
9052904949
9381132766
6302318230
8341469928
8121434111
9492592835
9133130094
7997150160
9866675838
7993695929
9618505256
7396232044
7675047505
7579243334
8041017557
9030307710
8596223297
9985983596
9885185683
9618817070
9000724808
9133327104
9701242724
9505416207
9866488556
8309359989
9948879149
9703074888
7997734444
9958071291
8501846772
9949113233
8333963666
6301863041
9502798768
7286842365
9390500174
9652520222
9789891938
9000073676
9440166607
8341627695
7396050658
9966308382
9550083888
9440282992
8944255499
9440105447
9966229367
8108138000
9908882911
8985485421
9848198449
9849127732
8501010727
9393111886
9550064791
8106306606
7824812121
9849199779
9885603618
7045457770
8074797081
9291244874
9705917333
8069867570
9298355575
6281901080
9441920401
9390399793
8639471172
8639922925
9000951310
9963498652
9908333000
8919617664
8071264861
9390488898
9640648999
9553550477
8333000555
9866049933
9248017375
9177986981
8071326901
7780705750
8002587555
8801722428
9885448768
7780205660
8069865888
9246401807
8309150295
7337333342
7416411901
8666993058
8861096126
9392111995
9030321047
8666632123
9490884577
8885513619
9247894177
9873567620
9248192471
9392034900
9182563503
8662574798
6300455025
8074771531
9966032786
9676427241
9966822871
9652124433
9912714786
9704505678
7550055551
9393779988
8919900394
9848246429
8662491044
7735282131
9866224405
8662433395
9342967344
8712232323
9246497262
9542066789
7842116103
9985837387
9885347440
9440001775
9441051206
9632561008
9618858303
7799095321
8328345004
8071408350
8247479969
7386006066
9980689218
8982342346
8037002687
8634059223
9848286408
7569197439
8143843716
8790496562
8019887926
9393023736
9032255571
7799357327
9873546782
9963392372
9849123299
9121345123
8465061964
9963122526
8037002387
9133338691
9133338692
9948265234
7993184643
7095429977
9704770379
9440210910
9866437141
9642612143
9949643219
9000980887
9014909010
7338117138
9491827704
9959964648
9885836045
9167984737
6281711405
8612377666
9989980815
9014932336
9849096647
9281438587
9440283217
8977918118
8125464938
9916027378
8019190319
9912475116
9399911099
8247498760
9177368284
9912200000
9121014232
9676999711
7799234567
9700071345
8071639210
8125586098
9704824156
9949252444
9949945071
9701694139
9177628278
9963014388
7842418136
9381557508
7995467054
9032643637
9392929223
9703560177
8341346134
9100389588
7093344200
8886679171
8005997800
6305716311
8121046777
9873568560
9959900814
7093405887
9550038885
9000886595
9441684279
8978915344
9986499853
9441782272
8655610773
9700271446
9160160192
7942811882
9703195540
9985345391
8500250505
8071629665
9866283786
9885839505
9840346985
9959894725
9441206986
9440846513
8688668099
9985042889
8328493040
9393979794
7019398570
8143685353
9966221286
9160774777
7702062456
9573461270
8069867572
9440250863
9885228950
9619086037
9429692121
7569015511
7671868003
8772251677
9966771121
9866868853
8977716851
9966129199
8071639207
8885336488
9866243104
9246350543
9866604616
8985674728
8428045537
9618138625
8639437411
9133642272
9505445555
8885412654
9347519536
9550113499
9963626567
9398079379
8500318226
7981893136
9491929210
9000988012
8328169150
9848087109
8046333629
9866546118
6300065986
9440205326
8099822487
9848984598
9966000798
9963191769
9494412466
9948369057
7674903083
8309800600
9873498534
8885322283
7842415527
9949074312
9966916700
8341236954
9381467382
9849794317
9397888799
9849905294
8048740473
8071640074
8019992800
9347149457
8328577669
9912864888
8309645014
6281831149
8037002434
9100566503
9177731139
9247832426
8639508222
9553011305
9445888336
9705676561
9542103111
8886989992
7774948777
9700236387
6281168697
9167076203
9440047081
8096657572
8069866711
9848152177
8518241234
7981493529
9985208077
9849599517
7386126234
7799368546
8328620921
8074414734
8096751369
9494414989
9493660909
9493536996
9848768351
9948151548
9494403737
8037907640
9440383269
9663415366
9032638173
9490615039
6309797477
8500773434
8897887885
9550122759
9000159651
7995607080
8499901653
9885250915
9949379737
9873498481
9505600402
9293789489
9885898203
9949202441
8518259004
6304903878
9247795546
7995099582
9703122432
7730831722
9966852286
9030709768
9167984835
8008002792
8037002541
8341723230
9289062307
9491186637
9459451991
9550550060
9133403039
9014116724
9440014617
7995182555
7039001496
8944255403
6301050436
8886443866
8041017532
7997923262
8562251214
9246941444
9866693615
9494509890
9440564635
7416390066
9100080102
9246642333
7288999999
8071889798
8657568649
9493449392
9246634589
7680803368
9246624406
8886841999
9963866664
8885557678
9533393738
9052360516
9247871397
8639909690
8500504333
9866869296
8121555503
9550299953
9701810326
9642418070
8922270799
8944252244
9951832346
9652010423
8008937637
7416173449
7995122234
9912568200
9247269900
6302741855
9948118782
9701490190
8376888888
8328446681
9985338955
9885655635
9281020919
9177854868
8501007511
9666788501
9441894258
7036338999
8497979185
9491947792
9248017126
7070080883
9448216228
9642079903
8002103311
9440073709
9133551082
8247253669
6302709901
8884375559
9393814182
9052779781
9059624943
9700683678
9963222340
9603058345
8179271359
8562244456
8985798523
9618126552
8520028580
7411781318
9866351153
9494582202
9949101106
9652765766
9440383214
8562456260
9703261888
9949990277
6302386028
8037002315
9160960012
7842707544
8106962752
6301174565
8041017538
9963505108
8879934386
9885046589
7304053032
9121141021
9885925758
9493023038
7904812147
8554319747
7901311123
9550171714
7416462317
9849981825
9441072882
9440073448
9110368918
9704209591
9849540079
7013502295
7013258506
8099822001
9505600430
8555969615
7386665666
9885552457
9966449628
8885552888
9703368890
9440951999
7942844896
7989233768
9577566999
9133338976
9292252880
9949758743
9642424299
9989554567
9293953266
9848398483
9393333665
9298112244
9533667666
9291341333
9392113293
9346226884
8048982832
9440535848
9581108999
9848788399
8297551818
9182872153
9581223311
8803232323
9704051420
9247505570
9948611116
9052597366
9063857857
9346840209
9866026648
8247048766
9966004406
9339338339
7330859003
9014453708
7893846301
9052523360
9849555848
9502681629
8897163840
9014998262
9160691000
6300678826
8951642257
9700241009
9912711043
8605005555
8522037680
9494365558
9398784262
9121212121
9989872073
9949630620
9030265187
9441511122
9441444991
7732007739
9177304599
8071640571
6301158488
8712929919
8106811171
8554470382
6281290822
9866062139
9246666211
7702775499
8041017608
9030478802
8374567323
9885365634
7997667111
9505777297
9154777773
9640969701
8554312331
9908591140
8554221314
9989319069
9182782870
9493504399
7416295942
7729080222
9010048930
8500051811
9885185617
9160672762
9440216388
9849360925
9000085868
8978265777
9000664439
8291094468
9948403625
8074176733
8074870109
6302849387
9014507363
9295708960
9704642560
8048968282
7331124249
7842811325
7942762702
8836662291
9581207550
8639634996
9440532918
8044939699
9676716340
8886657985
9963126567
8044939690
9059444559
9966437927
9989707906
7411781317
8639811195
7598074707
8578222240
7989975299
8578222494
9848117262
9908758148
9848365993
9553751507
7286869666
7893871997
9985130979
9391450660
9848497964
9390336339
9703519828
9440593938
9169849999
9391364250
9849563496
9848392609
9704346123
9494046530
9701606471
9494229192
9493767680
9502759549
7093327534
7337555896
8099927877
7947479761
9014206868
9989816229
7702730242
9849029273
9908232129
8639498197
9666618459
9948533395
9392436480
8639044990
9550814224
9121179864
9246589252
9246464641
9360779999
9873573220
8977211242
9440363487
8499985152
7207202170
7075176974
8005995555
7993527535
9177145424
9391996060
8688603428
9121811233
9133004444
7285919381
9550240828
9966227622
8179653458
9885773633
9030985551
8247298018
9885747552
9493524718
9440352185
9392653750
8978812640
7730020387
9440255545
9032902468
8885645550
9949767383
8291093658
9440455087
9110715599
8686611666
9440936999
9553792299
9000162206
8019993450
7331122985
9000624429
9035054467
7330834446
9848535481
9989070554
8846667666
9441274374
8500121003
9030989690
8037907619
8071889672
9553469215
7396804004
8978380437
9951587060
9666968665
9025424477
9490853348
9936784588
9704021188
9885680280
8008663335
8019459855
8885401242
8121934811
9652545426
9494652523
9885444523
8612345444
8686764964
7306111133
8885805500
7780126778
9873560825
9000992991
9581117722
7382926465
9246466266
9848388175
9966637552
8842955295
9550455757
9676595999
8008877299
7207244404
7893961550
8500651117
9848848625
8500057116
9136935555
9398419494
9848802082
9391254958
9030281221
9640707387
9014908165
7093565754
9182779142
8044939684
8497933999
9985023838
8886222869
8505937171
6369706147
9030303111
8977441997
9440094362
9440447020
7601095976
7893904599
8367585797
9515342222
8612330462
9618222233
9848154861
7013848282
9704555177
8885588256
8639776677
8812235057
8612320645
9666373132
9491708833
9951333296
8688072281
8048740435
9700878092
9052206830
9845577591
8897201851
9951671969
9390598091
9440953794
9849493392
9908890513
9505129999
9849393848
7702443270
9381776416
9848473884
8179771242
6309666789
7416831816
8341733606
9848065131
7241122333
8367053765
7659015999
8806666888
9866644425
9652966144
9566271994
8656236789
8688425875
9701034803
9652405547
9848518532
8037016328
9848894899
9492340919
9885198001
8008577333
8812222468
9573760879
8812234977
9704779640
9848335659
9032660333
9397684691
7337441951
7989714518
8776679999
9290208344
9553316799
9959384684
8662570005
8071889801
7993661399
7207505370
9666066973
9392973265
8247745344
9848607110
8019244255
9989772558
9100455666
9966600050
8836662944
8812241848
9700414116
9704450408
9848536633
8885500669
9066373163
9505130953
9908466099
9490677131
9398311004
9533799933
9856525999
9393626989
9182894285
9966062884
7207267226
9133895969
9963670555
9493990837
8978192347
8143119677
9908379577
9553320446
7207733335
9177723335
9393769996
9441109327
8096903000
8885757155
7995678997
9908401192
9122721098
8919680708
9490003311
9989575290
9603999039
9701037176
7328912345
9989343866
6303077504
9848688593
9963172828
8686858126
9059329121
9167071738
9502212283
7036091744
9247681652
8367217327
7013609740
9494404318
8688782900
9908327126
8985691818
7893764524
8688194881
7981298221
8552250444
7942845837
7070569742
9133448419
9666692349
8886657987
9885582512
9866252014
9949107184
9248641777
7893160714
8985089224
8247514148
9731103515
8500362936
9700700909
9603155999
9666831220
7807702595
9985179917
9393600103
9177441933
9659625555
8019773771
6304165312
9989514282
9440511287
8885322888
9292157157
8130302708
9248389577
9666466795
8121434696
9121093621
8143999680
9948796579
7552658822
9989492409
8309107736
7602224449
9985558488
8071639209
9959460778
8518442525
9848599242
7416162763
9030406787
8074933765
7382289902
9951133784
9849350328
6303683142
7330722338
8333848666
9182045083
9581378999
8790768865
7013819342
8106724151
9873570193
8552200421
9533371797
9948381517
8247572758
9441005963
9440813381
6304051793
8897945452
9000670746
8590076831
8495252029
9491118786
9000954108
9491460606
9885332911
9160033309
9912121290
8121288008
9490348969
9885307787
8506063948
8885665780
7659927777
8048740441
9885812827
8686083408
7075425750
9059465655
9121634576
9391510414
9440569106
9160829786
8886657991
7569680826
8037394929
8037002469
7337338251
9246596777
9505004844
9182351795
9790331299
9000372695
8500140841
9740737943
8897708567
9154793851
9440729131
6300968941
9597835978
8048740464
8015898780
9154540792
8812251227
8008200620
9111442294
7204667968
9032949939
8071639216
9866965385
7013373600
9866944516
9948152365
9550500999
9966875037
9908869896
9848377522
9652395356
6300273806
7386045091
9010708064
8885757199
7993062971
8886663002
7569944444
9515355831
9000422205
9000222312
8309146032
9014330381
9347314037
9704414300
8125343499
9599819940
8790208608
8071889667
9848012326
9908819442
9959989891
9052552023
9952352985
9247277353
9606979366
9885091189
9642490425
9490033067
9573686633
8985336905
9281477765
8074669618
6301113940
9290028915
7382237855
9110734815
9063387665
9618492630
9989033822
8106298563
7680841444
6302625835
9490345399
9581977999
8048740439
7702499666
9248886789
9441800687
8008340800
9052026999
9666167495
9490706666
7013530004
8816235314
9866536225
9052332555
9959345624
9989394981
9441323760
6281207934
8929293017
7989134235
9391392872
9440312562
9000934897
9000999740
8106606551
9959112400
9010509747
9963095103
9866937169
9849979140
8500764058
8686393619
8333899696
9885073717
7799768855
9701944279
8048740461
8816234511
9440183836
7288877300
9701461152
8019457468
9888422245
9676664177
6363459473
8374890057
9944878985
8309045672
8686120023
9492621961
7207067026
9701554245
8041017551
9440017711
9652330777
9676478710
8500900119
8088553031
9966691011
9924577556
6309554319
9440188135
7702997929
9848218760
9347812380
9705722858
8977702611
9441723977
8578220330
6300804190
9797976333
7799787474
9441616189
8328020155
9133059659
9885418899
9646856666
8639012555
8142565113
9398145057
9849995302
9533221135
9492491919
8048740477
9949164777
9700650603
8801555549
8106488683
9963356777
6303332380
9705556669
7039001492
9866143194
7386890121
9849520278
9885113599
7989211216
9154824543
8143240751
7013748688
8985916999
8879896089
8688953118
6303908889
9618316776
9989598989
9912908405
9849131146
9246651499
9440550230
9440793339
9553093399
8897240055
9700615003
8143500779
8978315222
9581561309
9032367951
8008945278
9985551697
8008332233
8879654556
9515250201
9848274128
8099480995
9390611285
9440177618
9885348743
8790759727
9849822423
9912679767
9701332707
9640012828
9603752777
8008159333
9133877777
9550033111
8688312772
6300421102
8220035985
9182754598
8886760888
9490767804
9110791343
8099423456
9111408111
9848350671
9247400253
7845593985
9177959585
9948553326
9652525353
9059745600
7032412479
9642113333
9010855614
6302336167
9491850018
8047027148
9346866608
9160177888
9390247084
9440193810
9848075759
9032195959
9666136683
9704788061
9121192999
9440674755
7386762887
8500066550
7708414857
8046512443
7013928737
9849639697
9492524164
9299999564
9246845554
8977768131
9849156644
8842362341
8657568516
9440677896
9642440652
9550732628
8977760871
9848302444
9618049444
8367478131
9948925267
9848160445
8008577338
8922232653
9100027741
9912917877
8922222916
8842302266
9490544693
9553389090
6303958078
7075552666
9010236226
8374493331
9581095590
9291233360
9640550964
9397032686
9063840667
9246675588
9848986703
8047027179
9440620575
8041017577
9866176556
9396969998
9494086655
8500577733
7416450555
9615211234
9513445580
8922272676
7305040985
8099734567
9703792889
8662436344
8037002778
9705870707
9856123777
7601084532
9100759100
9848965645
9705036803
9010738234
8885615181
8500001912
9959459059
9441152170
8885607754
9949315550
9848816966
9345452912
9059456736
9786284786
9502645080
8814224158
9948151912
9888827222
9989258333
9849913992
9248199999
6366529614
7411781304
7680909714
7337555900
7569892565
7330617555
9246636544
9989806143
9949772251
9866411943
9618555744
8520944933
9848049273
8977332944
9985558680
8309380390
9296001511
8688602073
9866646258
9866635621
8500294949
9666009199
7569408602
9885512932
9912226111
9618667474
8071639360
9949598018
9493764001
9963093639
9030662409
8008181099
6371591420
8977232278
9030537657
9966095540
9014486872
8499943212
9666744444
8099926669
8121812391
9030668705
8885255554
9299900441
8686350340
8341585210
8099108202
9640007015
9292701101
7013744450
8121241178
9966186666
8688804444
9440439030
9553541477
9959833129
8328252243
9912633667
8071326931
9030494999
9393608760
8985987333
9602426294
8882206944
7676538883
8341665770
9281495550
7780723481
9490306713
9900764595
9490730066
9573873648
9989360688
9397079677
8071639211
9703696752
9885077362
9866542205
9676268919
9573035777
9100412345
8048740459
7729915599
9010640417
9000267085
7729925599
9964366815
6382375976
9866933908
9502502440
9246786386
7993038888
9703104253
9082708180
9652040060
9440162427
9246746746
7780391571
9014842412
7794898989
9949701222
9494585864
8096682445
9345670043
9347116323
9959446828
9490196609
9848792495
9966918866
8125466080
9553288968
9849635639
9985353853
8686362695
8074533406
9100900830
8001036065
9866867082
9494848114
7981675947
9963425888
7328956446
9392045302
9281029460
7661087976
7842699516
9030625797
9849136933
9440073656
7989006624
9133224464
9885643959
9030482348
9491549798
9849465863
9381621521
8556222692
9701870796
8008063737
8309065471
9440429556
9966268995
8500603157
9491946945
7013719151
9581971876
9948646583
8143424012
6302894668
9390000945
9036485519
9963364478
9160058005
7337338256
7330731888
6300262721
9849442930
9985831616
9381005245
7993819427
9043973985
9966928706
8332908650
9885546511
9640464652
9121730211
9441388225
9655998135
8001025438
9000360640
9030414041
7989316123
9849443666
8501967408
9505359991
8142781007
9177424212
7207838398
9542490686
9000063898
9167086344
8048073992
9848157991
8008508456
8008631141
8466847572
9985658087
9948017322
8985540705
9440813336
7205818999
8125770082
9573065444
9494032244
9849400331
8686404824
9030706786
9849831911
9133756808
6309473981
9848289440
9848019964
9966737657
7093927490
9731141435
9393620412
7207781699
9059412576
8885607046
7893387665
9701570742
8309695575
8512221933
9739012999
7893518935
9676655747
8333830345
8688888851
9885950696
8886478120
9000824066
9393979776
7396464646
7989661909
9032326167
9581693353
7993117767
8309019198
8143753787
9490322710
8071729854
9347548671
9347471547
9885943400
8251825179
7780776788
9676395331
8643450515
7330701116
9550057096
8602331234
8688785488
8037907618
8186884166
8071264942
7610666999
8330906565
8106441011
8977003353
8071326936
9866305508
9700359143
9640002843
9440725820
7795795531
9885377228
9885539355
9121318989
9440856312
9014757944
9440440399
8374698794
8657591290
9951407077
9441310814
9440430600
9703667562
9701850945
9441593710
8767841591
9154327341
9441072674
9951966198
9666606768
7989180661
7013733831
9346835505
9440569357
7997278777
8341556115
9705797817
8522804694
8897023831
7702162513
9247299584
9440337314
8096796444
9441772389
9666051717
8341915698
9985725223
9703572828
9515962836
9885380308
7674870089
7337555899
8333924937
9542455552
9010161777
9963706382
8985343593
9949455705
9966322000
6281101486
8978478474
9989873783
9290523234
9603633359
9985533258
7799787555
8688879267
9866025061
8885366606
9951505854
9505099881
9395366811
9866041388
8341082943
8297551898
9182023295
9182554967
9966724316
9059209171
9346800524
9392055567
9440930949
9618138383
8592233995
9000878808
9885247800
6303173892
8340821777
8688328102
9441326697
7338740985
9959640488
9542678910
9951528883
7287000555
9666955774
6305043623
9010872333
9959911117
8978445650
9052037181
9949711118
8333855337
8008222666
9121844223
9849713871
9494913342
8686860056
9553942510
9676965127
8247540695
9959577325
8106666295
9885366766
7981186390
9381249069
7893443204
8985113766
9912690226
9347966765
9440829660
9491834469
9114456666
9985573449
9542955888
8464981911
7411781306
8816223878
7337338253
9885955858
6302679858
7815967016
9704570045
9849140004
9299997022
9494582434
9949419823
9491860614
9493194119
9490810760
9052215855
9848586242
8374009550
9542015019
9701719596
7382069427
8559222613
9493757552
9742993339
9440984143
9014362298
8074952744
6366952275
9949375590
8374390072
8465971171
9505127108
8500570877
9963094555
7032998299
9394237480
8125922009
9704936508
9866104972
9618889486
9515300345
8572227629
7330878301
8919224640
9492330558
7799944683
9247155369
9703273394
9014333125
9866471591
7947497068
9789036985
9573959579
8297810175
7989469995
9553723579
9888689666
9107239239
9704457148
8074730927
9533136357
9949807073
9652448229
9581861451
9014793999
9246290290
9553451720
9502703218
7396718004
6300630210
9182828321
9701434153
9390500175
8885229127
6302255655
8121555123
8608933333
7075557143
9885595973
8512255474
6309493068
9886851517
9032202028
7382226096
8143161837
8977111723
9959588647
9381250230
9676758288
7799888117
9700441458
9493476563
8778963822
9963877778
9848188802
8819224553
9133309210
9885778884
8578200333
7799088003
9391133716
9908511375
9398561757
9550797747
9966446481
8686668020
9948438828
8816224690
9866717243
8247548707
8247827673
7989655074
9705143926
8355891286
9581432456
9010779595
8922228730
7942553159
9985272079
7396980626
9908913347
8041017562
8041017563
9063407023
9247292665
9492289238
9951544861
9010866928
9577957723
8041017610
7013377500
9772093035
9951703469
7013638096
9849256724
8309505114
9959120471
7382777098
8643220564
8041017554
7418849737
8328046081
8667528147
9848352518
9701264228
8309024760
9059056228
7569225301
9989585622
9154500080
8048740433
8341342545
8897240687
9985757057
9542563661
9346954724
9963044483
9848146793
9505686253
9849259276
9951323031
7396647111
9640252025
9676300111
9966753468
9177232224
9492874646
9849254708
8309246789
7993894938
7337481818
9866664755
8019469452
8925593985
9888677775
9985666459
8885108501
8919165829
8309182156
9848112879
7217797548
7207201819
9908554066
9502095007
9347226265
6303244789
7997993407
8037014087
9849287798
9666061397
9010470667
7207282828
8886832030
9885021403
9355010316
9966400020
8885822280
8885562333
7337408241
6303737288
9440745001
9502528121
9440216901
8870664851
9392546044
9866826900
9951499510
9700535555
8895418852
8374412001
9866791078
7032501666
8945241094
9669578999
9494741463
7013841990
7075176485
9492792792
9177783944
9182248509
9848434443
9666867796
9154682715
9459924444
8002581800
9440740837
7382283370
7680810239
8978117380
8008575292
9849894220
9963225338
8143361885
9319371038
9030723200
9177243299
8688313641
7330811320
6305701665
9666311663
8500569099
7569019916
9676746753
8886553017
9347073935
9848223913
9000314933
9290100149
9701288229
8505866422
8041017550
7893534260
9666566650
8297549555
9951134622
9848123669
9393184487
9705770255
8074989146
8814228586
9949229336
9849625143
7337338059
7207027000
8341137716
9247452865
9160273633
9912931250
7200227985
8879194803
8071264836
8187003525
7729071038
8647256832
9703114507
7207353493
9492279422
9440984984
9989777662
9000575938
9177113052
7013443395
8977647009
9296108665
9700607143
9346441976
8121813140
9849627791
7032699328
9290439927
9397876970
7288991599
9849052930
9704475316
8121904562
8008878038
9441117278
9989758486
8500890225
9603156754
9640368191
9160915366
9849424218
7337555902
9505226123
8978737873
8074708162
8328182690
7032313546
9885780809
9010157999
9676314940
9553703737
9985052659
9849263883
8814210444
8814222221
8947231425
9866128363
9642881418
8885111789
8041017605
9966802709
8096181205
9494085959
9502254822
8143199406
7799889333
9291339133
8142244255
7396132748
7337555237
9908957143
7794993530
8041017596
9493212655
9100991708
9866347483
7093907762
9110399437
9989993055
7942845880
8010622622
8090905900
9493137318
9666517507
9966611337
7671035679
9494405688
9014700637
8068935614
9989379777
9736919191
8297079555
8019121297
8977575977
9010274460
9866457041
9247708799
7995659999
8626241144
7036155488
9573386005
9247125746
9985608857
6302832726
9966682677
9492772772
8008029399
9581116558
8855232084
6380754841
9848480679
9177194589
9491212222
9100656371
9989215656
9000033143
7799973338
8885694930
8929333993
9492143663
9440457488
7673941507
8855232078
8333037071
8790307992
9032777886
9700361888
9494395954
9133885433
8317602465
8341924145
8885111557
9620747979
9248599477
9700882441
9177267450
8674249900
9000878588
9985148616
9059977784
9618612292
9866059999
9951012456
9703403085
7013834899
9703164713
9885050181
9704519037
9885849596
9440525689
9701223349
7989106789
9642892153
9440400337
8688177402
9515089949
9502774315
9150175985
8571222547
9440249087
8041295616
9431333999
6281056519
9966270009
8500220333
9991118301
9032500575
7095245851
7013894678
7893444111
9392901553
9059505650
7997993421
8071326890
7013364594
8019300611
7674985356
9951735320
7981400740
8552358462
7670910555
8048740484
9494896652
9848586922
9885258585
9398234647
9966628888
8812237664
8812220550
9490960054
9966874687
8499966490
9849546805
9441332999
9949749744
9866739329
8855232180
9133583344
9985689999
9849812177
9059050175
9676233445
9949565275
7997747999
8688888843
9490839105
9100042430
9703713758
8500222480
8624220455
9700768383
9848893851
9398704213
7989798294
8106279555
9885009632
9849777469
9666848224
9703104858
9441599784
8977484847
9440919276
9014551298
9553366066
9393979269
8978431114
9441119897
9347186110
8185818147
8142594889
8790269996
7989454897
9966977879
8333855550
9959596391
7036512365
9848128498
8645232689
9849323300
9959111977
9866909807
9396661247
8096055922
9739252329
7569121205
9908498933
9966113691
9581477944
9959517774
7093445476
7396352482
8008590559
9494797847
7780684275
9885449384
7997730908
9848862060
9133210563
9885133663
9866155645
9959111936
9246783817
8688885851
9848413124
9490615329
9177416037
7997004332
9849589165
6305601091
9581818143
9483849658
9982407407
9700046614
9949193534
8044926540
9542863536
8886149777
9505167633
9154912446
9494705353
9885945463
8106129088
8520972737
9290578781
9000455105
9948259967
9347344140
7036214666
9703429849
9490202008
7729081524
8074959882
9955524433
9491508001
7875213794
9440736689
9014848533
9949500070
9866411194
8919280402
8074055285
9000878860
9397918605
9949250555
9908569555
9949229036
9493713638
9949210555
9542871374
6300033477
8317619026
7036783117
9032276541
9963650958
8309272269
9652793529
9291112237
8247804680
9951564594
9121509663
9652516656
9885779060
9701970177
9440704117
9014085611
9966031000
8886249949
8885886455
9440349333
9000296148
6302839852
7799304202
9440292440
7013134001
9505000916
7661929353
7780751363
9000858915
9030530933
9550507517
9980766014
9553061872
9787630216
9989759516
9440281877
8977538936
9492120087
9573621690
7095712345
9705006699
9701594847
9701849412
8512228248
8004107711
7337555892
9346524123
8814222567
9966996306
9912026084
9440739915
9100935655
6305411877
7995231113
8328275779
9603333339
9397090457
9849267559
9618154119
9515557999
9866456814
9502519092
9154675610
9010815477
9989429662
9010534486
7036973250
8985938654
9440814192
8813221093
9291688737
9000410075
9949940094
9666962121
9885622563
8978904564
8945243288
8626244493
7995854999
9849267226
9856867777
9666511470
9885783717
8674249691
9849289845
7396171888
8712375131
8008909023
9110343543
9494293999
7095545554
9442329734
9949666735
9866422613
9246629129
7549997999
7416498434
7386301676
9182766448
9440744232
7981832783
8106090807
8945294469
9618353932
9573320921
9030473526
9440556725
9160201110
9743424588
9143143197
9550111314
7288838685
8945241111
9985494533
7095123657
8297066060
6382546147
6281530233
9440829644
9959706978
9246299930
7416341615
9290813666
9381663926
9989945579
9848282380
7842275434
7386021448
8903186783
9700567785
8645235990
7386517704
8985627284
9966190455
9959036366
7780174149
9100633677
7416495269
9885012999
9949395915
9666432375
9441393147
7207955655
9492940956
9326719291
9290527835
9052221002
8500006130
8897941357
9866126354
6000860008
9502279229
8674242703
9848064567
9480661093
9100034433
8121906301
9581435362
9000192412
8919366322
9396795461
9866866125
9703335786
9490518931
7386465465
8688618982
7672016211
9440917639
9966537207
9392329618
6366550495
9948092574
7780576290
9440729534
9603432766
8626297555
9266767323
7702377666
9440268188
9848970577
9000666419
9494626418
8432781111
9491204553
9542620473
9494504674
9848182086
9491000910
7299667892
7386048524
9989855342
9550612526
9010208571
8978853330
9701707087
7799009925
9912968195
8309552554
7396518259
9963623988
8143569800
7794064939
7995452990
8125552129
9700508030
9985299123
9949619305
8555077491
8069248288
8978585787
8019808294
9542092555
7095123892
8499874630
6281610669
9347330267
8008120104
9573960035
9908627724
9032828585
8330990551
9247222247
9700045268
8019757452
9010006140
7013658398
9246157358
9849922348
9959584489
8008575303
9985266439
8498833663
9711737738
7306060240
9908100999
9491981236
9030131342
9989425028
9885209795
7780316465
9849363316
8790944311
9177566143
9952625459
9381493865
8978737575
8555083499
9666672229
8552226793
7674978485
9248015550
7330732888
7601054075
9849847517
8247434545
7997041832
7032164353
9010547597
8886272999
9704949199
8500850373
9963180069
9866026306
8662577279
9246433363
9948409445
8712630334
9177337837
8919295778
9885228856
8945241169
9394858999
8041017602
7702875958
9133177316
9959944464
9866226652
8558224883
9705790579
9121213301
9154224117
8142929691
7013602866
8179939614
8466933777
8500718785
9030553072
9989492741
9247464371
9885381306
8309214447
9885275722
8047630574
9700335675
9290003410
8074898417
9949940027
9885953733
9100518810
8062915980
8571226493
7411781298
8297439872
9550395522
8074536366
9030080296
9490644018
9585063602
9703293003
7893498808
9393665656
8099343322
9966087786
9032445186
9989619497
6302101505
9391368402
9398873124
9949458789
9849574660
9063677277
7672096861
8712357999
9052617192
9347314007
9949814812
9000714376
8374649811
7799413274
7569119447
8688948284
9666004143
9866155909
9959973748
9291666143
9394722111
8374262369
8641234589
9640702122
9391958315
7093000839
7386699058
7899903514
9032069639
9676259001
9290555223
9666388854
6304858237
9948228683
9490575555
8712172375
8185883377
8374324948
9000628275
9963869652
7674919986
9949646757
9581142315
9949014446
9703839370
9494952020
9492124906
8919595123
8008840982
9642331889
8309660258
9581956898
8988878681
9849519952
9346185251
9948899227
7780353541
9299951234
9989898089
8885782551
9441361168
9908805333
8919253015
6281906647
9642108849
9440949316
8185062434
8919022245
9866022774
9063163555
9949610502
9701896780
9885600280
8331869609
8625256092
8885588736
7799382857
9951458705
8341907274
9160753202
7659959533
9440362516
8985678493
9951181367
9704990312
7799770190
9640735732
9505225499
7801019492
9985945089
9246617816
9346080480
9866263182
9848678831
9032871954
9989508850
9032437100
9398176499
9885883108
8050848334
9985980451
9948163007
9866022212
9948114000
9440838535
9985025595
6303362759
9966190905
9182908187
8648226226
6281093803
9010727793
9133712019
8143956888
8555976776
7039002282
9849652502
8686703060
9959496946
9052904030
9959633359
9394235623
9849127749
9951169104
9000079298
9247760017
6126727980
9182720815
9490780081
9014116070
7989070832
9581052989
9704490160
9949097049
9505154650
9347566388
9480331345
9963817089
9985261466
9966357271
9440519618
9908899168
7032018209
9014723980
8778387443
9666629866
8555980391
9550913955
9866224247
9515045799
9959225740
9440181728
9390320779
9985388651
9392703590
9100703226
9000668833
9246670187
8924299939
9866852285
9966881293
7411781300
8924222158
9866638967
9100688595
9848068806
7893916009
9393145777
9949421444
9640116138
9912012765
7358465199
8886077683
9704022080
9701116029
8099281872
9052515515
9885885393
8143729024
9010086189
7382971128
9014349307
7032056555
9885551814
9177298039
9160997383
9398837265
9030239622
9160915473
9397199599
7013894730
9705287004
7207424701
9494943366
9440237141
8885012548
9912131175
8790571220
9440740293
9014331333
9441983476
9866928651
9908206477
9550424865
9440244453
9849226929
9440776228
9347739300
9985656599
8099354700
9703302126
8512250705
9294009007
7995111136
7013240359
8019977441
7901404999
9014278088
7330673933
9908010614
9110516353
9182430789
8465033350
8008577366
8071408352
7013280310
9110568578
9290045157
9963813631
9642723753
7337771311
8886546446
9100510101
9133858042
9989028685
9177470404
9989980097
7288961135
8367716948
9985111811
9299257975
8662572286
9908162069
8044939685
9524777779
9848249527
9121055696
9908965365
7306991999
7799499849
7799786912
8044928258
8044926203
8125368313
9959699988
8186859565
9955336623
9515063344
9553488008
7207755382
9502324013
9966332319
8309033293
6361869206
9000656514
9705613275
7386974794
9866582013
8500706364
9985243774
9391427748
9640403040
9440457749
8297927777
9568666888
8818229224
9030278393
9666644404
9392996700
9052059171
9603565222
9440474747
9966067765
7989174160
8340889417
9494555447
8818221381
9440146559
9885199977
9502504602
8121252047
9246477666
8818221680
9440999088
9848087600
9705506355
9110515051
7981230440
9030200445
9440474678
9966946777
8121463074
8818224008
9493555253
9100510016
9440013128
9666566662
9440571818
9885970273
8044939687
9502438444
9849492726
8008577030
9848382088
9441906786
8942228699
7075732018
9513184489
9133266251
9786589147
9704733417
8886657980
8942227785
9963891485
9440319600
9247127639
9154815184
9948024522
9849553774
9059793834
9246679184
8374945079
8885801416
9703522111
9848193765
9000573434
9949634902
7569391151
8897678788
9347738778
6300565814
8641232827
9581373939
9885404349
9618199259
9490402103
9494769091
8814228930
9122577777
7989264025
8037762169
8814224710
9948599546
9676608284
8977552424
9182837690
9866369165
9082714158
9966676231
8559221966
9391733603
8143722201
7382050777
7901550099
9000450300
8596222009
6301851911
9391417596
9948881831
8050560432
8674240070
9441849142
9398226611
8019391006
9121149449
9032636174
9985239590
8499902277
9177010203
8519904584
8463993222
9440921318
7995105226
9440688252
9044337799
8855231993
9032290433
9848085277
9666155566
8374317432
9121069561
9347023002
9490479723
9959679790
6309153641
8500006311
8367365158
8500234580
9059023089
9441022880
9490381943
8978822467
9347736379
9577433888
8645232377
9390567131
8186003132
9700670090
8184849292
9440374982
8818225433
8919052496
8976018798
8333984333
9849047847
9000097275
8309105117
8501082486
9505650873
9866304703
8096498958
9381277745
9177444644
8374142652
9701413832
9948146556
9848097603
9985802043
9989244887
8309155130
9069000444
7989739278
9866180980
8500354107
9741140141
9108410651
8505867671
9985648143
9493949870
9440823880
9441652959
8571220977
9704534048
9642889385
7901230678
9440527339
9581009209
9618316647
9032193112
9666222783
9849135850
7997756254
9989074189
9652477927
9440255328
6300950445
9490391553
9182305419
9440583150
8596223400
9347024735
9849378718
8071629435
9247864434
9866824365
8571220345
9052112455
6300584689
8571225559
8571222166
7975708181
7382406555
9515918024
9440002808
8074151465
7675931149
9492076119
9949571969
8688696869
6305520814
8309563946
9440506923
7989192355
8519880665
7382626005
9951119757
9848983777
9492449945
9703430201
8044939708
8886657981
8247095080
9550562785
9392537030
8069866718
9866557669
8922295666
7013546572
9951450906
9441041630
9873586845
9676843857
8169161916
9963202681
9490972205
8922459895
7977764519
8520046595
9666674573
7997231999
9010095918
9247632468
9492929648
9440632604
9705408810
9959947888
7093293541
8074184416
7676226339
8885039390
7288872148
9246915044
9920874776
9247820468
9700459901
9885838846
9440325176
9704253634
9440205114
9866198885
8814223405
9949127729
8328421351
9885550885
8712363799
7013230066
8596222022
9985084847
9703113818
8885653533
9866506623
9440328796
9856778899
7396463143
9440188956
9666669199
9849535450
8919898123
8886668366
8328606971
8639763551
8044939696
8247024899
9650336390
8712274966
9505512888
7729966997
8856230763
9133277288
8143164805
9511527811
9885454561
8639508008
9701500940
9493232154
9100022273
8645231444
9290792509
9652554429
9700890020
8341270217
9709702709
8552221022
9959002667
7989469231
8008112202
9052751666
9652731188
9000864038
9505150999
9052104222
7396358419
9963527758
9966178046
9989719043
8466933334
8143199399
9848115162
9491115642
9346934619
7702981199
9849568810
9848121786
9866842671
7993402158
8331813450
8287515525
8519999123
9248022575
9393693938
8451999506
8632226100
9989620007
7842221777
9153182222
9966749532
9848116609
9908108413
8374242902
9573084684
7023778899
7942762703
8071889670
8500008888
9347101077
9000412227
8939469894
9160303070
9000516971
9849521430
7337331103
9885315436
9030985034
9866148909
8088215447
8099948885
8235383838
9642799123
9491117622
8328557855
9704708118
9901766148
9490046636
9993398008
9393632666
9849193346
9000034330
9177981496
9533441239
7013746055
8919709487
7095577773
9866228857
9441302626
7702213569
9441020301
9849786856
9440554284
8142208449
9393828212
9966998762
9908308390
7013103704
8885333224
7942762698
8309571815
9985019777
9652271395
9347074141
9848213367
9676893091
9440711299
9985188624
9985114466
9849140204
9886545199
9492021739
7702513986
9963333123
9966997525
9440287414
9963067390
9959496860
9966261664
9885052825
8142313143
8832464219
9290442725
8639473098
9849171385
9490906666
8832426155
9966202073
9030551110
8832475909
9697719999
8820782828
8842344123
7942762693
9093868686
8842361806
9912698895
9848239001
9848022373
6305845452
8046512441
7842234444
9885061610
9010490375
9666670493
9052588333
9154334420
9705668866
9948588999
9381549995
9848377711
7386944444
9666404499
9010405314
9848104915
6305732889
9014488777
9440664929
9440111667
8309434571
8008443888
8008833999
9441745003
9885778188
9966126653
9963585115
8885550607
9542222732
9949722602
7207447830
7997211920
8688447830
9052448844
7989939212
9246462940
9885982762
9160100143
9030208820
9866747476
9866578188
9704728042
7799011116
9398804412
8572245700
9441152276
9133302999
9440273214
9100939384
7799889972
8672220925
9441865555
9849114406
9110382362
9494386215
8074581783
9555993366
8919546858
9888964446
9182975630
6309977779
9849135358
9121166920
7095178568
8106226953
7702228698
9885108000
9441662948
9182445579
9291599466
9908506119
8464999920
9693917688
9391602300
9908720786
8712457557
9884055415
8688837750
8662571983
9346459428
9032078033
8463924483
8463924903
9963324865
8500068486
9966221218
9849235760
7942762697
9966756601
9010557777
9346687693
9705550055
8977403551
9700555397
7993988755
8374186789
9441914642
9491925251
9859991991
8341888860
9440207366
9441854335
7901220777
9440664662
9490539163
9963699979
9491291002
8099933308
9700083476
9490486781
9865938306
8596222982
8328369563
9248011858
7942812243
9642233455
9490175940
8008803503
6301958505
9393840955
9391927770
8247630892
8886498882
9502568731
8331820242
9498080898
9885555183
9347411287
7702730030
8096903555
8825220163
7013789949
7942813314
9384805574
9848971796
7942877835
9704036658
8247382437
9182381368
9490789495
9640502024
8096818646
9703336116
8125302246
9642607979
9885079009
6301851915
9177519551
9133049268
8836666680
9000996999
8520807893
8832499066
9498054256
9505975970
8886296661
9985051244
7729029088
6281829356
8985403630
9493797319
9948202323
8832443335
6380026596
9492381308
9177852526
9542637116
9849520517
8919144025
8897622296
9248094455
9848377695
9949173883
9618971911
8143145383
9553887108
9908286174
7287049516
8626251188
9885026273
9000119990
9930646982
6305991534
8922235500
8291029584
9676712999
8459179307
7995277758
8516916916
8922252900
7416264455
8500303003
8099118060
9885875717
7842333399
8074896609
9398485699
9292459459
9052703828
9848163050
9848586116
9015964626
9989281413
9985786666
8037762185
6301241073
8978126757
7382333315
9902333311
9390019331
9849668466
9182212221
9491206141
9963361515
7989423639
7942762768
8374444414
8885858895
9493999983
7331192999
7420014074
7942845926
9849835736
9494645681
9347951605
8924221333
7004375488
8069248267
8924222900
9346050403
8185870802
7981317178
7901241330
9550921326
8977331660
8977599995
8019912235
9652757565
7396596433
9739588365
9246630957
9848520848
9032747315
6301042530
9396225293
9177930164
9381141518
9014312825
9059050410
9908968639
9885270817
9603554535
9492606970
9542099972
8019199129
7594002510
9704165134
9866281355
9885942135
8121212449
8879935417
9160126206
8674243494
9618627774
9505716269
8885909052
8919181844
9010144141
9440388919
8647254645
9391261611
9392939449
8328451389
7337206110
7947479872
7995959939
9849694560
9494504320
9059931758
7330900525
9133906563
9162828362
9985555946
6303817808
7947479900
7013006011
9010775599
9390593232
9515452478
9949894891
9505555673
9490592073
9866917393
7331112228
9849296408
9440830031
9247266674
8106802134
7794917109
9182075118
7842007827
7780663467
7386622463
9848756106
8978154033
8074256696
7382533644
8333997836
7829444644
9966336027
9492879797
9700929281
9704178881
9849229565
9573682900
9494543819
9505213766
7702714814
9014314090
9908020821
8647255466
9440712886
8019931254
8632231188
9246402174
9848613780
9866025075
7799385828
8520027510
9849665505
9966961566
9059459701
7036401829
9030751917
9866508657
9985882411
7013553440
7337256555
8040184450
7288978212
9346347625
9133533883
8068426654
8922233528
9866682886
9866193089
9703344483
9490231698
9441518705
9703575810
9000206864
9959225688
7337042340
9513480480
8556222629
8623242040
9603553355
9985761069
9030492829
9121650385
9030227759
9040069626
9866664517
8106818437
9866828983
8309597566
9848302586
8942227691
9440115686
9392323974
9440383409
9440937584
8985446661
9492327421
8660509448
7358897492
8570255202
9441774863
9494311333
7013371641
9290996681
8008123412
9052052068
9912693720
9091108108
6301817729
9133711823
8897584242
9866728920
9398661909
9866318017
9848357543
9441107642
6281252588
9247142035
9218169274
8106454599
9059493661
9492000876
7013312462
9959952358
9490882020
9441444639
6300872151
9848169811
9030329087
8978343809
9502078900
8071331055
8919091433
9966693997
9526953183
9490155443
7386767596
6383529821
9966322889
7416523128
9885022444
7338826985
9490165695
9505671395
8179719799
9248017276
8712338999
8897873468
8186919636
9441273879
9030400551
9352568128
8571224515
9989529034
9618918968
9866624660
9963977775
9618653325
9391838407
9856009856
7337586718
9000917123
9703859593
8080599778
9154222444
6303168466
9848930139
9866701426
9533329591
9848532644
9494477561
9966843406
9849614829
7893948606
8121827770
8639000687
9440215158
8044630730
9247382266
9440559307
9030804367
8572233753
8688720723
9440393023
9705493605
9441065694
7569870291
8309276769
9966805786
9581020193
8688922464
8985539537
8568286349
8978936785
9963716293
9966823300
9640177722
9908273744
9573466266
9553339116
9247008887
9959938380
9908732193
9398404095
9700275111
9866554055
9182637292
7386799999
9346346402
9347900900
8644229197
8644225159
9381378035
8672222688
8121746588
7287035967
8501957868
8672223555
9848569772
9182565321
9290187792
8886644868
9014163786
9848168363
8019895845
9030236306
8919200480
8099175165
9966744466
9640821617
9966236246
9396867779
8071655205
7075645225
9440372678
9966150964
9440243888
7013421109
9032735199
9390323349
8978837520
9494908820
8978578861
9573333945
8555898757
9553285959
7382559125
9959793931
9581454444
9848114286
9642284690
9490522477
9291277771
7382027643
9347897769
8073272414
9110771799
9848039909
9949334908
8592233315
9966281577
9618426422
8328381456
9182557626
7416166138
9486990928
9182763376
6281003735
9154708090
9154528995
9052486430
7995880105
9618798712
7386721114
9398687467
7036098994
7032525185
9866040174
7793908987
8498882088
7386048000
7569717461
9441956174
8790105868
9979939142
9848116222
8019324093
7396269495
7660806740
9959164945
9502386301
8812232427
9289922629
7093180646
9885519790
9490296667
7893657999
9652125555
9247462986
9849532166
8143695125
9440456268
9949908244
9966311192
9866129500
9030311009
9849692998
9143143811
9533337756
9492828320
9533338777
9494555291
7729011777
9030584542
9440823563
9177820924
9666653959
8004252858
9949961680
8592221634
9985424415
7702246578
9908826818
6302123252
7660938321
9848732555
9014974878
7661830260
8662974559
9010221494
9032528889
9490860622
9889889508
9866000440
8886567089
8008333393
9980454998
9849183517
8143815971
8121311061
8662422564
8662424934
9848343472
9948102259
9849560827
9912945888
9848560054
9182882112
9912387786
9440279260
8106018518
9052006555
9392545549
9966658346
9010163411
8001211122
9912698810
9848377354
9885190750
9573300064
9440019170
9642599105
7671069503
9618408176
9247712153
8977079082
9440686950
8985053999
9440353009
9701638359
6305478951
8686427325
8832444620
8832464144
8790521715
9347321354
9052232522
8919806671
8688850007
6375180108
9949351433
7989726703
8008847993
9490361972
9032921115
9440687221
9100970091
8369463500
9885500708
9121818866
9912099346
9440586570
9440664181
9985571494
9440607924
8500661113
9676190166
9666657567
8812230303
9492489153
8500038881
8121034590
9949947132
9848129143
9052741977
9885412118
8836677661
9951331136
7207555556
8046512157
9246654144
7730074297
9491048784
7702871119
8624222248
8624252419
7730088444
9063793388
9533336383
8897052386
9247465580
8832475008
9133226281
9182132013
8555885017
9949156564
9989609975
9440245981
6300922738
9440732301
9948430568
8500700711
9014452814
9704866888
9885155451
9246665498
9398977522
9010281111
7995495959
9908106963
9121405050
9030203784
8008494496
9848797412
7286814030
9849353500
9866714658
9030990900
9704203682
9440645676
8099946296
7095722973
9299998080
9703322215
9014088467
9849608815
9701803902
9849263103
9701268886
8096009962
9949966857
6381703183
8178025738
8792013447
9700693478
6281312384
8500300415
8885552977
9160345682
7989917733
9849542228
9966768411
6303588697
8897330643
9492224145
7337533005
9381516178
7386308788
9581322888
9059900004
7799990219
9494640462
9603061003
9550660670
8562272836
9182841278
9959999979
9010959797
7285962016
9849310818
7758995355
8331918417
9052311522
7893884757
8832438071
9032321122
9848840908
9440177573
9700833999
9247732075
9704586733
7702011522
9949050002
8047027149
8341726668
7997991397
9581239560
7780512860
9000340818
6305093535
8179334445
7799675333
9848060615
9052222695
9059511104
8019874297
9849397733
9030469830
8500559305
8832425741
9063072989
9885888909
8578221144
9642598987
9440224393
9700818420
8886553564
8297481733
8329894792
8500842125
8019990590
8554251234
8008594945
8754469985
8008891047
9959758324
6301136873
8890843647
9625575555
9895889293
8885806130
9640490859
9966263868
9676381463
7358258385
8555808771
8331034466
8106108827
8977057881
9441040731
8554274002
9849548893
9000203679
9441902204
9000060770
8500607999
9603222719
8518221500
9394883049
7097100971
9948765263
8867700562
9440574917
9440248276
9440248401
9949443329
9550464442
9392912607
9848677525
9494544305
9603070908
8647230877
8977138978
9989045107
7661904370
9441287898
9440750851
9885372424
9848156111
7032738111
9966438221
9908643089
8068426657
7942811887
9397923456
9032748817
9052139999
9030359459
9490110780
8002680000
7601041512
8942222203
7095353888
9290219255
9010056572
9440771532
9703148136
9441962515
9491841080
8125983849
9440268838
9393935223
9010572223
7036353434
7998699199
9849979215
8125167385
9000943667
8643224022
8121279609
9985692992
7093386112
8559222211
9550212181
9963629009
8919019792
9618925728
9849884055
9676664311
9290129319
9398330065
7093393435
9949278777
9246395566
8048045203
7386665786
7448933747
9440247891
9959639311
9440285945
9177580401
9704362345
8071890027
9597552072
7396595929
9959214052
9949045910
9949940080
7893413847
9848000611
7013338503
9949784184
9032433345
9014771045
7731933395
8074147009
8886893739
8333891166
9392339556
9885457833
9985099482
9490658835
8002081234
9652427709
8512220240
8657568648
9963052573
9642666919
9849916756
9000748777
8074866103
9440324116
9494748600
9966650505
9949456667
8942222156
9133090256
8143672299
9030607016
9059036345
8712341473
8328256030
7097661786
9036454649
9848863236
8688123064
9052181777
8047027146
8044953811
9502059777
8041017603
7039001475
9700306777
7893939337
9010855118
8317678919
8340840897
8885638989
9848295244
6304502065
9985155555
7207299998
9866835102
8125634099
9848212453
7330723489
9966087009
8130181301
7386455106
8070743743
8885824288
9246277727
7948058652
7995002737
9393996467
9154281136
7842000070
9640755559
8885156688
9398617144
9537622758
9100373806
9666913613
9989120558
9849316984
9676504174
9247103929
9396705854
9885674466
9966665334
7416770618
8985276677
8912783575
8309354865
9959322103
9441598676
7396660211
8121363549
8672222728
9993378781
9966330014
8672227000
9291612736
7893432714
9492010356
9704442318
9866865117
9949057884
9652818105
9490503034
9440044337
9248155336
9246927282
9848121918
8897854252
7989229122
9951857317
9398223127
9182251020
9182079760
9948120705
9951150405
9866438473
9160223359
9246921177
9030390802
9989045686
9493008238
9505897269
9000833833
9440942049
9945157783
8562241676
9985246633
9441402970
8919039964
7569064317
9966393532
6300972292
8499969449
9849211118
9885389000
9959696508
9959275200
9346081444
9848872866
9492295224
9493579797
9550124792
9866844488
8977718817
9603266366
9355834351
7993885519
7036386999
9988787666
9615155999
8856232337
8856232496
9346971808
9494486669
9346993809
9391417615
9177437018
9676739096
9948773434
9866826022
9866775590
9440988025
9248133822
7995246413
7036179729
9542954449
8500081885
8186813443
9032081338
9908258888
7396684933
9866411390
9848682799
9390257990
9542522232
7942876769
9493704797
9985831850
8977054254
9912107506
9493772668
9959225945
9030929252
9246639009
9247478158
9573720839
9490904415
7702891260
8341512819
8977929909
7075867027
8977760748
9989811959
9849187476
6366667475
9642357589
9848048128
9550321383
7675032922
9290238883
9848903025
9247417099
9491929903
9160858258
8639767660
9951111111
9246651059
9951710101
9703033039
9949502144
9182520126
8639391925
6301361457
7997992636
7013101367
8096188777
9515071277
9440145222
9248419345
8341027748
9440578757
9848544422
9966051892
9100594499
7093747129
9014235192
9505520472
9848997777
9505345123
9901172626
9959247279
9394971117
7997918888
8074483355
7382342099
8645232203
8639159617
8639851852
9441294481
9177741113
8985952055
9177443615
9613456567
9494000886
9908437731
9246696686
7995859554
8309125122
9133442202
9949342799
6362536294
9989207479
9110588474
9666385602
9866270962
9177659470
9441589270
9866125577
9014703147
9866509312
7288955897
6300552027
9502845306
9110317345
9491132644
9989895491
6281482624
7670907872
9912699789
9848984457
9885509354
9000957727
9030210609
9848850116
9246985444
7993542605
9000078896
8512253785
9381559035
9553334399
9397056287
7896989232
9908379017
7358070080
9849417837
9032061508
9666392109
9014722940
9618769769
8688226240
8886520942
8247893572
8588807298
9030877425
9704951982
9885528103
9703196139
8919051038
9133610310
9240221889
9347077194
9849598314
9492757546
8185820257
9030333980
9992755509
7416414600
9030444798
8790488412
9963224177
9491586951
9440797105
7799975333
9848167591
9440247987
7947479790
8500050159
9440355060
7386064059
9959659704
8647230007
7989974161
8647220229
8374692277
9963934527
7731060846
9908632732
7702600272
9553776398
9440942066
8644225566
6302564324
7981563549
9390327744
9492982212
9948225874
9666314449
8978487807
9524571116
9000056116
7989176519
9700352020
9849987999
8106572162
9573649985
9948769276
9640586446
7995072664
6300171647
8942222293
9948263919
9618352274
7729975080
9494964459
9676704392
9963813486
9949021468
9959805754
9391283576
9440639268
9666917474
8463931721
7003292507
9440171297
9908700882
8121612187
9848647285
9441078784
9948803082
8555811855
9553369007
9100381789
9885651439
9492946080
7330710371
9440726539
9111988808
9121846826
9167835555
9866424509
8623244355
6303836063
9491692588
9989998070
6304480198
9848749161
8886688864
8554242425
9701491779
9187375578
9841707577
9441882995
8570256623
9701642425
9849796555
9244336666
8096977977
9866457490
8309684430
9866164991
8121266257
7207766842
9515544442
6301182847
9885037566
9030600794
6305211884
9246940606
7008480334
8179106488
8247273144
9573518698
9085916916
9848698916
8074477686
7075923420
8523018275
9573205115
9290087010
9247466793
9848752529
9177018634
7661943142
9000160088
9393935141
8074316455
9030953009
9948816318
6300433675
9187777777
9440420919
9848447494
9000240700
8819225333
8071654939
8044939709
8688340514
9666705703
7799844544
9949255429
9491925688
9885563555
8266896689
9848477447
9246664866
9505680687
9603539353
9059975699
7995014274
9133277752
9246222993
9010988388
9701904783
9701122111
9440953593
9494388104
8309337421
8143318707
9866026794
9182784221
9440244540
9160621669
9603434118
9703347999
8676233285
8106075968
8367635678
9908682700
8578222207
9989622124
7672080881
9550752939
9908777222
7036088824
9948141476
9247118764
9440254161
8885861470
9494954218
8886422649
9949595090
7995154867
9849136394
6303473481
9848253671
9441659637
7780623199
8977991144
8309010023
9666154524
8688888903
9848293313
9912371255
9032990099
7093615900
9000707365
7799881165
8885578016
7013469420
9391612368
9000394573
9966250045
6302816263
9177536222
8143646043
9346511901
8143674757
8328656753
9848776480
9703046705
9490350427
9849849824
6309192250
9441204489
9440567335
9885777379
8099380354
9848037657
9542399345
9440651960
9949398161
9989499932
7788993939
9347729708
9441468940
9440841324
7995608385
8801418458
8500273929
9393628455
9704933319
9100408505
9963521144
9577334499
9347466546
9848371133
9705222844
9502766817
8814222662
9247466460
9959561922
6281869923
9246462676
9603031755
9949775330
9666584271
9492525586
7013303323
9391339165
7675991777
9490280025
9182337723
8977255714
9949964923
8639484911
9494468922
7036399997
9866529205
9848654564
9848472621
9177964999
8555818946
8047027162
9440582006
9347809460
9052912888
7893403344
9849198494
9573012442
8978601901
9110729757
8333809999
7337552410
8886786761
7382082555
9100752753
7661970223
9441450865
9703577784
7799357979
9966242554
9440524435
6303980538
8328019264
9963152003
9492337744
8801148687
8626251999
9849262473
8499934819
8121157719
8985620038
8074872516
9848246418
9494951436
9908755118
8985837642
9133031531
9491377026
9490103958
9959987442
9502336015
9666072831
6303223383
9154260555
9848430006
9618997769
8790988633
9959592564
9490607573
9676323455
9440999581
9494569822
8112188888
9985688034
9959000898
8332990331
8497009915
9063171786
7799591234
8106348584
9703777686
9848087880
9502354460
9052507754
8037513750
7306037772
9642961945
9985942862
7780127515
9594820169
9703090901
9949820547
6301735271
9989693143
9981611822
6300628712
7801033370
9848546231
9986612121
8067518078
9666480600
9542299444
9848279000
9441157320
9906170125
9492081033
9666004043
9701769565
7290022123
7416616646
7799772651
8912566656
8985898866
7732044514
8912558162
8185921684
9885011347
9849727146
9398994468
9848031158
9866234979
9676370616
9848878663
9912283966
8912564825
9132743999
9052177377
8662441116
7042424242
8125818282
8008588871
8226822662
9491323838
8922224034
9440532952
8977936373
9000437300
8750687505
9550232721
8662535595
7330984620
9949142891
9009001489
9490272227
9848125539
9059179779
8942226222
9346222567
9440838758
9849387474
9440195005
8069840341
6304587930
8297554488
8985443072
8632223456
9491616663
9010177709
9912912510
9490725164
9494149888
7075560655
9848526555
8818224555
8037513853
9494470477
9848222113
9121922992
9440706908
8291540681
9441083001
9010891196
8688485868
9133033354
9866599955
8885842585
9885534444
9966795208
9959579984
9392113553
9866567567
8816223316
9010900024
6309250666
8121923458
8816222021
8790743815
9848699823
8328636407
7337445797
9494865856
9849172905
8944255462
8247095177
9246456219
8662421304
9182526482
9848184743
9391915484
9885348190
9032305411
8612355577
9951995252
7799699920
6281855788
6300295100
6303669969
9550955213
9949935545
9550264388
7989000633
8970045235
9493310434
9966871577
9618212346
9848335997
9642011152
9494631275
9440713973
9848532678
9553888389
9393093817
8333939390
9848584387
9966741786
9666292967
9515115103
6302544346
9441448980
8812221666
9866716682
8106473639
9848365601
9866647315
7997891110
8790255924
8977743272
8672221199
9392235102
9182398119
8647223021
9866294707
8647231309
6302673909
9676699691
8660262656
6303402529
7947479764
9966964958
9963139090
8985973044
9505159181
9701429925
7989241559
7569710910
7997108999
9122755555
9849717950
6281791174
8922251747
9674762715
8297311251
7780375361
9121993726
9502694212
8975119070
9515849005
8512256499
9849956464
9848737775
8185959118
7013537325
8008572629
9885233262
9949725645
8125245525
9030334545
8912549663
9966354003
8630000952
9885545139
7382012357
9493181317
9963333533
8500809550
7207453127
8919322121
9292009333
9494728222
9177666149
8096666070
7075451759
9160241069
9393938011
9618159662
9866654725
9885584000
8144224422
9000016217
9988593333
9177842098
9849670541
8523033222
8662573816
8340949959
7799779987
7036353948
9347234144
9440356731
9381564401
9000275716
9885758104
8688998855
9440384309
9640842477
7075703899
8096628888
7799990008
8498831111
9863636347
9491383444
9392187954
9550602045
9392933082
9494467542
9440673675
9121232212
7981574923
6300856275
6361513001
9966903977
7874816816
9966636687
7799720707
9441368182
9989033307
9652899496
9618961111
7799890404
9989777909
9247040404
9246434586
8919617211
7799444747
9966799916
9849150590
8639892877
9959596813
8374066658
8500554056
9642422223
9032123143
8500500065
9966337313
7416006806
9010649010
9247772137
9949935335
9397144555
7799242233
6281698606
9704902008
9885019742
7780769606
9966639960
8978886336
8668198393
9000881528
9949403558
6303628947
9849465401
9885400676
9963900692
9494980808
9966087111
9848692237
8772222043
9036334466
7075219191
9848780524
8500659544
9292005292
8686730762
9494776969
9985335254
9390908590
7222888440
9177263484
9666292029
9346821292
8331033222
7207399196
9440742202
9741364906
9959246648
9700643424
9652842056
8977196381
9666368629
9346885910
8801571844
9502216436
9000478488
9700778867
9902702351
9440722399
9963835252
7569244943
8282897899
9949084646
6281113849
9030409045
8885005521
9177722606
9014298850
7416963266
7095908118
9848608678
9533279289
9885296700
9440492924
7905419578
9642462856
9866645899
9848668773
8819224056
9951374000
8712959595
7013414004
8333094754
7702211500
9642818783
9491286540
9440419122
9030262673
9491592642
9849546999
9553990539
8332821379
9703201440
9989330326
9885097211
6309770278
9542424774
9985256289
9789357955
8885656701
8179497991
9394438879
6300716616
9676920797
9000919146
9110742008
9849322869
9908884031
8099237117
9959009671
9502461515
9390808700
8328372392
9949153087
9848861206
9108157069
9885028823
8328403432
9110744845
6302407909
7780593112
6303974896
9390346733
8106013131
9440312568
8856231978
7416102489
9849442595
9676760422
9536333888
9059047871
9000046380
9885534222
6304489040
9866109090
9491290697
9985999490
9491629740
9100750095
7893535399
8922224444
8500129406
9396978888
8978438292
8500508487
9885873976
9381625959
9000382815
9985585978
9966887242
7981100599
6281890153
9000375999
9966336119
9866853517
8978074808
9553527315
7671963346
9866963874
9440453668
9014355232
7013268812
9704037172
8639191975
9988686777
8367270187
9154443078
8951950630
8328373754
9492969868
9440204601
8341213052
8897791122
9849332519
9441072777
9133624781
9441887407
9884450338
9491324545
9804359999
9299992776
7036363914
9652791004
9666711555
8688118388
9941038999
8500933123
9989573006
8147090471
9985162727
8008019261
8309071313
9989333678
9441095004
9866151249
9849274508
9440727925
7032854592
8500791234
9550002000
9347031127
9553355654
9866141677
7997567888
8500002084
9676747674
8465828999
8832463981
8836666945
9848182373
8071640083
9949151523
9494003533
9246823001
7659999615
9988992886
9642771508
9966636658
9000920408
8341708980
9908511140
9492642244
9951284704
9849968553
9789033476
9885252699
9603915000
9290900000
6303506678
9989906763
9128599999
9502062404
9966680845
9059811225
9398867707
8150933624
9347151904
7702072615
9494651641
9246730407
9985373830
9885824878
9966688870
8039664989
9885331975
9866026305
9515433664
8309991675
6300704086
7382006619
8121424208
6303778198
9182430579
9848814432
8688126567
9989933344
8886332056
9441141633
9949840820
6301456610
9032329111
8309941259
9989360099
8977585199
7699911999
9966998000
9701594700
9032626257
7093075454
8885895645
9966687777
9494570570
9812559812
7382104808
9246632693
9493388818
7337007601
7995859917
7382529018
9866644094
9778489999
8662576940
9491830839
9290781622
9848134472
8662572949
8071889916
9392115327
7673977997
9393431796
8374153731
9148787678
9945196777
7989695234
9553008009
9550076336
7659061115
9394107157
8328121302
9502459012
9866501243
9502501054
9618954336
7306310999
9703481203
9441791417
9959818776
9550398699
9949903611
9640521746
9866040170
8341347809
8179120888
7893877766
9398323747
9866029485
8912541915
6281204224
9948474642
9652679407
9030966584
9000323210
7093011865
9346894569
8019873188
7780647818
8886252222
9246929964
8001200330
9951997766
9493385040
9118001800
7829400277
9392242666
9293943344
9032316555
9515155001
9133997997
9989000399
9848366354
9849180310
9533238345
7330242330
8142217380
8125267801
8125919645
9052252253
8001036910
8686677676
7901226699
9966532252
9154328807
9121104111
9550410105
9311587744
8977676677
9739272555
8008374725
9703622795
8555803150
8519904555
9948587330
9440669965
9848160109
9392981471
9949565730
9246785411
8047590213
9951988355
8712635820
7730992099
9553073888
9704108085
9390216187
9885311133
9652083260
9902037788
7893777994
7674981165
7993707399
8772223666
8772227579
9573717647
9704698889
9505704906
9000989124
9849115145
9491709311
9848074580
9030983000
9052352352
7207222022
9848652422
9705042921
9121103399
9505545829
8327775360
8500984320
9986662221
9177739232
7995628280
6281091515
7799747576
9704999933
7396666678
8885222223
9440329500
9030211966
9703836454
8886106661
9110752078
8922225177
9989888143
9550716809
6303664288
9849370772
9395109109
9246456345
9959294495
9951521916
9542500827
9493454950
7382567105
9030650809
7997996177
9515365004
9110599057
9440605620
9866716389
8639367433
8855230597
9613126666
9948702137
7416293106
9247114348
9030838103
9143143189
9262636369
8143919199
9392850017
8712652787
7942845855
8328629434
9701460606
7674886689
8074147400
9494166875
9550550006
9440476700
7989005575
7386780215
8074311131
8074555409
9989594313
7093340744
8008777277
7989987351
8500148108
8570255136
9866437407
9122669244
8886150715
6281181749
9849504882
9177432517
8919375001
8978580388
8978194044
7981700599
8008700175
7331152200
8712127512
7659912385
8562456376
9550056111
7013729269
7013485760
8919960919
9701693014
9492759159
9948472109
7731850189
8037537165
9989204204
7013204313
9490077223
9642547777
7413500377
9966267412
8879242756
9886589899
9849111511
8142000099
8500219999
9441916446
9494410769
7947479821
9849663241
8074265748
9207200444
7095658370
8037513856
8019221463
7670901465
9000633599
8019478581
9951663661
7989086009
9393930056
9032100047
8359805980
9490761943
9100387755
8019776414
9346864074
7842966686
8985600078
9959850082
7989255690
9347330109
9963505922
9849482301
9618055055
9000411818
9849290371
9248148171
7702303030
9885082666
9704554411
9703579797
9398842139
9160035135
9533118695
9502850576
9951734987
9642416814
8633561596
9440494368
9492082456
7799182104
9154946062
9966711109
9912118585
9032044588
7396663154
9032856601
8985281357
9533569997
8886352257
9884433879
8686335393
8142225557
7997999698
9949860643
7997509786
9533375729
9392534808
9885089486
9032198379
8827698827
8885803214
8662560782
9177179991
9440421015
9398414289
8096772987
9573398233
9848068989
7032112646
8648222699
7947479834
8121320444
7989422819
9573029269
9912725156
8071936981
9949988788
7799544497
9100949744
9880690617
9949687349
9441143866
9533121111
9381569923
9345100136
8309446202
9573454058
8912726377
9440983094
9849133533
9441969334
9966040077
9959693322
7670901543
8912573515
9177655999
8121021051
8184913700
9989053046
9010267930
8812244244
9440145883
6302336492
8143530112
8099255355
8885557931
9705398992
9901298586
9100745576
9888193888
9951759666
7780711741
6301401250
9440605795
8004199399
9100645802
9032247867
9703131527
9052593245
8842354989
7378123123
7095045555
8985201818
8179233447
8675558111
8842375036
8008142799
9491997171
8328515813
9441090700
9912916390
8500565655
9849536908
8897992991
9515988508
8297742999
9494336953
9951762370
9553547086
9908636735
9849338661
9573334408
9899888765
9885833555
9581737779
7989904263
9440570629
9281014160
9014312414
9494145369
8842351515
9440167801
9121093386
9151525259
8374518334
9885558917
9705261066
8884444023
8062646020
9642708608
8886333132
9493231122
9966264345
8520958352
9989624553
8985501476
8143464841
9652762779
8044630710
9010170693
8886444698
8662425942
9912435959
8801138095
9885059710
9963333136
9346993740
9959556669
9849112666
9059120488
8037013980
8639789300
9573582310
9390212699
9014270279
9492956319
9985258458
6281522320
9550244311
8912592327
9348403399
9966055369
7989236795
9491787395
8886333708
9666994413
9542684789
9705230176
9959996555
7989234666
8885351779
9000616843
7794867184
9848871223
9440143174
9440433606
8142880888
9550077295
9000446556
6300401802
9160603636
8143905905
9440871701
6302605619
7013628287
8080260260
9705518400
9441643334
8143731713
8143334148
9493420975
7730080096
9666909304
9030873991
7569042337
9989589251
9701727683
8179302003
9000206058
9700092063
9866662191
9010991236
9652699146
9035916923
9885239099
9700275055
9030748412
9133813598
9700450605
9491049686
9849026960
9848104436
8712390555
7794902000
9059447687
9866025078
9000988847
9550051122
9603969786
9391561515
7997134445
9618837879
9440557679
8552250250
9989904880
9885228046
9000499952
7981780062
9440519069
7505333999
9441575555
9440021511
9440882516
7997818451
9912184578
9440626225
9849772533
9398899299
8816294838
9392763927
9393223390
9177445223
8712152789
9734117777
8677224377
8816255789
9705435779
8186822228
7075403149
8924230558
8886988724
9440373733
9398028396
9440134562
8249727195
9515301222
8121042526
8367092163
9505856127
9666426132
9959427496
9581818191
9666023456
8712278999
7893734638
9440613399
9502852346
8179665410
9505048897
9959141139
8912766333
8332996485
9550155394
8186089735
9440192185
9177732084
7799666418
7036770080
8500016789
8647228964
8686661234
6281288112
9652908039
9848222118
9703461775
9014439988
8942222400
8978393640
7579008008
6303231264
8367502551
8121998005
8106423339
9148657929
8556222575
8919912951
7993729913
9949011979
8499882494
9440938151
9618812665
8074486090
8922294068
7799966008
8564244744
8985618070
8147248590
9785286267
8555004666
8071178507
9493232666
9992223542
7594002639
8978550264
8639605441
8514242901
8686949422
6281260321
9502907447
9290050233
9966920816
9000688888
9866677314
7207403011
9502848528
9066151844
6353536363
9542085205
9966036888
9866393294
9440346661
9666454968
8071889806
8142222905
7680801690
9959494308
8309109234
8790604595
9618707271
9959795292
8297181899
8885286026
6301368609
9492200682
8099984827
9014301143
8099238708
9963344959
9030795255
8807227843
6304945170
8977773683
9346304698
9346555453
7013127665
9849114614
7842125566
9819501256
9553688577
9553726775
8572234746
9848974076
8882659999
9246662572
9849256587
9849506465
9849140625
9393909055
9652263367
9848442344
7989828577
9948206536
9014629005
9396666007
8422965638
9392252888
7995458885
9866409099
9866450546
9949270389
9441265886
8812221544
9989974711
9030183981
9989578030
8790551096
9515777751
9848724680
9494208765
9959281757
8328076626
9963592249
7396563170
9985425149
9573328870
9849446141
9440204373
9440204164
7674038979
9700019232
9550202244
9441290468
8019177334
9030000405
8297794333
9246653335
9908014859
9848938786
9885442646
9121242956
6281275015
9949566689
9849222028
9000870005
9515595571
9240222222
9988859222
8897226722
9908038829
9849005825
9490008474
9218101678
9866858601
9642566303
8125502710
9542888385
8143373343
9167318095
9999841766
9391107975
7989248422
8125749755
9052255770
7989626784
7396454233
8143530619
9866442649
9908254531
7675955505
9666705999
9912941794
8885907949
9966200006
9542495425
9429690338
9948236128
9346928141
7095212222
8466899599
9127430043
9966334451
9900253986
7207208230
9666800449
9246999777
9573944152
8978131666
8772264559
9703931315
9700505158
9030405050
9949606006
9959066966
9985208802
9491169595
9701111096
7997990707
9848691133
7075067555
8912556302
6304630063
9491813243
9866161224
8069351908
9849214415
9542045420
7036036035
8341848586
7023991074
7337218494
9182768758
9849229895
9391564829
8632331520
9951415307
9441249487
9010996846
9988809222
8019193030
9032122288
9160200300
9989207578
9848613118
7989788355
6300776833
9966881245
8045811724
8008100633
9000331710
9246413478
7842134160
9440544997
9949477772
7848812346
9291351444
8008333168
8977485485
9908203501
9542493322
7702186918
9014716211
8816223800
9030106037
8247712681
9441042973
9945569178
9676856677
8249638212
9346095266
9948233543
7995296145
7893186635
8886331259
9573366333
9951364279
9494903165
9346260487
7337097886
9966776678
9849611077
9550936680
9642357623
7780584658
9440395109
9440195196
9666193636
8247260357
9553000038
7331120989
6304111209
8333865323
9000597540
9885419931
9966620063
9440322865
8328109692
7730058921
9573399481
8480002463
9866198428
9849181073
8331999399
9966722224
9640920111
9440288245
7997744100
8568286189
9030349455
9494073099
8639570788
9440031174
9494329387
9949178595
7942962214
7005159892
9049690857
9436074877
7628936883
9774731855
6901320603
8798053353
8729947950
8974690536
7628044173
9774074574
7085338131
9436418623
9862314876
8787470492
8794724401
6009663492
9862360504
8126143734
8794021061
9366278234
8431719832
7872143009
8486115183
9643363191
8132803929
8729895222
9383003470
8729905122
8794813805
8119913361
9612981931
6909124659
9863410899
9862194745
9233433441
7085918413
8119068744
8798394440
8837318602
9862295052
6126714981
8729861285
7896185074
7005306185
8413941359
6003395739
8974819626
8119090507
8798476395
9436295122
9402792243
7085814772
7085729296
9167236010
7085802037
8837215880
9366184816
7085786392
7628969856
7630815895
8974628862
8258080764
7872929029
7085722508
8729982767
9403891032
9436670101
8532958233
9436235584
9980183584
7630832626
8731978315
8131847549
6909747671
9613049287
7002426223
8731850350
8794659149
9436298171
8787328741
8798515558
9863688097
8837398916
8119044080
8974655222
8787415719
9862593093
8413947177
8731890320
9862862432
7002496735
9916180207
6002376775
9612655344
8131856454
8257907645
8414825445
7005428061
9774918636
8729946634
6909994773
8974941905
7630931399
7085846173
8837236769
8787485310
9612173560
9101046460
8787666670
8730071780
6009973278
9863734796
8131845065
9402698166
9436227601
9862902998
7085689575
8415000982
8133085019
9862290952
9383080711
8974562919
8974145480
8413834335
9402685722
6033868582
9402997347
9233433014
8259860125
8822598257
8730065779
7005338763
7628988206
9863264393
8527341244
9362728747
8014232970
9612481004
8730030696
9612116209
9612669855
9366925981
9678697243
8414997591
9862174366
8259862017
9774807460
8259026295
9863525305
7085722615
7085972504
9650217933
8731979680
9402698700
8014050952
7005918956
7624818681
6009289867
9233428307
7005373382
7357401603
8119092908
8415924496
7085758570
8837401835
9863364683
8794137327
7005978113
8638286306
7099007444
7629820989
7628855215
9862635115
7005244006
8837269321
9774620863
7005190668
7642040040
9774249297
6901793671
9101593383
9394132643
9362370894
6009343568
6909180464
8794796816
6002025371
8118988462
7399974474
9233599169
9311946301
9862282369
7002717483
9612594964
7629081733
8732041429
7005017441
9233097625
9233788944
9402222110
7640808533
9436057700
8132012970
9233450423
8414969545
8794824688
7629985333
9856390682
7002891847
8259030353
7630808166
7085722608
7628083142
9862539890
7413926777
8809936996
8256004777
9233431410
8730045461
7627997316
9863079170
8258827576
7002444285
7085160806
9402071827
9402607640
9612431559
9612983405
9856187143
8731084319
9402937401
9402055159
8486792637
8729838891
7629821239
8259080787
9233642917
9402477544
7085424040
9366346932
7411330903
8414984930
9612813435
7085499684
8798866759
8132892771
6909423206
9862920770
9401069606
9402869201
6001233123
7640954648
9856084271
8119901732
9118002000
7411864573
9152928718
9167118957
7357201667
9863329682
8071639258
9233301250
9362979799
7630806402
7827866379
8732002879
7628064053
9401850274
7005893566
6009431212
9863831833
9366994261
9862829877
8729980855
8259865709
9435399660
7994264672
8258875033
8259012043
7005849014
7085427082
7085683411
7005627685
7005239150
6909125991
7005775727
9402045366
8258875750
8798092514
7085689905
8037267116
8259046699
8732801304
8575804803
8731823257
8131049513
8731826926
9233908533
9402990932
9282896969
8730028303
8414994563
6909424541
8415997191
9862945892
8257077093
8731954506
8131953832
9862334809
8447707074
8837355672
8729981160
9785808835
9862125460
9612239819
8257926069
8812942374
8826888897
8730922526
7085678566
9436054008
9436672038
7085685966
7085807204
8879234962
8291182667
7005709491
8732098944
8132895488
7085409770
9362566323
8256903158
9957047031
8048104465
8837298720
9619288408
8076112107
7628032140
8047138392
6000786754
8071325946
7085865336
8131857004
8787786455
6009593375
7628041144
9619885664
8132809671
8798863902
8974658696
9402871025
8794727663
9402973793
8416003873
9436250035
6009137115
8920858471
8974944771
9022495021
6009114132
8876654412
7003128684
7085722660
8794745898
9387639565
9612772225
8045949984
8317061292
9287951763
8974629844
7005596735
9832735360
7055862344
9612562741
7085857686
8974922555
8880537522
7005235701
9862352826
6364648316
8132890943
8837283584
9863659069
9862258611
8974072099
7085773273
9774345180
9383034340
9856087321
9920934988
8011509058
9863355724
8119883655
6900186547
7640986150
7085983978
8134857112
8873209978
8732095192
7085121350
9774995083
8731882608
8731835105
9707528245
9863313632
9954044513
9612602203
9856143670
9089687390
8413089623
8259021631
7085163356
7896148372
8794039163
6909977099
7384735578
9436282338
9862243812
8414044672
9366091500
7628925432
8729806017
8001022294
7459839886
7005277686
9612440770
9218106216
8794595159
6201354449
6901162797
8731812596
9982281570
9862096841
9436059833
9774620654
9862685864
7002647723
8787450501
9366280854
8415894666
7629916413
8062646631
7002072461
8730029629
8119062046
9436898629
8729948235
8787833912
6909158427
8798053612
9362921755
7002369239
9233997178
7005046841
9383105826
9402755212
7002635084
9402250960
8974566390
9774332127
9383386280
9954465433
6900340506
8414960620
7085998070
9863116090
7002394759
9954486918
7972630637
9435351022
8390882510
9401524726
8133023813
9435468616
8844365294
9435081088
9706037659
9678338749
6001205578
6001029440
9435153759
9435902138
9205586056
8638778339
9859278640
9394138891
6003721924
9101394033
8798623798
9833577171
7636046479
9954441447
6200717971
9508973458
7002458728
9859475178
9118001030
9717619858
8158081826
9954294212
7005999296
8402096978
9435168295
9864929772
8453347524
7002113445
7896149290
6000294565
9577210185
8876238543
9101024450
9864889417
9365101187
6901943972
9287959724
8638879711
8133044959
6000039286
6000569445
8638822180
9435123361
9435060096
9954013421
8876996996
8474839377
6002433685
9101149494
7418700125
7002865105
9707694047
7399050780
8486034902
9706015009
9435046111
9435703567
8811034444
8822022000
9864272137
7002687737
7099042020
7002157566
9864045004
6900258682
9435043934
7002091695
9435015937
9101720331
9707079000
8399093454
9864502237
7002442497
6026356787
7949107023
9181213332
9859056017
9678007385
9957943064
7002634185
9680650851
9864029095
9435611156
9435417473
7002099317
9706817032
7399326614
9435071925
8876603366
9127882275
9854173946
9706031928
7065039505
7099036677
7002331317
7086485661
7835079399
9435071173
9854040322
9401386700
8638462638
9678834118
9706209980
9101464715
9706270514
9435032025
9435032167
7018495365
9435031815
9435031475
9435394345
9742997201
6900445941
8071889549
9707555522
9435131018
8822859589
8044953402
6000040218
6900910101
8044953404
8050024416
7429825864
9864094425
8879884350
8638227750
7399075171
7637963112
9864321429
9395406213
7002583007
8761080440
8486387535
8956249738
7002584525
9101406153
9401620628
7086089595
9957101178
8721095884
9886563659
9435943966
8471900287
9706800250
8761072053
6002538188
7002438346
8638206685
8011126283
8638246175
8638794902
8638020599
6000368538
6003909303
9401255556
7002755366
9899228340
6000301156
7636082733
7002970924
8638966918
9864477067
8881388829
8638034157
8638822896
9101565268
7635951785
7086377006
9678065714
7086957107
7002097605
9706048966
7086613680
8486033361
9127070222
9707524001
9854839946
8399925075
8753905395
9395036563
7578834972
7099077667
6000729285
7002261791
7002553678
8037002597
9706553898
9864792573
8638870746
9085550303
7002702144
9394112746
9958297569
9365757448
9101239054
8638119982
8811881110
8638006879
9435460777
7002342716
8071889548
9476601367
8749881314
7002323167
9365277792
9476706501
8486271133
9101453858
9706318500
9954099782
9435232007
6002389967
8011299386
8133078829
7002502310
8134063160
9706166288
8929146469
9854908692
9435299997
9435030838
8471992769
9435566665
8069645044
6002113879
7002402851
8638859712
7002413561
7637877469
9954601240
7002601859
7065040468
9954455208
9435050699
9910637757
6002253539
8761840882
9435420001
9706512048
8761842555
8811989097
8752822707
7002413199
9864432333
9954451407
6000711056
9957468989
8812849693
9678939342
8638186517
6001160012
8045262586
9101372115
9854120361
7002801700
9167190652
8453890317
9513446591
9864465786
8011928328
7002972630
7002338226
7635995516
8011878181
7086230424
9864076967
9864834093
7002910570
8453233450
7002405583
7002640685
9954053423
9863777774
7086838579
9706220046
7002438820
6003511746
9957399978
9365053565
9435333368
7099074615
6003032583
7002436100
9395765137
8638721804
9641616494
9957699477
9435035828
9435641028
9859553333
8135055929
8471995685
9101212254
9706857182
9707191940
9954629032
7086608497
8638111200
9707026331
9864507577
7099212200
9678009281
7030299134
9706239381
8822827578
9395047607
7002645404
9706175406
9613472245
6003802102
7002083053
9508887074
9401347152
7576845431
7002342903
6002665218
8811909545
9954014211
9101085901
6900222659
9435126145
9289922668
9127375717
6001547462
8136068820
7606060737
9401388043
8099378979
9954375680
9101089687
9864485368
7662998373
6002219546
9706736720
7577986537
9706233292
7636011573
9435124463
9365597244
8876447700
7002390638
8133811782
9706863471
7002879340
7217888382
7086159095
9395101442
9864518660
9435002498
9957324359
9108790079
8822821001
9864434966
9707334745
8657568929
7002231101
9678507519
9435162500
6001881190
7002086275
9864490814
8486698660
7002209905
8720999388
7578006030
9508831264
7002599581
9577159508
9365184550
8011575789
9435080982
7002685476
8876543223
7002715882
8486592595
9513446164
8595450450
7002349740
8884336154
8638566282
7575966966
9513446092
9954104099
9435056444
7002064360
9707666673
9085308100
9864021699
9864015761
9101145870
9082702827
7002726087
9101933297
8403802404
7835807779
7002013346
9101699587
8486433945
7002606377
9435507040
7896295623
6002499101
8486295184
7002815696
7002815922
9101043121
9365530268
9435794650
9401346766
9707583507
7002045550
8134818625
7002453260
9127888919
9854690173
9854747426
9706377805
7637045654
9435149562
9577436581
6001565402
9395226088
9085183253
7635996931
9401806735
9401132156
9181365618
8486707578
6026602701
8638204266
9854073418
9854401635
9864441456
8402026361
9969383586
8876900903
9395405750
7099040529
7002949690
6000978530
9435164255
8899627917
9864449600
9101753141
7002246667
8472947960
7896415768
7002628052
9957631653
9435036063
6712255079
7002860637
9678343160
9101561064
8657568848
7578849910
9707333802
8486044949
8071890147
8399045417
7710097900
7428494657
9859955408
9643182259
6900099888
8486370123
9435205805
9435205747
6001622282
7002286324
9864614327
7045619972
7795361094
9854027171
9707495186
9401011777
9435022635
7942876758
9240031046
8486002588
6003710438
6026669552
9085223160
7003844393
7002715539
8287800623
9101278564
7517690157
9365033342
9101586803
9854038125
9864446812
8761068100
9101243323
9435512037
9864906771
9435129786
8471973427
8638854711
7099094242
8638026980
7002184035
8134082696
8822981839
9394826290
8876337065
8209693679
6901512173
9957899526
7002087038
9101676791
9435123968
9287999849
6002116402
8822559781
9435646462
7002516707
9678316700
9435064049
9954604540
9435845710
9954475777
9625215619
9395994394
9954497737
8486040133
9864127124
9864063366
9435113367
9957566738
7002055506
9181357558
7086945620
8638119897
7002409145
7002213952
9513180380
8002660018
9435097646
9435199011
8638852052
7637011112
9864988885
7099034590
9435549649
9435041423
6900523547
9864033551
8486466518
9864060722
9707521294
9678788386
8638113432
9954796299
8638848728
9401297243
7002111427
9513184234
7002471863
9706674963
9864044491
8473040902
9365487243
8402987238
9435541538
7002036424
8037240926
9401310541
9101039441
9416345615
9365397814
7002963733
8876329669
8134949752
9707893799
8876220656
8638274879
7002111584
9957896811
9057400662
9854290582
9167160437
7002141979
6900572498
6000016898
9101273129
7896801413
8876006022
8638761079
9101742689
9706692301
7002334029
8761060322
9864042724
9435422533
6900962144
9181068772
8011276390
9957601552
6000053270
9854026302
9513179789
9513179973
9435645351
8486529749
7002607235
8812879613
8256808845
9365293048
9854060401
8011810143
8471804672
9707195310
9864708447
7577007772
9707887809
9864525359
9555581581
9859646926
9957583274
8002083388
8638773657
8929031693
7002071628
7086827064
8011073828
9207123450
9513179551
7896319433
7002176194
8135053255
9864711157
9101356198
7002365005
9101468707
6001296388
8743028881
9289923124
9435054323
9954422800
8822830424
7578933477
9513445324
7086043500
8723822301
7086012478
8638557428
9957381510
8638222122
7002500523
9954318613
9706612093
9954034460
9707628882
9631148711
8983127579
9864902534
9101425986
6000544262
9395235764
9167837611
9101971813
7002069430
8876640193
9954182658
9365101997
7002412108
7035022110
9127055738
8882035494
9864246481
6900870859
9508343464
7002363490
7002412217
8876605851
9435087176
9395043981
8403961398
8486866627
9395430423
7636052575
9678694662
9365197733
7002426421
9864070675
9854054500
9435112507
8486321423
8638845583
7002335459
9531050555
8638790855
7002584487
9435031479
9864382912
8011103355
9508955022
9707124655
9707261514
9864335115
9707022400
8743820575
9401278657
7002210994
6003791510
9678005855
7002441530
7002802043
7002513418
8068434180
9854108259
7002074340
9864939147
7002972850
9513446150
6001992512
7002446010
8742965758
7002269089
9577533121
9706254470
9854320122
6003310944
7002685025
8761061396
7896022071
9435325605
7635803046
8135884255
9101244385
9096500123
9401115867
7577003780
8037781780
7002215695
8135067757
9435150474
8505822677
7605073799
7002702450
8472837463
8474079731
9435659459
9678766687
9401706986
9954934544
7002835672
9435568067
7002181306
6003433663
9864850288
9101688121
7896733916
9678897408
7896299415
7099030409
9101177981
8135094582
9613478091
9101349122
6001507231
9401046253
8402858774
9435069634
8486310437
9127365435
9954801826
7002923421
9401827964
7002405687
8011678846
7835806664
7099558430
8638754574
9394134876
9954885770
9101702851
7576038944
6281384094
8037267158
9395569549
7002533087
8011984056
9101451270
7086640266
8638178273
8486348417
7002900651
7002631349
6901705691
9613301464
9365398861
7947165373
9678843907
7896082089
9531028458
8011149917
9401501782
9957670880
8638420709
7896448885
8721931951
9101096960
9957386905
7002735175
8133904801
8037537959
9954356651
9365438307
9957452021
8071878081
8761083567
8787732869
9706142843
7002308186
9864837180
9864660907
9287951745
9311647052
9678209522
6901388908
8099505431
6026280557
7002353354
9181366916
9401238068
9101454400
9864076179
8011504693
7002587637
8638985738
9435507917
9954510050
6002094887
7086205244
8822724300
9577241369
9864576107
9864435353
9954752327
9957890180
8638311310
8638417965
9435108482
8638375062
6901320525
8811880051
9678928192
9905843551
8402877671
9365408136
7896013406
9395909657
7002359128
9101260872
6001325039
9101479069
8011317055
6900231249
6001099902
9954315563
9435038849
9864792137
9864620001
9101250652
8638904113
6001817050
7099004522
9954059101
6913002110
9365515427
8638040430
7086773516
6026137385
7002177095
9395536223
8822077922
9127458537
8638229212
7002439940
9957484571
7896625220
9365318305
8721057612
7002016925
9287953740
7099518878
7002645286
9395580235
7002213588
8720998717
7002611527
6003316088
9101324094
9181355171
9854092420
8291979541
9101157005
8822022925
7002520744
9706430022
8638700652
6002827913
9365325727
9658898445
9435946775
9954836997
9085161349
9476831733
6003925077
7002372834
9957547257
8847068332
7002676496
7638066094
9435222845
9854974240
8638687197
9859782866
8638027933
8753957448
9859980790
7002957309
9859365490
8486733499
8254843888
9954034399
9957119125
9101452807
7002857377
8638836741
8638296081
9864398315
8069761703
9954341808
7002494408
7896731210
8876223344
7002187260
7896618872
9365001732
8638112240
7002789548
9957872766
9954738825
9957174751
6002372482
9954647744
9401226800
9706042186
9101818934
7002625510
9957937587
9706262571
8822777555
9854016665
7578942297
9957343013
9395265478
9957015499
9957795647
8471861455
8011612176
9435729292
9957117644
9854131587
8037499982
8822977592
9395755944
9957039787
6901861105
9435320041
9435594546
8099464707
9706578475
8761068085
8638227300
9774439316
8638843173
8399999758
7896171820
8876785954
8638017327
9854059184
8011433732
8876425878
9854847131
9954454758
8486839764
9435720622
8876679401
9854066775
8071326880
6003909961
6026511802
7002089340
6003121297
8638053569
8638792552
9854520517
8037221079
8011600961
9435217251
9706935593
8453943752
6002044436
9401212737
7002334101
9395998738
6901620151
8472096668
9678789110
7099049051
6001486115
7099099022
9365036446
9864035554
8486712750
8433552874
9954361344
9513180778
8720911575
6000273446
8045884545
9706069618
6000543578
9287988202
9864085085
8099797241
9864032826
8473914818
8291488712
9401756958
8011279491
9706974084
8399909107
9401276313
7086419400
8167692041
9387548908
7002058202
6000475660
9365946400
8011271432
7575950003
9864834684
9435746047
7387475486
9435014693
7002845046
7002714369
9954556972
9864175110
9706746279
9613159668
7002813955
9864210495
9954751863
8822938967
7337885262
6001069229
8638722574
8486119539
8486163717
9954684922
7002312238
8486330964
8812069145
8486808582
9365452365
8876909172
8011680913
9954303765
9365050380
9101398856
9435846733
8099340360
8011857996
6002405509
9954249955
8237784220
8638683445
9678082491
8486249925
9864183092
6901474499
8011397192
8876262291
7896805776
8135846467
8876962994
7896513626
7002311923
7002974770
9864377658
8811045865
9859971447
9954829016
7947165318
6002620081
9954736527
9289922727
8638993289
8638829654
9395961379
9891564622
8011128257
7002617504
9435044292
9875370663
7411959628
8037839443
7002063455
9181860511
9678523754
8638061914
8638791021
9706668676
7578087120
7636015067
9706165590
7002426238
9365288269
9435070738
7605850733
9435070493
8402080886
9678064500
9859905173
9365009083
9954110385
7002505482
6000074852
9435081856
9678043978
9957038466
7002871633
9612646991
9706160542
7099646554
9365846490
9954441590
9365049361
9365190327
8071325765
9127826826
9954996308
8472812681
9854016747
9854060369
6913817204
7002043811
8822664400
9954250476
8011744331
9957132421
7099189321
8471892554
9395405108
7002922651
9830036331
8812911298
9435015057
9859941044
6002393176
9706012629
9706432846
9854154509
9706771104
9864972096
9435150854
9613756544
8876385474
8724875473
9395713803
9613034235
6002348850
9127868136
9435887987
7635990714
9435071014
9707624042
9957453637
7002721227
8506064181
7002136608
7002618168
9854982121
8638082502
7411781196
8822462855
7002976794
9954440122
8071629975
9706321335
9706006842
8037839389
7002755943
7896849391
8453047619
9395406005
9435754461
8779338621
7002341140
7576862499
8062904654
7002131213
8472848208
9864762453
9435127100
9954044600
9864858237
6000120535
8822579096
9395115595
9957568259
9435035933
9864354539
9435044598
6000981707
9101919717
9864437293
7217888043
7086589109
9954425651
9193759655
8071629331
9395639741
9401369987
9435018838
8256050972
9435171449
9706585420
9435376484
8011002949
9678256865
9435021225
7002641131
9678109385
9706430986
8811096395
8638836853
8638489842
6913349749
9435702729
9435030376
7002023858
9365775610
9435341555
9435029874
8638978550
7399051141
7086377035
8723031166
8002095678
9401561851
8638894669
7980169014
8638943200
7002683674
9854225594
7002919245
9435117379
8011959088
9864518219
9957642865
9864582586
9954383933
9707602137
8638227428
9435037936
9707137450
7002814759
9085112349
8133875728
7002041044
7896503845
9706907133
9101377719
7002043674
9678973572
9435053760
9678377774
9954564336
9435131612
9706967139
7636034478
8876964151
8011120191
8876164484
7086719741
7002450833
8099198386
7002804843
6000714841
7002612913
9706036257
9435053902
9167797065
8812099857
8812993610
7636815166
9954807195
9101922327
8638923635
9859343272
9957067723
9401910053
7002577258
9435326720
9854337650
9577449810
8037908062
9435861048
8099871800
8723054717
8638001751
8402937093
8811033037
6900298266
9085582331
7896326257
9864081643
7636885300
7099078880
9864063410
7636043024
9435500474
8638750225
9954355067
9678137398
8071499779
9101456047
7896605582
9707755579
6901484084
9706440801
9365488525
9864971380
9101173336
9988118077
7002393279
9435080571
8876256964
8638033549
9435083689
6900525308
7002799049
8811034502
6003762926
9101756294
9706934551
7002732659
9435515751
9678864610
8723099781
8822011115
7002804780
7411959323
9954056775
9706825595
9435845644
6000649557
6002133963
9854006504
8879975090
9435094836
7002556964
9101456875
8876650475
7002599485
9435162428
7002351729
9954457803
8876816221
8062916915
9435255867
7835076251
7002316908
8638134700
8822628624
7399004550
9435020037
6001480338
9435029486
7002507435
6003999427
9435355606
9101599835
9167236084
9435189505
9435572601
7002140784
9401957612
9365352324
8011262626
8473835687
7002390936
8638079820
7636875098
9954916026
8011987060
9401908998
9394480984
9864146722
8004251199
6900659690
9101989223
9436008800
9954393715
9954241928
9289293687
9435070277
6003340409
8474069339
9436103607
6296040012
8453855501
6002778983
9706040067
9101705015
9435095190
9101261118
6026026020
9167938697
9435081667
8403846830
8011235327
7099061396
9706911328
9678672454
9435021729
9365497005
9365848945
9395370466
9953832735
8402074220
9864406322
8399927822
8011004801
7002710433
9613341507
6901394590
9706964242
8471866205
9435064250
9678074406
9706299331
7002212567
9435015763
9854021162
8822604300
9435088622
9678729550
7002510247
7002072057
9101088693
8069840333
9101208744
9582340673
7002369063
7896619891
7086640436
9365194432
9401805330
9678292350
9706114928
8638164665
8473085929
9167086485
9954189489
7002601967
9531373430
6901646744
9954313272
8723821276
6001575429
7086599123
8037016305
8638754213
9101325849
8876411701
7637052090
9864781466
7002399812
7002347394
7002690290
8048794632
9127061176
9167236193
8453599367
9864361202
9365951541
9954488915
9864188725
9864141194
8473964801
8876785416
9435087013
9401800792
8876979849
8638249423
7002901844
8037517851
7002028157
6901825608
7002596228
9864365699
8181810318
9401877770
8876297908
9365349775
8638131010
9435178178
8471947712
8011684484
8402990712
7489901768
9085848482
9435609990
8071325941
9394884776
9101252446
9101217689
8001801961
8486098999
9101051016
7896622950
9707051596
9167109177
9435025455
8453126665
7578998599
9678960249
7086647020
8720907097
7662060087
8876512795
9864593359
8638613415
8638212368
8638285837
9706308036
8486816960
9873547282
8403927844
7086204611
9864031115
9706946757
7577036009
6003295802
6001056762
7002722878
9864793392
8553641649
9435078636
9435016097
7578091795
7002249506
9613860039
9435027710
8044924073
6003952135
9365449879
8472911981
7086822774
7896022252
8876553605
8100832837
9831033390
8486815003
9706323580
8048794483
7002515839
9365806659
8011266741
9147097168
8822859287
9854338160
8133036919
9233313592
9435101209
9859219676
9167782466
9508393937
9864140081
9101085182
8876565001
9954374365
9864062707
9706345056
9864546058
9678540732
9127009148
8011915458
9854068858
8921895045
9957444434
7002336760
8822757840
9718752776
7099899764
8720950836
8471936950
9864546681
9435478790
7002366970
7217888128
9555058220
9864099477
9401957903
6026990969
9864114608
8638285425
9101736198
9435005259
6001055081
6001452384
9864575299
8200198381
6900560177
9401972727
8638781841
6001108906
9954177168
8135005516
7002696929
8822882266
8638323745
7002098011
9613236463
9971143002
9957982474
9864071376
9864709697
8010411640
8811830565
6002368421
8752972718
8723039405
6000173335
7575972286
8347863383
9435900313
9401914830
9864077172
9854584868
8453558400
9435035412
9435062559
9818028960
9864812040
9864040045
9101807091
9957557994
9365576359
9127885670
8876513754
9643803629
8486134115
8048121230
8073086651
9435135089
8486036730
9435649697
9859380500
9678251004
6001556550
7002860218
7595824328
9435412127
9435035483
8011113478
8638618867
8638986028
7002072803
7002354302
7002271842
9676803958
9706035596
9435886637
7002941879
9365632407
7002300216
6376197311
9864012345
8486987980
8062289116
9167236354
7896015194
6000567522
9401366088
7002283504
9954396612
8474800440
9435208992
6003629642
7899922962
8471982340
7002092008
9387117903
7002512491
9147741207
7578951367
8048104721
8976844386
9206110105
9287954076
9401001114
8655630846
8822146357
9508811194
8402956968
9613743546
9954366417
9435168110
8753964947
9394100734
9706037229
7002472589
9707159919
8811965384
7099026912
6026032035
9101847343
7002702216
8521438530
7002791504
9395337359
9706216661
9435036346
8721081389
9435139467
9864470384
8001036030
9435233166
8929759616
8638672782
9101001658
8812034781
7021986899
9678849565
9395180951
9101205228
6001470157
8037002416
7002063733
7002232049
9435325631
9864697457
7002300380
8486476703
9798342322
7002130602
9706500308
6002388785
8638552175
7002729754
9706975012
8638056759
9435736118
9207355640
9954384667
9954910703
8135028661
8638340253
8822070581
9127124746
9085358006
9706770869
9864461540
9954170763
8011885420
8134937778
9954523329
9167235988
7635832233
9395889579
7576881588
8638232046
9864627495
9954150815
9101337248
9101072950
9435038264
9707323264
7099575271
7099088078
7942825144
8876287394
9864014184
6000659975
8011430440
9435154142
8638962225
9435151300
8486318128
8402856129
9954355137
7086193210
9864387140
9707775000
8473869526
6901967224
9435035293
8876565005
8011253102
9101547227
9401883437
8638734479
9954230812
8042300975
7002447965
8478881698
9613044877
9101138213
9401491476
9085825505
9321004825
8638387211
8011269979
9707773432
8638052770
7039002133
9854108866
9127753905
7002715200
8473993080
7002826859
9954923557
9324805191
6000490150
9435293934
9954070249
8069199817
9435111566
8402807234
8403993969
9181082366
9678768026
9854089163
9957202161
8638023173
8721043024
7399055525
6003863879
7002276223
9435239564
6003812416
9181012194
9435176055
7002443314
9435071459
9957448551
9854698719
8048794796
9969221018
9864939919
8133941647
8638150946
9678084481
9435658375
9854726366
9706903599
9101373827
9854072268
9958839303
9436100121
9859933092
9864092048
8638083941
7429139869
9706483691
9435042076
9706341859
9854105822
9435197462
9387123362
9864055240
8876371871
9435016110
9864327042
9706738294
9678008688
9854638874
8876635836
9706080228
6901348123
9531017620
8133993179
9101172314
9118001080
9613559660
7002395174
7896186631
9678092672
9954623417
9854643294
9678850081
8638676262
9903920188
9864018680
9864061055
7099096544
8011139898
7002104149
8723861869
7397095711
9619885653
7636081150
7002679126
7099598638
7578008005
9830640004
9678401932
9365598730
9395331873
9864952493
9957651453
6002991161
8638957319
9954382492
8638346250
9678056025
9854643314
8638894776
8638126196
9435323114
9127010044
9101112972
7708015151
8404014995
7002321108
9957123501
6003509312
8011591844
9957181929
7002514782
8134067358
7635895125
9864223172
7086832609
7002691744
9085366819
9854242918
9707648703
9864141033
8638559455
8133810814
9864767066
8071264001
9218101677
9954893715
7002197130
8927753318
9706485170
8638395780
9707785767
7002702544
7002301995
9678794838
8876889977
9401407128
9864766044
9101693643
6900377078
7604006354
8402964388
6003369497
9864364159
9435389825
9101474832
9678863743
9864232443
9365314607
7002295558
9435053877
9394574392
7002368423
9101866640
9830634556
8638090554
9507176135
8822666444
9435101433
9401689062
9864016070
8100738987
9287951489
9864218442
7086750909
9101866533
9854449449
9394020122
7576096325
8876728527
9741187827
7002604403
9435809039
9395825499
7002267462
9854162712
7099023434
9706905062
8486139810
7002923822
7002256039
8134805488
8876450280
9864051910
6026938971
7002871037
8638139445
6002521532
7002656906
7575901298
7002868297
9954122762
8453542480
9854026353
6000971168
9954065132
9435729125
9435095689
9577126943
8876006559
9864049254
9706096191
9864820942
9435019357
7099026842
9954251995
8486819723
9707077188
6292300585
9395807784
9954971275
9435736602
8399913123
9954485390
9127321329
9101583799
9085875469
9706899892
9435544440
8453705603
9591972785
7259672680
9319995347
9957896037
8486121228
9365276313
9864204814
9435076822
7627953411
7002565995
7002029895
9401281375
8638730704
9435108236
9954012626
6001588604
6913649961
6003898533
7978115561
8723974834
9864099919
7002954340
9435398736
9864142448
7002262857
6901463131
8721037701
9854412903
9864011792
8638190724
7002831003
7577846733
9954621537
9435088812
9706111111
8486024166
9706663277
7002556614
9101961002
8876348673
6001447170
9864894034
7086270020
8822495374
8071326883
8638293380
7035430001
8167541947
9101932224
6000390814
8876179806
9435008662
9435168254
9401069901
8724823280
9365964757
9401022216
6000784082
9435014999
9707565015
9435310552
7368088516
7568133503
9435031785
9127301573
7576069855
9854858346
8404095435
9864942221
9101221893
7086803380
8486441896
9435135560
8876424015
9365318254
9435134074
9435037444
6002322077
6901531561
8638790180
7002350430
8011858511
9954252101
7002023576
9435155724
9706931190
9957957285
8011772955
9101164930
8136013332
7002156242
9101015986
7002903972
9954553059
9859885895
8876052043
7002501199
9101341566
7086545522
8135016233
9707723526
8134014625
7002453965
9864453069
6900460800
9365663639
8473883264
9101064299
6000476108
6000761798
7002294509
8011596604
6000741565
9435223579
9706755726
6003765845
7002977008
8753927717
9954319377
9678427622
9531028128
9435133283
9387904092
9864490870
8240576150
7002491247
8011688401
8822533066
8486331244
9678655099
7896138397
8638300149
7002516802
9707341153
9101554767
7099003169
9954734855
9971620134
6000847202
8876812480
9241941296
8486372086
7002405139
9435054056
9678756147
8822476052
7002050995
8638535265
8638518208
9435128640
9864105042
8402098999
9101670314
9707812773
7596072377
7002115710
7002875944
9435088735
9101132303
7002862988
7099510012
9678943491
8011951232
7099785385
6000765489
9435233424
9706283321
7002439714
6003306277
9101687534
8071640179
8403852909
7477788168
7002055054
8402025053
7002549419
7002552194
9101094726
7002446485
9365987434
9954836711
9085481811
7002837152
9401932242
7399304561
9706237037
9864250999
6002027590
7637815335
9954143390
8486505126
6000891083
9435152251
8724960636
9678434415
8011526735
9435065216
9678382435
7002537872
8486355607
7099294934
7896760917
9706256680
8037150000
8472092361
9393917059
8486214111
9706024381
9395911250
7896642230
9101544868
9954447099
9401554616
8638752118
9954375324
8638165714
9706602293
7636022244
9954012074
9577013338
9864190845
6003238853
9435599944
9365773939
8402096509
7896219972
7002105625
7896032347
7636909444
6026313035
7662934461
8134035333
7002034507
7002751942
8876015466
7002301382
9101543154
8037267207
8721937386
7086679336
9954484066
9435158456
9678479408
9707506603
8876947101
8638249025
9957447303
6901251717
9101849540
7002913140
9706039084
7002802695
9365751265
7896043312
8011214894
8454955555
9864425430
8638660341
7086283073
9435474808
9706144218
9365191979
9957563903
9101744081
9864256030
8486420227
9435726133
7577992901
9435618915
8721914978
7002509424
9401349494
8876220425
8876695712
9864062166
9401916359
9864379191
9864458976
8486659030
8638779638
8453913039
7576097257
8011022535
9707663756
9365119524
6900653952
8135984189
8876634559
9449889624
9401714122
9435071030
9706426574
9435173661
8723823463
9101656476
9101107790
8011227460
6002808589
9101958942
7002231432
6003212785
7002870198
7086497192
9435032625
6000143708
6913346466
9957891673
9854244236
9957053697
8473908372
8638873118
9435132807
9365498787
8638567528
8069156703
8638579494
9954011312
7399087874
6003424739
7002322160
7002719992
9957177109
8638445350
6913332761
6297216803
9864762909
8486034810
9167144345
9916338593
8011356974
8011230958
7002382338
8011087132
9954329549
7577062553
9864154565
9181081043
8638061811
9435494949
7099213901
7099063700
8822121048
7002981516
9954190205
9731134174
9085478716
8638713964
7002231038
8133920081
9613394005
8135996800
9435138270
9954639228
9435875025
9954037895
8822170186
7086319632
9706183199
7576846163
6000370770
8071629805
6001660742
9435058011
6000367687
9101270307
9394928226
9435030259
6901177215
9854321777
8099173497
8638063208
8062154279
9957490123
9854239075
9706049321
9954377884
7399906206
9854123926
9101886028
9365515398
6003666180
9101385263
9101275520
9864874476
9435127251
9365330733
9365227900
6001160199
8811985848
8638015995
8822750468
9854336563
6001272173
9706561370
9581607000
7086402700
7086542541
9864104500
7086643160
8822434320
9435783943
7892498380
7399261385
8638472720
8486203223
9101556490
9954549801
9613728127
7002323722
9365516529
7002068155
7002533317
8638800966
9957384119
9435184055
9365492794
9954729782
9101085201
8045312363
8638613523
9101649224
7662990000
9707666767
9101777085
8486555630
9365251804
7002027713
8011446603
8011792945
9954111432
6003367116
9101084490
8876842350
9863697014
9101891428
6000462833
8822164805
7005289882
9954624515
7002789368
7002683072
8133037257
7002311699
8723061427
8011761868
9706040561
9101177565
8724049613
7637801245
8638044937
6001281166
7667931267
9954014221
7002880112
7099031007
9678470316
8638017127
8721906628
9864585404
8920328231
8474805485
7002618267
9864486894
9401555804
8071325961
9435524041
8638507015
9706339249
8723003456
7002822514
9678313715
9435217027
9706569044
8473827722
6900468352
8099540514
8638447345
7002702134
9365290963
9387467674
8876790351
6002610318
9707731688
6002458424
7478383549
7086321195
9395277528
8638072616
6000715526
9085345735
8638137228
9435529608
9731056299
8399980720
8011161646
8761072397
9101980608
8638310603
9435106748
9395955541
9435045358
9577273240
8638384965
8812920228
7099390602
9435504176
8037267039
9401814742
7002742321
8011340491
8486950878
9435034290
9435031366
9854121113
7947166695
9706007020
7002290542
9127096939
6000864965
7576934255
6003669780
8724040929
6002839905
8402082321
9864369696
7099032757
8638015396
9085348072
9864095583
7002882642
8724872895
9395038403
7399410657
8011716300
6003401850
9365415066
9957748650
9435082163
8453887188
9954411405
7086644084
8638678408
9678574119
6002834460
7002818618
8876994503
9435061011
9577638513
9435322426
9957111429
9706482398
8011335591
9395555080
9957371310
6909024545
8486202537
9864011482
9038389666
9401268716
7002510166
9854497595
9854201376
7663050461
7636814367
8133050026
7085206266
8822472152
9667242243
9435051017
8399883117
9859502715
7099075749
7662000888
8761839078
9854624231
8064280563
9230988063
8638599372
6000820991
9147412203
9954976315
8402892093
6003606979
8402098620
9954493799
8486574572
9435782568
8010680818
8822115441
8876712628
6003891703
7002747752
6901640279
9954220638
9101745200
8067518069
8638911263
8169119183
8638727485
9957689472
8929335947
9903619637
9101482611
9366283209
7002984989
7086432546
8133828044
8011188489
8486953066
9760332054
8638342783
7002280165
9101128649
8135013775
9101641062
9859414610
6900350100
7002444703
8099778388
8794057020
9508162473
9101115211
6001230330
7578837981
8473076629
8638328616
7086150745
8011407773
6003653975
7002505571
8638028443
9435366163
9435666777
7002563175
6002671703
8099554765
9854081948
9101630166
9435026585
8403869048
9612574461
7002332063
7086791169
6265812506
7086008746
9181801652
7896925276
9854900103
8638780717
7099217101
8013046328
9864026328
7002417442
9854299409
9706233498
7035549676
9365837085
6000542557
9954050917
9674181899
9706996896
6901299599
8135934797
9678079661
8638129609
9864086207
9864057109
8638212901
9954027862
6003368214
7005382959
9957565063
9864408436
7002642249
9957223131
7099028830
8291014834
7099916914
9864202439
8876015124
7002191118
7002009983
7002708616
8638092124
8811089166
7099065545
9957075630
8340321752
9707160930
9147100675
9435519366
7002509365
8310019840
9954474621
9435084102
9101060316
8723914231
7002324949
9435041192
8761865300
8822011215
7002817797
8474836780
6000540004
9395445372
9435111988
7578014731
9864040933
9394325370
8135983975
7080601376
9101689048
9395986488
6000746361
8876905683
6001077231
9678878944
9395343886
8638706085
9864111573
9864543533
9954306734
7002097218
6001224185
8876011458
7002020083
6003985481
6901329678
6000891057
9954532640
9954487972
6900686823
8037150384
8724847410
9954832661
7896054082
8403886063
8011733624
8811968640
8134981439
8753091106
6355109813
9859462046
7002059384
8777501188
9707656422
9864233444
9678419708
9101127759
6000735583
9957337672
9401758687
7002191515
7636830018
7002540493
7002879350
7903461270
9534589323
9835616515
9835982205
7488740692
8877471919
9102000152
9798066891
9284750466
9334339028
7484897134
7979872455
9304644229
9155599228
7739745477
8709146118
8071935087
9431017826
7667784140
9937127194
9430097086
9942211711
7480099987
9661154613
7428912220
6314056448
6203818847
6314002163
7562836662
9523465823
8825341616
9155331233
9852220487
9199623340
8825375729
7352212661
9204842841
6299141656
9939213274
8248037102
9835691078
8797829800
8969945358
9835491111
9386365797
7631466348
8003380063
7717789770
9546069561
9122650099
7761917379
9431873345
9122086869
8969958946
9113143539
9430508173
7739674731
9341564246
8071643667
9162240928
6272459974
9031202123
8002898984
8797229250
9304984916
9431085989
9341505230
8789634738
8084716494
8677909089
9709862310
8697521216
9973362204
7903534337
9534688800
9341763470
8540029766
6207743177
9304149186
9240038027
9931608316
9234911811
9534888558
7903702061
7549490101
9473095450
8579837605
9153988388
7970917391
9570853565
8936052879
9289922175
9031908780
6204522499
9905680491
9852198621
9990346519
6202322167
7250278206
8083113219
7091477793
9473131133
9693323270
9430216362
9304866683
9835836783
9508688588
8935872062
9122002163
7979015933
9905334888
9304080246
6115227489
8507661501
6126688668
9905952104
6344243105
9835206464
9006882555
9709550684
6200260892
9835829862
8789163681
9334424933
9798299955
7277725055
8709516507
7903130536
9835035465
7870636168
7979053142
9162519929
7903258502
9334281176
9097199990
7779849162
9263931569
7207467051
9386131393
6203118792
9973161161
9006166595
8969284085
6205942608
9304223303
9334542516
7979049229
9835862766
8409982264
9431238038
7322943421
7004388725
9905443780
9334370868
6122352666
7781924574
7061627992
9931637792
7949213842
9234587006
9234161702
8789077073
9835009687
6204800223
9153544928
9431646175
8102294331
9931045959
9006366040
7070652421
7368940203
9431626916
9229662730
9905209740
9546801990
7352258628
7004129325
6201884262
6200433548
8271613435
9110926973
8797177733
9334534100
9508698918
8071407531
9955766308
8873369949
7667030160
9060797270
9386271213
6205729784
6203737876
9065787770
9240038336
9709420455
6203510765
7779891452
9431862682
6200407647
9905375414
7903895531
8071006293
9199400772
9470219200
9430297514
7549264587
9470741604
7549137549
7050028307
7717722805
6299227892
9334222294
9971038077
9334777330
6123504159
7827859602
8757422276
8409214472
9334493507
9582212222
7319666655
8045906699
8825343017
9835411569
7667875072
8083429901
7004428423
7004852438
6206824357
6202721682
8071406709
7488678231
9730409165
9934252581
9470481977
7277049725
6152242336
8210577742
8340422520
9771741106
9175943513
9431658931
7654947672
8809232888
8294480389
9507749713
9135008799
9162968766
7004197550
9693005421
7250256043
9939904001
7361098111
9771958396
9431218018
9240038022
6299286139
8540820913
7004309096
8340461342
7631974741
9460741056
9771194193
9128547168
8789113167
8291150125
9631338502
8071006247
7257070101
9708589400
7979848998
8651628701
8092811729
7870660060
8579923671
9955463056
9608674777
9390507103
9240083025
8071406438
7209044046
7654687227
8484936612
9852543836
7004563550
9709838838
7543000777
9006725786
9472210036
8540083894
9631836360
9661211531
8340441657
6456452704
9122555544
8877004567
8271033708
7004334604
7063175676
7479479771
9430807512
9122322022
8293756498
8002554573
7070320777
7992413422
9555543603
9807753082
7004578993
8294921325
7070965655
9608837805
7488665221
7004598118
9308208326
8271277184
9334712866
7758069931
8291197082
6183454973
8292118866
7903949364
9430961647
7909056412
7004507126
8083159422
9572434678
9771919682
7739375059
9508863349
7004288586
9608860951
7654249581
9060578885
9939904551
7792923250
9852068103
7783864600
8083884054
8789430518
8102557019
9334889641
6324458393
9310003355
7903384760
8169155528
9835047549
7903227406
9315887961
8651730035
9853669200
9308330535
7992248319
8051300054
8789181041
6345459388
6203493325
7321859277
8825347407
9619048188
7061839367
9608624863
7759890911
7004261134
8002693326
9304934066
8228800900
9122525160
7004153613
7857935221
9123161430
9341166229
9525952779
9123439639
9386520696
7739247111
8826925570
8407842280
6226459688
8809155850
9470805857
9835095417
9934459900
7979996413
9570840350
8969007796
8409239357
8037014016
8292362252
9570544442
9555504586
9798688399
6478222219
9718184306
6203195508
7563925935
7033063399
7070703855
9709693347
9060841555
9570557666
9576956475
9911008326
9334538679
7091954280
7250090066
9313204191
8877990090
8298127070
7079102102
8002055552
7979782209
8709097225
8455018165
9334308261
9122748424
9661119503
9835869921
6122320269
8434343606
9583552050
9308020053
7484043872
9661517777
8102262107
8651180007
7479996132
6205012591
9122750253
7028100184
9430044668
6205191139
9241059155
7482938009
9955339256
9852413885
9708146311
9308424289
9473221515
8877599993
9264457560
9504313700
9431392270
7294919491
7255080808
8294421196
8804060430
7631569915
9304009140
9123430129
9931299074
9167040156
9334111540
9431074574
9708552931
8434083063
9693011015
8527926648
8083107382
9661687071
8448819959
9065807999
8540853431
8789930677
7070290470
6122557075
9386413231
9508387358
6344463267
9263634707
9546036233
7903006670
8051558571
9334375850
7631886663
8757524222
9934480199
9135641253
9470093774
9835232347
9304118738
7004561005
9905654765
9546465515
6203186077
7091598055
9297911121
8507399631
8092755185
7644064108
7479864144
8757250050
9262960500
8271346786
8797819334
7979736942
7739434368
8789064759
8291395036
7070965716
9939393436
9905926197
9939302628
8521712418
9334122762
9155394055
9608906111
9472151451
7250064610
6202703102
8581999990
8797339599
9513445298
8291733980
6412409411
9771274218
7283056501
7004532481
9234515891
8750055735
9631250693
7739516067
8292566100
9304051874
6201772930
9955515445
7979810667
9608818449
7991188301
8291907917
9702122462
9155374789
9709994343
6299995110
7654140187
8210743321
7557558958
8825174916
9334224983
7870350206
9334491150
9955139356
9570395370
9473449907
7352152933
8051674447
9155555633
9430448383
8789960608
7763800369
9431869505
9308054881
7061590200
9473016564
9934654712
6207953182
9599433235
7942876686
7979860874
9939252380
9942088620
9311630087
8432029224
7835053869
8004104958
9263017564
9386830042
8521835910
9304226816
9304244972
6201576637
9334169149
7091046444
9334078765
9431493056
8292105551
6243246201
8071890109
9123417939
7858950954
9334132795
9355522591
8789036007
9570911156
8521948413
6203314213
9504292906
8789136568
9955504707
9064575703
8809964001
8789483605
9142695640
9608048674
9459469453
7004478833
9934262848
8071890113
8877415032
9097004455
9852773380
9304917389
9308136731
9015435309
9934641900
6299789114
8291973701
8877283388
8521158919
9431291454
9113411258
7982030582
9431267901
8804002168
9234262847
8809795426
9334834554
9155846188
9304936384
8051818436
7835049578
9308415986
9431818071
8825339405
9204403058
7542834108
9939103232
7669645505
9097979997
8271776978
6232249938
7519956407
8709149534
9113869928
8657568796
9006488451
7667011465
9311775494
8291974835
8002880395
9153928787
7631457089
9835269411
9576664666
9852888343
6207391880
7985550790
9431019995
7367805050
6205127676
8037838635
7903385646
9572048956
8292455994
9534258666
7903681499
7979768072
8709083341
7011033008
6203775474
7488356266
7808063765
9355522609
6224260265
9852201418
9835601504
9263313279
7004629149
7004676608
8084516648
7070550077
8936819584
8071679929
9852832735
8969697777
8071889863
7678652280
8046808831
7979009221
9771563543
7004355693
9771404234
8825350124
9097085476
7004876254
6207640015
8298599844
7870774460
9918375279
9304036920
8409078722
7488320233
8291974205
9113315512
9955655759
7766093973
9608385852
9835494312
9162604336
9525995556
8002267917
7277762350
8879349989
8092873603
9525468591
8071889954
7979834311
7070325175
7870590734
9972361594
9955789606
7209200020
8210536160
9905435351
9798775244
8521139106
9123422268
9199322026
8048045559
9430839664
8804083750
8541960389
9801054857
7428755545
8409514071
7562992681
7982696472
6202965214
9155242261
6204002011
7667514722
6291969721
8651442769
9199115271
8051458756
9508204401
9199746596
7903812143
8434354443
9835445346
8409418288
8505831316
8002050512
9472239621
7352500998
8084614084
9241922351
7004273731
9142625275
6204182245
9304095085
8929266223
7765098111
9525332211
9934624192
7050731000
6206097764
9430018871
9431413048
8340687097
7033807068
8307220753
9873928561
9473495789
8709901734
7480033888
9386448444
8709475501
7321061033
8651600015
9315141586
8340173330
8789548456
9576266392
7484834038
8071889990
9162198786
8210323510
9167180194
9534913533
7970636340
9523643786
9955294494
9955825258
9525592759
9065575878
9525657299
8084447775
7385942163
9613419419
8002353559
7870428559
9570015258
7480808888
7970615942
7488436335
8709829872
7781885050
9304531449
9905075450
6456295296
6202065278
7280055200
8709715302
6201563638
9708704283
7677722252
9308489790
8879883965
9031971855
8002798605
7209748810
8757932704
7488033231
9431478738
7779952224
9473350465
9430451393
9355523089
9430947500
9523818143
8877879773
6200750377
7835084933
9572886126
9006065858
9508598087
8904411864
8062904672
7903088704
9572941792
9471630667
6200286744
9939077850
7250635088
9542564072
8409999087
9835612403
6287173155
9470840488
7977068176
9608008502
9028416285
9334306496
8008891060
7632949143
8793929022
9939991713
9355523087
9739881290
6200816771
7070525077
9619982625
8051161718
9955381212
8920852237
9199088448
7217805425
9939488450
7488589445
8360353391
8678020293
8521118878
8252509275
8757278673
7250350784
6455295786
9142064131
9973403991
8603399672
8210621893
9939579699
7903424720
9431487909
8879931757
7257894108
8877755281
9661366466
9386334446
9431287521
9473464799
9123187633
7979766792
8484886419
7541046737
9748380012
9931642880
9835877430
9431259005
6205847010
8271907045
9693952561
8210522352
7739448534
6207841350
6205936901
9199338949
9504718915
7764057646
9304743946
9471423175
7011800080
9772031832
8541875999
9507143569
8603057428
8709076865
9123139917
9097806695
7484056233
7949213815
9931035218
7277414573
8873412501
7654979121
8709236283
8651660879
7643825497
8340466025
9508730383
9934499205
9304378587
9334708714
6202441094
9860219103
7070876566
9955462402
9507559169
6200293499
8484886508
9431296743
8804761711
9709245640
7209556049
6200542115
9661680126
9240038358
9123198597
9973471977
9973473434
9525951045
8540856020
6299580806
9546515766
9905146097
8789215886
9525802341
9234982827
8083220924
6203843748
8873065700
7004706286
9031613037
7004559540
8789938278
9576842639
7209773784
9543765666
9304218570
9444534097
9905785216
7992363532
7350880853
6203991926
7004096313
9955302440
6278220846
7909008207
6206229236
9296961359
9969941862
9525412929
7654764050
9815492756
9431897642
8789138561
9835996776
8877626163
7631558293
9934447929
9031061133
7546906980
9304217114
6203658924
8229041444
8877011275
7483250486
7070989870
9801085006
8045999445
9263436862
6201466687
9431015965
9709518708
7283064495
7903548773
9464944755
8438296582
9508332822
8873515466
7004168144
9835694669
9304754871
8676993999
9322315452
9288447478
7301960834
9905533631
9804516257
9523101809
9513445312
9717875952
8804981786
9234388100
8083208407
9905943085
9031044156
9523987514
9430111000
9031243094
7677355469
9572958196
9811082788
9958255977
9835230185
9334338989
7070000736
9386183342
8789094144
9234052600
8406004300
9708222719
7042825302
8920930157
8404983879
9431860296
7761923249
8757570858
7282014973
9199933828
7004387994
6412423531
9560805022
9110900400
9934291332
8292085613
9090110755
9117171790
9334125186
9534444141
8929111435
8521050164
8210344609
8879976934
9771439773
7004731654
9122776626
9304335375
9199930104
9708865003
7209304874
9973759368
7667584378
9470090621
7260983512
7707006004
7352368570
8929111298
7290880801
7834980900
9355522981
8409228099
9123838145
9431401028
8809850361
9304223294
6182222008
9798901341
9852212239
9123173305
8252504908
9262720898
8579936094
7370041283
9334101442
8084029999
7217887961
7011291430
8084961985
9472812677
8700177325
7303066164
9835070190
7545001199
9017359181
9155332222
9431206524
9082708223
8505803499
9470745145
8757986961
8657568933
8298348005
7004970152
8047027204
9431438652
7004980118
8409266071
7004421046
9852822022
9534805991
8002186273
7004966118
9162490624
7277330356
9334954263
9608840667
9771665372
9835098388
9546965424
8447144646
7004210880
9711828730
7279819601
9852478510
8634687777
9905120820
9097036542
7834805353
8882877626
6207252681
9065585051
7004829510
9661716291
7488105380
8657588403
9304457108
9386897326
9205700466
9470222450
9905245864
9693810092
9955848368
9386910621
9513445187
9771407476
9065566118
9835079513
9304055873
9661240404
9973317044
7250226947
7004101738
9934763900
9355522486
9334848129
8292825353
8210013367
9229551007
7295958408
9708009456
8873058499
9031516866
9128400732
7530831905
9472155555
9771222492
9771653227
9117282257
8292922352
9955353543
9262354410
7004469121
8271218500
8603450944
8210158422
9693082360
9470057988
9279813614
8056119058
9555246149
9229174988
7366860900
8929111537
8409968643
9504228222
9973915082
8877883633
9304786138
8252813330
7254819803
7254822470
8860640733
6201028167
9672119898
7482932509
9798306372
9135149205
6299784079
8657568682
8986020610
9430951980
9313018130
9507539869
9355523090
9472148143
9354196784
9308560647
9612942489
9334518306
7903377391
8443026265
9546995776
9546293066
9934751834
6200826551
8092349030
9973745555
6299958138
7004865243
9939255130
8447090039
8877396631
7979860332
6114357830
9431271220
9262228333
9892841174
9431858960
8544207704
8264100981
8083849209
7481068602
6299471003
9852843917
6206335965
9334948275
9693604943
9771035702
7352092956
9122168471
7903671221
9289922712
8298661742
9162455029
9472689867
9507030355
6204523002
6289644211
6122233333
9910863960
7209711961
8789568094
8291973329
9507395333
8709492739
9386122718
9693573171
8709495758
8084241216
9942087157
9326940215
9931886065
6202562502
8797251031
7033263486
8409786886
7858955931
8210101223
9082702144
8291974185
7909046529
9334400556
7646048949
9135714040
9006606090
9060735479
9934658217
6122504045
8709688506
7827375347
9891652133
7634824056
7646003334
8271523368
8825239505
9334512030
9955347764
9835441250
8789923375
9590258605
9852548180
7004818903
7979741995
9852140795
9199441002
9513445980
9304780276
9308345004
8809688719
7033097829
8092352627
7979030399
6202611554
9113195569
9153267531
7991143183
8047642577
8076536378
9798090584
9470666466
9708205139
7004909614
8873609623
8037837548
9431241451
9431435902
9513446324
9768186411
8929111602
9523065824
7295970737
8291974034
9523172888
7557731082
9835494200
8879238021
8292424574
8002760502
9289922791
8873559342
7480057737
8210101436
9471454931
9771137513
9708350579
9288169651
8657568865
6272222076
8434826666
9619934108
7544060607
9572590255
7484875586
7079537790
9955777199
7004732788
8291972988
7091966998
7903753291
9513446341
6207490700
9334475188
9955555585
8789559692
8409480668
9334759525
7488805311
8804067732
9334165209
9135554000
7834963599
7070074836
9945608687
9304493585
9973350820
9113416937
8291973585
9296787356
7903031970
8882525151
6206334663
9122194521
9162443045
9955293948
7283050216
7004459889
9570535353
8863062158
9931167770
7903000290
9654161778
9304165515
8340136034
9470210620
8521542244
9508502105
9513445612
9507070946
7004735726
9234921558
7949213830
7256836548
9472923855
9934443007
8271010438
6202788534
6201993484
9334766760
9934654122
9973343993
9852606846
6275222224
9308993899
8789264079
9155057311
9523909033
7061075777
9955594369
7209114447
9905441266
8789133510
7320027661
9955555676
6201833667
9167238550
9431653080
9122804205
9205810100
9801084700
9661222455
9122930276
9513446577
9709941046
9801792207
8271353092
6200852717
9798999988
7277352542
7004435166
9431890143
9534868300
7835053865
9955732704
9167416882
6206657016
9325516832
7004252398
8651409270
7492976949
9534905428
7870117077
9117011928
7463860485
7779998883
9334836474
9241291123
9431032748
9990141929
9905878253
9472852131
7717777140
9372764709
7544914357
7320836982
9229234848
8271707549
9931073315
8409663255
7295077208
9934410611
9473354310
9199533111
9471283151
7292066552
7321090480
7322954009
9709090189
9162285292
8100855899
8700230443
7004175890
8271029770
7482042595
9548000088
9431415162
8210753557
9386162590
7004328831
8292915185
6204425971
7781815217
8271039382
8544210600
9430431190
8825323717
8291974210
9065901801
9798207255
9709709833
9835217615
9910192319
9934961656
9939927078
7004251112
8709819926
9241277675
9006004499
9430444765
8825113907
8294577177
9835043243
7254811555
8587836436
9931295474
9934229011
8544154455
9470857194
9631803627
8709822272
9289251941
9142620833
7011346578
9931309448
6153242066
9334267165
6132313258
9334661805
7091300106
9308358511
8789800584
7949213884
7061630501
9135584684
8987186944
8010322725
7767815886
7739940303
9110955579
9264254144
8083032988
8709779341
8210095015
9123209231
7387990500
9155248584
6124564582
8987199249
7759831921
9353992574
6203654103
8240755644
9031006223
9596046290
7782830379
9334235567
8651932972
8969030101
9304184722
7482820423
9798627276
9576930185
9304112041
9304964797
9693501571
9801816205
8294159274
7545975725
9110963692
6204757951
9508588356
7909071396
9709520193
6207234869
7370033457
7856010945
8864056664
6205856520
7644944744
9263621619
9060001200
7033444568
8726273233
8936885730
9693743840
9122834995
7026632688
9507032370
6328229578
8804475030
8434977247
6205409392
9973717739
7250070794
7480964722
9852376253
8002655666
9934058981
8709544754
9097687085
9142988123
9955431298
8603851659
7970997707
9525748872
7091011208
9934828788
7678369654
8409047223
8862939081
7759984551
9262963847
7070270383
7004756020
6205565180
9931596707
8037150005
8340712226
8409821589
9430000061
9570737433
9934984374
8929111536
9431091136
7870569905
9304415323
8936096869
9801755635
9031400553
9631429719
7320939658
9006485455
9315020763
7906114422
9771858729
7979734750
9264110363
9570506222
8406068772
6200978643
9801218786
9155733300
9899800575
9304022264
7835049589
7979805643
9931853022
8048170690
7549808771
7667049008
7631594768
8271293282
8809101000
9931093156
9430806140
7759026786
8809377936
9470407506
8603205052
9525203640
7001989026
9471424994
7004376098
9430881872
6209899035
7485090885
9264499211
9472423703
7033313565
9031365560
8210986905
9296066626
9572504524
9709704785
9334337871
9934888896
8252181948
9709769910
7717720229
9431461394
8210048391
9708011998
9576324245
9771523423
9113165838
8674940384
9304722456
7903071356
9771498806
8804577101
7546837549
8603064877
6201129428
9835068731
7840862199
9934284530
9931943004
6182232058
9661170049
8210611923
9097335327
9911345388
8789658474
6122350859
9304673290
9931846621
7250330790
7033066595
7779990946
9631324307
7992242294
7982702423
9634088041
7277380581
9905607591
9693252813
9102726858
8804500125
7903767004
7979948317
8540894472
9534002582
8507219786
9308063961
7541877494
6202525048
9279856143
9155731007
9570244352
9361236396
8581017502
8804778177
9934775300
7250363191
9288302223
6200040166
7667644121
9801027956
7258021625
9334357024
9471059168
9110956793
7210050006
7301073020
7645089706
9262768095
9122187326
9955662999
9934373229
8986084258
9334706796
7004191960
9711742579
9162831848
7808630231
8825381959
8797001672
9122000122
9137563900
9229039001
9279533203
9801232367
9430238770
7277041275
9801604466
9431289116
6184250035
7004178242
9631062910
9162972084
9631974007
9334258608
8252276573
7250404444
9931727513
7004255239
9006463503
9835794348
7739919594
8002563652
9801467996
7050758500
7488616379
8839348240
9353859029
9334691234
7256816518
8084040300
9241078438
7979902762
9431020732
8809575553
8709861227
9852009318
7361912872
7979059727
9097165014
8409560506
7277629203
8271769467
7947165296
9326823284
8340494504
7004742409
7004198163
9955410922
9939535100
9431616038
7277602111
9430474500
7291988857
9431428832
9472500961
9525279573
9006197484
8092907594
9006517230
9097002029
8210856533
9709301133
9334746185
9471679158
8509118815
8271695505
8051676576
9852550861
9973729191
9523061545
9835084704
6203236339
9060083633
9199441129
9852342063
7371875515
9931163195
7903867451
9097126368
9955231188
9355522958
9771550789
9709730557
6126714974
8002884215
9472933300
9097761563
9473210532
9835258859
8210489130
7717779824
9472899001
9798517807
6287555207
7543035282
9334782664
6207242254
8540050866
8235556982
7635064380
9334747292
8541035344
7903345559
8873333633
8527181655
9801112266
8969475191
8789316378
9472958003
8709363167
9431048339
9973609805
7979894347
7033987774
9241473523
9122743179
8289016010
8083900808
7667856751
7070567281
6201039870
9905825774
9709333300
9801635472
7260840493
8789351160
9472503631
7324802828
8083613146
8521009923
7739873442
9572116000
8294526074
7903614029
7277084780
9835850264
8092856942
9110996292
7488688875
9162329140
9990222379
8235278783
8434387423
9162414178
9334206762
9334047275
9931924970
9279261097
9122433000
8051180511
8581909536
7631176499
7903166139
9835830888
7596073942
6200826239
7835016667
9661946046
9398026501
9341933175
9931028601
8789895262
8083995920
9798378243
9065407330
9262616138
9608764749
9097922950
8044938976
8789795275
9334730111
9971364952
9835291073
6124077197
8071889601
8071889862
9708097552
8840081368
9334143034
6290257589
9472196287
9211414618
6262300031
6200277021
9854234785
8987120140
9471206155
7654513539
9508000803
9472213469
6299537629
9525803817
9334482624
7070707491
9508485266
7667915811
9708137546
9835237757
9135640606
8651636333
9931475249
9315954494
8210800754
9534818121
9934316401
9525951616
7485868733
8540945480
7050205271
9135707271
9931641678
9934792490
9934952335
9711337319
9431055914
6204863665
7463957539
9835673826
8849718589
9334709962
7982446186
9939545765
8789482590
9986788734
7079060265
9709010072
8252004471
9576131844
8340245271
7717761759
8002335360
8298384526
9934916547
9265082872
9534552551
9334196747
7050205820
9386453695
6205324271
9835449825
8800023546
6299803984
9431860600
8051668314
9955577666
9905822214
9709536555
7480094847
9525862677
7632064577
9934759847
9234466552
9873909552
9117941749
8521072019
9570000323
9031130732
8004914340
7282911001
8709835324
7779997575
8210680716
8651032163
9939735761
9939965891
7070111994
9818006909
9835279059
7761934697
9934682799
9431616551
8291022126
8797979808
9334010110
7979068659
9471616122
9934935428
9608265321
7903716177
9264492853
9748676097
7870838482
7903741501
9097188220
9508696686
9386744477
8809998475
9973956573
9128815851
9934485822
6253242511
9430688666
9069785295
9934070148
9560952012
9431684900
9334027722
6122672962
9523792274
9852220903
7050054902
9523167272
9431021096
8102651404
8210525588
9135854994
7294803020
8271330910
9973464695
9631411213
9899087003
9204789998
9334255685
6122230156
8603328412
9308210187
8825361442
8002806669
7070000694
9939325257
7782926844
9835260092
8071408386
9973475753
9097121209
9296824357
9128961001
6205023665
9334442401
7070894786
7903113610
7717700484
9931664425
7717720153
7277492305
9334202173
7654418702
9708071006
8920591358
7033679591
9430371118
7520592092
8210720036
7678631215
9771329507
8797111139
9934080808
9939369089
9835678553
8002541707
8002077236
7595923338
8862986278
9304804373
9508546969
9905805206
7700838586
7667427741
8084595681
7903316758
7050217826
7739306005
8235179184
9234568750
8340768262
9473360304
9709611005
9852071645
7004737505
8969227791
7050813544
9229734877
7079138350
9430488524
9110053946
9470837849
7061546323
9575999890
9334297516
9430676003
8757627763
8210672287
7633073265
9504893181
7277461569
8130624668
9973486632
6206077520
9934706025
7808109045
9525371868
8102791972
7979057036
7021728510
9939905560
9140137183
7488891772
8677899557
7250400525
8638271567
9801044410
7739306937
9934949494
9570372791
8809428628
9631885301
7634870331
9304745760
6299917534
9955567061
9835340299
9835263960
9708936371
9955794722
9708515555
9341511998
9905661890
9504620091
9304745638
7461891962
7673814361
7352550220
9835892227
8877771149
6122262642
7992276136
9939573798
8291566813
9473013242
9135800892
9934138772
9934957724
8095267150
9798450390
8002626356
9708313708
8210649934
7250894899
6203487490
8409897881
7870215845
9334144232
9334948775
7903290902
6207246449
6204294207
9708770045
7739966788
9771684940
9471296937
9934260786
9835616165
6200761955
9031541367
7781929580
9955354442
6204255695
7541901653
9955135552
8046808803
7274930940
9097724395
7004682426
9304493635
8252488533
7004633492
9801655548
9470657522
7260060092
7368087584
8002615732
9162388642
7676266087
7635000303
8271632291
9199066523
9457988797
8507081786
8935874595
9162000150
9431870100
7654443125
9608072179
9798229246
9572597228
9934726709
8102377105
8298246519
8804365175
8789555928
9661011111
8789802915
9973735870
9501442828
7277466773
8809106140
8541909378
9576267619
9279074616
9619443282
9082711941
9430245555
7949213784
9939545294
8757323686
9572089539
9572607978
8969097005
7547021956
9709742072
9534285350
7061282879
9934078980
7070755534
7004172493
9534754004
9031129322
9122445795
9534252611
8001039139
7070070095
8420077645
7991167912
7488178062
9934491805
9931853468
9934141900
9122068461
9334211143
9334288533
8269505757
9934493286
8540976592
9288004312
7992251763
7717770897
9128884488
8076077830
9209300233
9905279742
9431040477
9771690350
7277285998
9308782500
9934675496
9507640675
8879921984
7808986227
8651240872
9631160764
9279999965
8114546029
9933363433
9608983178
6454244411
9973497420
7004482286
8340692424
9334337211
7707006024
9852215291
9576300472
9852292885
9430008761
9006408386
9771716161
8873355398
8045811661
7563971613
7479791734
9504136684
6201087842
6200565729
9234383464
9334158963
9334336014
8757969008
9798201359
6122206172
9386544005
9234205593
9572958015
9263989723
9234867213
8877415111
9431239676
9431489591
6207039383
8409499002
8789769548
7549887591
9386316677
8340348787
6201463895
7488389250
7250344786
9234944590
8083877147
9709899675
7549702882
6299385595
8553336560
9026075405
9430682939
9304764498
7903475687
9031626271
9065556429
9898803868
9835076184
9296204080
9504891099
9835097098
9931448817
9835580930
7048997969
9570702266
9386516871
9334819062
9296070751
7004286535
8850189347
9835853681
9835219946
9771366185
7482897150
9570001113
9570007777
9304795769
9431280043
9771975443
9334731665
9990382050
6262847777
9334707718
9386802229
8252299808
8048069476
7319942747
9386253381
8271345803
7667004617
8826652056
7463076216
7273092737
8130690221
8252623992
9525371321
7004296670
8409647139
9690118836
7366925893
7783856402
7368805771
9572727222
9926900453
7667730825
8873402560
9288533559
9661834748
8863058885
9955412448
9835231974
9031696743
9262771335
6202819450
9430476765
9798799696
9334592422
9934409234
9835458568
6207735116
6207368839
9308855751
9155562786
7370061886
9334247054
9934495313
8987312054
8521035997
9771834271
8789385622
8789600894
9350752275
9577957748
7631608281
8084275096
8210651240
9835374777
9304313934
8210440453
7004661231
7761870018
7645009928
7369071879
8882662466
8071935086
9430247250
9288228100
9834253645
7004776276
8651337998
9431050230
9905878589
9304820610
8936035195
9511240811
8271238686
9939700475
9430054961
8102379736
8877978760
9431605819
9135555151
8862888555
7033191347
9155398837
7541806035
6570475439
7230926996
8294567168
9955320999
9334158930
7909028429
7050943837
9738262330
8709047712
7782999491
9955724624
9031005991
9167496152
9931073462
7903741494
8044938954
7779956964
8210769683
7295876883
9717071726
7903303077
9135755830
9122366140
7004637985
7061905518
9934819735
7979880393
9934250083
6201397382
7631335444
8879129698
7759933444
9570833321
9708970680
9835654377
9798896675
7542915033
9572537242
9546349090
9801216698
8207664021
8044938921
8002780384
9934258936
9315572369
9135579700
9229316924
9546931393
6206386443
9135572530
6206606906
9262294847
8804684786
9065566366
9234628677
9572799464
8271997843
8292247080
9546392277
9431404536
9934695370
9708137640
9709519457
9304104094
9199031098
9798901056
9931015359
8210027925
9431053769
8507714780
8804922930
7323823647
8987210551
7314620767
7949213790
6126711207
9798545861
6201453016
7091490695
9852664145
7488688422
8292429958
8002966304
9431223286
8210916337
7050707087
9386795683
9891346268
9835429844
9507483205
7764942500
9031676786
7004897517
6122504745
8544477777
9608153410
9709700220
7061009844
9386732221
9931024755
6201570115
7277362661
9430524783
9955880092
7033027991
8037784134
9508239078
6205395069
7301414400
7488311990
9065387777
7281001038
8233753547
8294367023
7631045312
6206950883
9308568822
9955500880
8789500037
9931373063
7763080408
8292520220
9199761277
8815794076
8447191377
9769638625
9090626276
9304882768
7413907539
9334279375
7209652777
9507346272
9155487551
9472480100
8340322576
7004282221
9572295780
9470204080
9709311613
7947166813
9905608689
9031440058
8092183522
8294152625
8986983110
9431423189
8062914414
8102196024
7296079835
9340789150
9162662065
8757558223
7368969796
8051575667
9709945529
9334118060
9122220753
9625273437
8084542906
8507047055
9023062396
9955005117
9955601888
9304010727
9766499077
9431225387
7061311374
7717389642
9234065342
8873331829
9431292449
6203309251
8210931799
7739095476
9264447068
9341618234
9135667005
8409827172
9341508378
7258959760
9522555004
9102758331
9128479941
7543910475
6122672661
9123207148
9431081248
7091664545
9934927614
7463881864
7477242266
9334505999
7979078884
9631836718
9508402080
6202678780
6183222567
9129329375
8863839000
8073703463
9835093901
6207335487
7979736427
9955948475
9431446615
8084262437
8969172000
9334088892
7282994711
9015948861
9128444870
9661838430
9199346124
8809398664
9931923918
8541900695
9709152742
6114223077
7782818596
9521894423
7949213822
9471404252
8210758714
7004805005
9708172722
9955540475
8541955393
9973128046
9199098087
7903144730
8044938941
9905241127
8235689601
9308017781
6205267549
9431617038
7870788338
9110065965
7050044337
8757789060
8709093052
9771196699
9430210185
8084924834
8002625794
7033953843
7982661224
9771634687
7294191482
8409606737
9327678246
8789014446
7301515368
9304814681
9939059247
9955809037
8210469209
7273046969
9576809466
7903248170
7004737447
9546879423
9939099590
9661615786
9931218733
7004567670
7632084135
9334827350
8235571314
9113327534
8825162508
8825381397
9110191741
9473231456
9006962380
8210788310
9334231061
7061823283
8409436663
7322877217
9934890700
9234937452
7633846093
9504948485
7281001064
8789889790
9470650010
9942239922
7091483618
9430032992
8051333747
9572611626
9162734847
7030901161
7004937243
7260953558
8002057440
7739461460
9939480000
7903671058
7050241878
7546888696
9128712345
9534319426
7050825617
9135467175
8084873327
9264456410
8340553287
6201708842
9523606847
9835601831
9771392439
7004100406
8051677258
9931672157
7870984017
9973646464
6206184302
7779820900
9905466094
7779820701
9431289592
9430874430
8298867808
8340277259
9576072888
8071639256
7979820433
8986905393
9123440832
9693501229
9955426786
9525243170
9006122222
9334003537
7677464363
9304293799
9608874945
7979754335
9155352173
9771459378
8804327529
9262686999
7970979797
9835998274
9334109795
6126711209
9122793497
8235123350
9905479950
9931927300
8069156806
8294177060
9060894988
8757825029
9934249393
9570201009
7008622726
8809359533
9334444897
8862856522
9852287696
8603472559
7004187060
7324096237
9123134349
8540069354
9955591266
7977232219
9953682111
8271625211
9835654569
6205796743
8210128160
9334383636
6205833138
8709815131
7903056542
8292396825
9284557842
9122103330
7282038195
8285125792
9135908609
8044938916
8541966562
9529607164
8969947537
9631883800
7903336899
9546725083
9471916400
9570356623
8210177463
9939180180
8544616892
7677257537
9939695070
9835041809
9167831523
9801610582
9473454724
9031992211
8804085560
8809322992
7808008081
9955238611
8409186147
9934466746
9006519487
6206405292
8873319088
9135472654
9534380555
9470026488
7992264892
7309166425
8709102544
7033091113
9990665155
8084076786
9934808460
8045476003
8071325913
7488213346
8651130048
8809943098
8368143449
8789374479
9431266620
6475223712
8877831555
9431657022
7903378164
9431269753
7858903884
7949213914
8582038873
7004302622
7782880605
9771459288
8521907877
8603322281
9973658578
7079000042
9523726194
8709477192
9835223811
9835480719
9508550742
7352647192
6204205152
9308825075
8789599328
9661811111
8210107010
7359201420
8709609007
9561289693
9798747677
9798879715
8292647278
8540021826
9304175486
9097871422
8210289314
9006372211
8877848665
7050882985
9731102761
9934058201
8210056177
7992405470
8071679938
7050051242
9852962282
9905900132
7360001294
9031207870
9835651905
9801075501
9540346600
7739043932
8541094525
8651307373
8873334440
9504138529
9431429408
9304884188
9006392830
9973275985
9570791930
9304870484
9113357596
9570988885
9471045600
8800205104
9939365391
7352111222
8700605573
9570996555
8102442054
9431250884
8789319941
9534499295
7847818139
7004646898
9852868996
9771645710
9942396511
8904968478
9905466650
9905769893
8603030999
7903477716
9818280775
7980191958
9031100670
7903372553
9006227421
9931283518
8437467458
9633153819
9835601939
9006019123
9971578345
9619946640
6200168949
9472336100
9973743476
9631742193
9430436158
8539886925
9122229555
7004621271
6206589098
9123236272
9117580777
9507022755
9504584705
9386566450
6252232331
9431466182
9523510718
6287050031
9931627016
8579041122
6202819116
8802914914
9473303510
7982504827
8987064264
9430682639
8585816465
6201697891
9304177650
9334038505
9472951400
8521859585
9931225557
8757678934
9523933880
7209988750
6205703913
9332649501
9060610595
9934476119
7070367111
6200334478
8062985813
9241656194
8434425908
9263258454
9065021320
9504624766
9199802274
9122684929
8910582700
9973218494
7371069605
7562968943
7549218161
9801982453
9939406815
9939995342
8860001775
7870764239
9939697441
9102816202
7004594443
7004787351
9801827336
9934903229
8340432307
8700774612
9955333545
8340439171
9431402507
8825266419
9973581306
7050194014
9709423576
7870363414
9835278516
9835772862
8071178172
8071936760
7717773641
7004831706
8904161550
7903332486
9534718371
9130591672
9546789555
6201298387
9955533794
9939994752
7991143450
7717706583
9631502629
9801725413
8291640679
9905272906
8425086851
8409264330
9431086383
7645033504
7004321144
9905023808
8935967743
9110039344
9955265188
9334157726
6299575574
9693370626
6205906294
9835428990
9310493202
8709084628
9006068334
8092214211
9264456130
8709975986
8700850070
8789979386
9241857228
7369050933
9770049445
7004355811
6204560927
8002039603
8797494752
7004228053
9693396400
7257979941
9852997070
7398158018
7717737523
9122711849
9835415819
9570988886
7007901542
7004964270
9805676767
9471418967
8936881610
9128741075
9031163334
7779949453
7949213786
7717749390
9289117289
6200303562
9958821354
8678091057
7992301576
9431087821
9504938135
7992327092
8210127378
9334372282
9504223831
9431677415
9430031833
7766915627
9835610107
8210725676
9431251837
6206677224
9263840915
6122323883
9355522979
6124510050
7014896779
7500986524
6202224214
9708435470
9006631564
6205209942
8044938952
8102635593
9709345123
9031409786
9580200554
7631301094
9835261752
7631264959
7370848461
6201127957
7294954624
7091769453
8825312490
9955295907
9608398114
8409798229
9110121732
7542002635
7004493208
7488897031
9934447674
7004825906
8677028698
9546335302
9931432886
9771282873
9122490082
9060678678
7277956534
9708121245
9838705074
9334260445
9065182759
8210869595
8709938256
9304613726
8863059054
9386867845
7033095819
8037002495
9534831111
9939615208
8340532166
9218054906
9102664522
8479908821
8208836548
8340755803
9931836871
7019928695
7352848472
8539005240
9122643444
9801227221
8071265560
8084591185
9162298271
8935884031
7004684028
6324264018
9999537686
8252239546
9801381104
6206576707
9122662339
9031532595
9546057703
8863082242
8051355981
9155493603
7870835934
8071370380
8084247647
9931438830
9279898284
9262695920
8409476824
9905077275
9570411966
8252302314
9430052788
9955294487
7415499438
9801342114
9162333777
9931333785
7947166212
7411781402
9955925400
9572495451
8004251122
8409558841
9122585973
7004263244
9167239775
8044938950
9990983092
6254246789
8002944412
8071178184
7491036617
9431498210
7479932786
8409889099
8102568613
7949213889
8340323428
9661983482
6201251656
9546100500
7004702978
7033135571
9234371796
7543822229
9472272260
9470245311
7061340992
9264476701
9708780355
9228836223
9835274068
7595053595
9472576993
8540051572
8653719166
8232888754
8044938905
7485047468
6207098282
9162863138
8269792983
8210468300
9097031527
9534606164
9430837445
7870416647
9229281599
9430258922
8789271823
6209477614
9934122846
9709818280
7091630451
9661607460
9006518976
7004255961
6361885814
9958501193
9817976571
8044938944
7250346666
8044953192
8210244852
7488172477
9097936631
9934217886
9431846114
9122599910
9835064641
7091479950
9507435130
9113187996
9939938858
7079778234
7870789472
9934975837
9625275716
8879975038
9572031045
9296349191
9142350358
9263784102
9709822817
7979020105
6207084252
9199120110
9619188249
6114358160
7549235504
6202135515
7496901034
9162662082
9971026967
9334743708
9801948298
9939862785
6114299968
9430246913
9576836000
9576118978
8252998823
8877058764
7942726852
7050473708
9122307610
8294311491
9939659563
9835800184
9973464817
9031638001
9700088209
9304710599
9835667512
8291458828
9507635307
6114222257
6202844674
7004831593
9334810798
9873032026
9386034007
9304283178
6202863602
9334059887
8292190336
9031416861
9934222019
9931543921
9801892522
8340397908
9934107771
8877434845
8969998233
9308889797
9631379361
9162616184
6201257612
9934412059
9199085990
7991134475
9065603983
9939195425
8037002483
8744060205
8292298941
9939042551
8210169561
9431270241
7903095655
8434146173
9576437316
9934976871
7870000593
9939055000
8789249594
9334803229
9262383350
9431236307
9386565301
6205117199
8757509965
8935915685
9334343532
9341667644
7903829166
9119009692
6203123606
9771648833
8579904667
9708082759
9430842216
9939656515
9835210617
6202916620
7739137264
9871913281
9431870701
8074914582
7979838991
8541918585
6202084210
9955488854
9122477337
7857924051
8084993048
8084306700
8603507411
8044938946
7564046713
8340499196
8083418123
7004870160
6209406683
9304972965
9910482442
7004627087
9852232255
7779878958
9313023944
9334115483
9934628632
8863805714
8804545656
9430878307
9931906600
9006327620
6202099493
7645911704
7667347832
9771273068
7488507516
9318477122
9835063448
9835400338
9334068704
8340246633
7870030650
9555770254
9162453200
9430405040
8084856424
7363808281
7004200919
8507383422
9709555394
7766067299
9113320920
7004060153
9142412507
8809225249
9262739999
7210648327
9934422275
6204271615
7352267319
8677911714
8271943229
6299292479
7033163891
9525980887
8804772137
9709892695
9507970667
6204892342
9113796081
8757883118
9973932387
7488632168
9472027600
7979005605
9608703803
8709539822
7632819210
8862985340
9931251366
7903149860
7488541255
9910834717
9608681460
9661274763
7643090002
7250116533
8271368046
9523155421
7975697767
7070989212
8051255737
9546498326
6209072003
7903972842
8567819029
9431086818
9470060008
9661797886
9709655742
9128024993
6299337065
9241955375
9852536286
9199500380
9534528106
9955732198
9852546768
9570914722
9470423315
8651108500
8000377738
8298316269
8877960653
9122893336
9113762515
8340575481
9931266345
9934237647
9570307929
8789125639
9631242121
7004814853
9031512284
8178913454
7543065573
9470043447
8796637164
9319412849
9931607001
7870320500
9771030527
8804038785
9006038851
9430220195
9939536313
9905534054
7796437796
9135865077
7320066665
8210941202
7491813274
9523355745
9601379760
8757433312
9555585381
9934379674
9934484324
8863991021
7209929401
9142813182
8825262971
