7837222666
9022834900
9956012050
9930349384
9768709033
8080805915
8879979813
9326657245
7990473939
9029250227
9136745118
9699838398
7304135136
8454065990
7977164150
8419999138
9326257484
8045248100
7021711960
9970846767
9892200696
7045358508
9665567408
9867632715
9321288415
9920085309
9004060454
8104218859
9422212308
8691000085
7600100340
9769279303
9090809052
9769767474
7506522210
7715930813
7039111777
8001217474
7045864712
9773455735
9004862670
9076824534
8879966440
7089154077
8286114600
8691916782
9167244619
9773788366
8071820133
9004344101
7039785186
8108872427
9029805522
9820068099
9987333931
8850854241
9503333287
9689451354
7498981703
7720829444
9763196197
8484098997
9356939466
9404999255
9423584060
8698682222
8378998954
7721971097
9860305161
8080565429
9067902322
7972480365
9421904476
8767477102
9822232985
7720961234
9850275015
7588072436
9921685888
7769090813
8975907907
7559363032
8796274844
8788315640
9657178111
7900117893
9762889672
8828456779
9588665568
9921048148
7722005530
8806090099
9326069974
7249640724
9922719117
8796788720
9689890296
7038734715
7776858169
7276772464
7276119875
9226220103
7597477790
9136641668
8087685647
9607848080
8087106042
9834093644
8698893301
9867775455
8520020027
8828034080
9822910637
9272645798
9960194600
8928565452
9422094430
9270544486
8796146415
8975404445
8087801456
9271777774
7030998998
9112911105
8149177143
8087002533
8668850358
8698904383
7875158088
8551036245
8879731568
9321330557
8080669595
8605025400
9370984571
9168324994
9404444186
8554046357
9404516997
9405218661
9421060888
9922510016
8805650146
9970307997
7977352548
9595311850
9403365873
9422189977
9404777967
8669845825
9421235333
9607281999
9422906688
9422485522
7038639891
9922669903
7030307186
9403365151
8291500545
7558257704
9730355446
9422391909
7709627806
7721964931
9891098142
9970755029
8380823555
9422519624
8830949158
9028776680
9970537417
7741083155
7588900090
9421155129
8446613005
9028782910
9028793511
8087349603
9284366021
7058303346
9637658704
9370472644
8369964205
8308765466
9766332162
9765014492
8055878878
7977400899
7030670666
9175333400
9423001103
9028427012
9823218485
8421840453
7588933777
9021552768
9834980788
8600055005
9860480694
7063830786
9130962561
9922562474
9764321578
9642166655
8819224655
9989589114
7569085565
9963922227
9652733835
9502462152
9966217158
9000830099
9392869666
9701072409
9505416207
8814274433
9063857888
9000914964
8919972406
6304416619
9948261828
9492604661
9659694694
9848299334
9133669933
9182591124
9849286264
7032517434
8042028493
9959011470
7799773656
9441147297
9440392362
9885411456
7330735888
9949456862
6301614271
9908073358
8947232922
8947232565
7207505446
8008910001
8639852224
9640699629
8500618726
7569894985
6304643950
9182868367
8978132799
8500199608
9491239390
9885037875
8885363243
9985302000
9441403020
9866666016
9515300806
7799669986
9701324623
9912653502
9441131877
9398933310
8309949959
9533012595
7799870762
8074838886
9000324444
7995044907
7997807999
8801446611
7097272171
9398988395
8048740443
9848894706
8722179145
9885539995
9885249090
9666299321
7799775404
8639171433
8500255545
9701264050
9492777323
9908497050
8500038306
9908335389
8328665015
9391620602
8919202666
8048740490
9885098491
7658981658
9299998081
9948248493
9492351116
7337220419
9848377333
8143688343
8978374781
8041017572
7995473831
9246644344
7989517771
9063366224
8686505073
8688488676
9948738391
7330711888
9912061108
9533244222
9704698608
9701090125
9490971569
9000590649
9912050144
9985566656
7396666563
9493013300
9502553037
7989481379
9160018813
8639100143
8985550922
9966558565
9704853390
9346370735
9989874468
8330968632
7670862101
9985296638
9441502796
9394183456
9492032373
8978104144
9949549397
9949772429
9985858557
9985945888
7036687136
9666955638
8500103242
9866030257
9392985424
9959594426
6309338793
9533112112
9490233126
8041017568
8179880396
8500281974
7942811798
7075009801
9505824806
9502798768
9346840345
9000073676
9440166607
8341627695
7396050658
9966308382
9550083888
9440282992
8944255499
9440105447
9966229367
8108138000
9908882911
8985485421
9848198449
9849127732
8501010727
9393111886
9550064791
8106306606
7824812121
9849199779
9885603618
7045457770
8074797081
9291244874
9705917333
8069867570
9298355575
6281901080
9441920401
9390399793
8639471172
8639922925
9000951310
9963498652
9908333000
8919617664
8071264861
9390488898
9640648999
9553550477
8333000555
9866049933
9248017375
9177986981
8071326901
7780705750
8002587555
8801722428
9885448768
7780205660
8069865888
9246401807
8309150295
7337333342
7416411901
8666993058
8861096126
9392111995
9030321047
8666632123
9490884577
8885513619
9247894177
9873567620
9248192471
9392034900
9182563503
8662574798
6300455025
8074771531
9966032786
9676427241
9966822871
9652124433
9912714786
9704505678
7550055551
9393779988
8919900394
9848246429
8662491044
7735282131
9866224405
8662433395
9342967344
8712232323
9246497262
9542066789
7842116103
9985837387
9885347440
9440001775
9441051206
9632561008
9618858303
7799095321
8328345004
8071408350
8247479969
7386006066
9980689218
8982342346
8037002687
8634059223
9848286408
7569197439
8143843716
8790496562
8019887926
9393023736
9032255571
7799357327
9873546782
9963392372
9849123299
9121345123
8465061964
9963122526
8037002387
9133338691
9133338692
9948265234
7993184643
7095429977
9704770379
9440210910
9866437141
9642612143
9949643219
9000980887
9014909010
7338117138
9491827704
9959964648
9885836045
9167984737
6281711405
8612377666
9989980815
9014932336
9849096647
9281438587
9440283217
8977918118
8125464938
9916027378
8019190319
9912475116
9399911099
8247498760
9177368284
9912200000
9121014232
9676999711
7799234567
9700071345
8071639210
8125586098
9704824156
9949252444
9949945071
9701694139
9177628278
9963014388
7842418136
9381557508
7995467054
9032643637
9392929223
9703560177
8341346134
9100389588
7093344200
8886679171
8005997800
6305716311
8121046777
9873568560
9959900814
7093405887
9550038885
9000886595
9441684279
8978915344
9986499853
9441782272
8655610773
9700271446
9160160192
7942811882
9703195540
9985345391
8500250505
8071629665
9866283786
9885839505
9840346985
9959894725
9441206986
9440846513
8688668099
9985042889
8328493040
9393979794
7019398570
8143685353
9966221286
9160774777
7702062456
9573461270
8069867572
9440250863
9885228950
9619086037
9429692121
7569015511
7671868003
8772251677
9966771121
9866868853
8977716851
9966129199
8071639207
8885336488
9866243104
9246350543
9866604616
8985674728
8428045537
9618138625
8639437411
9133642272
9505445555
8885412654
9347519536
9550113499
9963626567
9398079379
8500318226
7981893136
9491929210
9000988012
8328169150
9848087109
8046333629
9866546118
6300065986
9440205326
8099822487
9848984598
9966000798
9963191769
9494412466
9948369057
7674903083
8309800600
9873498534
8885322283
7842415527
9949074312
9966916700
8341236954
9381467382
9849794317
9397888799
9849905294
8048740473
8071640074
8019992800
9347149457
8328577669
9912864888
8309645014
6281831149
8037002434
9100566503
9177731139
9247832426
8639508222
9553011305
9445888336
9705676561
9542103111
8886989992
7774948777
9700236387
6281168697
9167076203
9440047081
8096657572
8069866711
9848152177
8518241234
7981493529
9985208077
9849599517
7386126234
7799368546
8328620921
8074414734
8096751369
9494414989
9493660909
9493536996
9848768351
9948151548
9494403737
8037907640
9440383269
9663415366
9032638173
9490615039
6309797477
8500773434
8897887885
9550122759
9000159651
7995607080
8499901653
9885250915
9949379737
9873498481
9505600402
9293789489
9885898203
9949202441
8518259004
6304903878
9247795546
7995099582
9703122432
7730831722
9966852286
9030709768
9167984835
8008002792
8037002541
8341723230
9289062307
9491186637
9459451991
9550550060
9133403039
9014116724
9440014617
7995182555
7039001496
8944255403
6301050436
8886443866
8041017532
7997923262
8562251214
9246941444
9866693615
9494509890
9440564635
7416390066
9100080102
9246642333
7288999999
8071889798
8657568649
9493449392
9246634589
7680803368
9246624406
8886841999
9963866664
8885557678
9533393738
9052360516
9247871397
8639909690
8500504333
9866869296
8121555503
9550299953
9701810326
9642418070
8922270799
8944252244
9951832346
9652010423
8008937637
7416173449
7995122234
9912568200
9247269900
6302741855
9948118782
9701490190
8376888888
8328446681
9985338955
9885655635
9281020919
9177854868
8501007511
9666788501
9441894258
7036338999
8497979185
9491947792
9248017126
7070080883
9448216228
9642079903
8002103311
9440073709
9133551082
8247253669
6302709901
8884375559
9393814182
9052779781
9059624943
9700683678
9963222340
9603058345
8179271359
8562244456
8985798523
9618126552
8520028580
7411781318
9866351153
9494582202
9949101106
9652765766
9440383214
8562456260
9703261888
9949990277
6302386028
8037002315
9160960012
7842707544
8106962752
6301174565
8041017538
9963505108
8879934386
9885046589
7304053032
9121141021
9885925758
9493023038
7904812147
8554319747
7901311123
9550171714
7416462317
9849981825
9441072882
9440073448
9110368918
9704209591
9849540079
7013502295
7013258506
8099822001
9505600430
8555969615
7386665666
9885552457
9966449628
8885552888
9703368890
9440951999
7942844896
7989233768
9577566999
9133338976
9292252880
9949758743
9642424299
9989554567
9293953266
9848398483
9393333665
9298112244
9533667666
9291341333
9392113293
9346226884
8048982832
9440535848
9581108999
9848788399
8297551818
9182872153
9581223311
8803232323
9704051420
9247505570
9948611116
9052597366
9063857857
9346840209
9866026648
8247048766
9966004406
9339338339
7330859003
9014453708
7893846301
9052523360
9849555848
9502681629
8897163840
9014998262
9160691000
6300678826
8951642257
9700241009
9912711043
8605005555
8522037680
9494365558
9398784262
9121212121
9989872073
9949630620
9030265187
9441511122
9441444991
7732007739
9177304599
8071640571
6301158488
8712929919
8106811171
8554470382
6281290822
9866062139
9246666211
7702775499
8041017608
9030478802
8374567323
9885365634
7997667111
9505777297
9154777773
9640969701
8554312331
9908591140
8554221314
9989319069
9182782870
9493504399
7416295942
7729080222
9010048930
8500051811
9885185617
9160672762
9440216388
9849360925
9000085868
8978265777
9000664439
8291094468
9948403625
8074176733
8074870109
6302849387
9014507363
9295708960
9704642560
8048968282
7331124249
7842811325
7942762702
8836662291
9581207550
8639634996
9440532918
8044939699
9676716340
8886657985
9963126567
8044939690
9059444559
9966437927
9989707906
7411781317
8639811195
7598074707
8578222240
7989975299
8578222494
9848117262
9908758148
9848365993
9553751507
7286869666
7893871997
9985130979
9391450660
9848497964
9390336339
9703519828
9440593938
9169849999
9391364250
9849563496
9848392609
9704346123
9494046530
9701606471
9494229192
9493767680
9502759549
7093327534
7337555896
8099927877
7947479761
9014206868
9989816229
7702730242
9849029273
9908232129
8639498197
9666618459
9948533395
9392436480
8639044990
9550814224
9121179864
9246589252
9246464641
9360779999
9873573220
8977211242
9440363487
8499985152
7207202170
7075176974
8005995555
7993527535
9177145424
9391996060
8688603428
9121811233
9133004444
7285919381
9550240828
9966227622
8179653458
9885773633
9030985551
8247298018
9885747552
9493524718
9440352185
9392653750
8978812640
7730020387
9440255545
9032902468
8885645550
9949767383
8291093658
9440455087
9110715599
8686611666
9440936999
9553792299
9000162206
8019993450
7331122985
9000624429
9035054467
7330834446
9848535481
9989070554
8846667666
9441274374
8500121003
9030989690
8037907619
8071889672
9553469215
7396804004
8978380437
9951587060
9666968665
9025424477
9490853348
9936784588
9704021188
9885680280
8008663335
8019459855
8885401242
8121934811
9652545426
9494652523
9885444523
8612345444
8686764964
7306111133
8885805500
7780126778
9873560825
9000992991
9581117722
7382926465
9246466266
9848388175
9966637552
8842955295
9550455757
9676595999
8008877299
7207244404
7893961550
8500651117
9848848625
8500057116
9136935555
9398419494
9848802082
9391254958
9030281221
9640707387
9014908165
7093565754
9182779142
8044939684
8497933999
9985023838
8886222869
8505937171
6369706147
9030303111
8977441997
9440094362
9440447020
7601095976
7893904599
8367585797
9515342222
8612330462
9618222233
9848154861
7013848282
9704555177
8885588256
8639776677
8812235057
8612320645
9666373132
9491708833
9951333296
8688072281
8048740435
9700878092
9052206830
9845577591
8897201851
9951671969
9390598091
9440953794
9849493392
9908890513
9505129999
9849393848
7702443270
9381776416
9848473884
8179771242
6309666789
7416831816
8341733606
9848065131
7241122333
8367053765
7659015999
8806666888
9866644425
9652966144
9566271994
8656236789
8688425875
9701034803
9652405547
9848518532
8037016328
9848894899
9492340919
9885198001
8008577333
8812222468
9573760879
8812234977
9704779640
9848335659
9032660333
9397684691
7337441951
7989714518
8776679999
9290208344
9553316799
9959384684
8662570005
8071889801
7993661399
7207505370
9666066973
9392973265
8247745344
9848607110
8019244255
9989772558
9100455666
9966600050
8836662944
8812241848
9700414116
9704450408
9848536633
8885500669
9066373163
9505130953
9908466099
9490677131
9398311004
9533799933
9856525999
9393626989
9182894285
9966062884
7207267226
9133895969
9963670555
9493990837
8978192347
8143119677
9908379577
9553320446
7207733335
9177723335
9393769996
9441109327
8096903000
8885757155
7995678997
9908401192
9122721098
8919680708
9490003311
9989575290
9603999039
9701037176
7328912345
9989343866
6303077504
9848688593
9963172828
8686858126
9059329121
9167071738
9502212283
7036091744
9247681652
8367217327
7013609740
9494404318
8688782900
9908327126
8985691818
7893764524
8688194881
7981298221
8552250444
7942845837
7070569742
9133448419
9666692349
8886657987
9885582512
9866252014
9949107184
9248641777
7893160714
8985089224
8247514148
9731103515
8500362936
9700700909
9603155999
9666831220
7807702595
9985179917
9393600103
9177441933
9659625555
8019773771
6304165312
9989514282
9440511287
8885322888
9292157157
8130302708
9248389577
9666466795
8121434696
9121093621
8143999680
9948796579
7552658822
9989492409
8309107736
7602224449
9985558488
8071639209
9959460778
8518442525
9848599242
7416162763
9030406787
8074933765
7382289902
9951133784
9849350328
6303683142
7330722338
8333848666
9182045083
9581378999
8790768865
7013819342
8106724151
9873570193
8552200421
9533371797
9948381517
8247572758
9441005963
9440813381
6304051793
8897945452
9000670746
8590076831
8495252029
9491118786
9000954108
9491460606
9885332911
9160033309
9912121290
8121288008
9490348969
9885307787
8506063948
8885665780
7659927777
8048740441
9885812827
8686083408
7075425750
9059465655
9121634576
9391510414
9440569106
9160829786
8886657991
7569680826
8037394929
8037002469
7337338251
9246596777
9505004844
9182351795
9790331299
9000372695
8500140841
9740737943
8897708567
9154793851
9440729131
6300968941
9597835978
8048740464
8015898780
9154540792
8812251227
8008200620
9111442294
7204667968
9032949939
8071639216
9866965385
7013373600
9866944516
9948152365
9550500999
9966875037
9908869896
9848377522
9652395356
6300273806
7386045091
9010708064
8885757199
7993062971
8886663002
7569944444
9515355831
9000422205
9000222312
8309146032
9014330381
9347314037
9704414300
8125343499
9599819940
8790208608
8071889667
9848012326
9908819442
9959989891
9052552023
9952352985
9247277353
9606979366
9885091189
9642490425
9490033067
9573686633
8985336905
9281477765
8074669618
6301113940
9290028915
7382237855
9110734815
9063387665
9618492630
9989033822
8106298563
7680841444
6302625835
9490345399
9581977999
8048740439
7702499666
9248886789
9441800687
8008340800
9052026999
9666167495
9490706666
7013530004
8816235314
9866536225
9052332555
9959345624
9989394981
9441323760
6281207934
8929293017
7989134235
9391392872
9440312562
9000934897
9000999740
8106606551
9959112400
9010509747
9963095103
9866937169
9849979140
8500764058
8686393619
8333899696
9885073717
7799768855
9701944279
8048740461
8816234511
9440183836
7288877300
9701461152
8019457468
9888422245
9676664177
6363459473
8374890057
9944878985
8309045672
8686120023
9492621961
7207067026
9701554245
8041017551
9440017711
9652330777
9676478710
8500900119
8088553031
9966691011
9924577556
6309554319
9440188135
7702997929
9848218760
9347812380
9705722858
8977702611
9441723977
8578220330
6300804190
9797976333
7799787474
9441616189
8328020155
9133059659
9885418899
9646856666
8639012555
8142565113
9398145057
9849995302
9533221135
9492491919
8048740477
9949164777
9700650603
8801555549
8106488683
9963356777
6303332380
9705556669
7039001492
9866143194
7386890121
9849520278
9885113599
7989211216
9154824543
8143240751
7013748688
8985916999
8879896089
8688953118
6303908889
9618316776
9989598989
9912908405
9849131146
9246651499
9440550230
9440793339
9553093399
8897240055
9700615003
8143500779
8978315222
9581561309
9032367951
8008945278
9985551697
8008332233
8879654556
9515250201
9848274128
8099480995
9390611285
9440177618
9885348743
8790759727
9849822423
9912679767
9701332707
9640012828
9603752777
8008159333
9133877777
9550033111
8688312772
6300421102
8220035985
9182754598
8886760888
9490767804
9110791343
8099423456
9111408111
9848350671
9247400253
7845593985
9177959585
9948553326
9652525353
9059745600
7032412479
9642113333
9010855614
6302336167
9491850018
8047027148
9346866608
9160177888
9390247084
9440193810
9848075759
9032195959
9666136683
9704788061
9121192999
9440674755
7386762887
8500066550
7708414857
8046512443
7013928737
9849639697
9492524164
9299999564
9246845554
8977768131
9849156644
8842362341
8657568516
9440677896
9642440652
9550732628
8977760871
9848302444
9618049444
8367478131
9948925267
9848160445
8008577338
8922232653
9100027741
9912917877
8922222916
8842302266
9490544693
9553389090
6303958078
7075552666
9010236226
8374493331
9581095590
9291233360
9640550964
9397032686
9063840667
9246675588
9848986703
8047027179
9440620575
8041017577
9866176556
9396969998
9494086655
8500577733
7416450555
9615211234
9513445580
8922272676
7305040985
8099734567
9703792889
8662436344
8037002778
9705870707
9856123777
7601084532
9100759100
9848965645
9705036803
9010738234
8885615181
8500001912
9959459059
9441152170
8885607754
9949315550
9848816966
9345452912
9059456736
9786284786
9502645080
8814224158
9948151912
9888827222
9989258333
9849913992
9248199999
6366529614
7411781304
7680909714
7337555900
7569892565
7330617555
9246636544
9989806143
9949772251
9866411943
9618555744
8520944933
9848049273
8977332944
9985558680
8309380390
9296001511
8688602073
9866646258
9866635621
8500294949
9666009199
7569408602
9885512932
9912226111
9618667474
8071639360
9949598018
9493764001
9963093639
9030662409
8008181099
6371591420
8977232278
9030537657
9966095540
9014486872
8499943212
9666744444
8099926669
8121812391
9030668705
8885255554
9299900441
8686350340
8341585210
8099108202
9640007015
9292701101
7013744450
8121241178
9966186666
8688804444
9440439030
9553541477
9959833129
8328252243
9912633667
8071326931
9030494999
9393608760
8985987333
9602426294
8882206944
7676538883
8341665770
9281495550
7780723481
9490306713
9900764595
9490730066
9573873648
9989360688
9397079677
8071639211
9703696752
9885077362
9866542205
9676268919
9573035777
9100412345
8048740459
7729915599
9010640417
9000267085
7729925599
9964366815
6382375976
9866933908
9502502440
9246786386
7993038888
9703104253
9082708180
9652040060
9440162427
9246746746
7780391571
9014842412
7794898989
9949701222
9494585864
8096682445
9345670043
9347116323
9959446828
9490196609
9848792495
9966918866
8125466080
9553288968
9849635639
9985353853
8686362695
8074533406
9100900830
8001036065
9866867082
9494848114
7981675947
9963425888
7328956446
9392045302
9281029460
7661087976
7842699516
9030625797
9849136933
9440073656
7989006624
9133224464
9885643959
9030482348
9491549798
9849465863
9381621521
8556222692
9701870796
8008063737
8309065471
9440429556
9966268995
8500603157
9491946945
7013719151
9581971876
9948646583
8143424012
6302894668
9390000945
9036485519
9963364478
9160058005
7337338256
7330731888
6300262721
9849442930
9985831616
9381005245
7993819427
9043973985
9966928706
8332908650
9885546511
9640464652
9121730211
9441388225
9655998135
8001025438
9000360640
9030414041
7989316123
9849443666
8501967408
9505359991
8142781007
9177424212
7207838398
9542490686
9000063898
9167086344
8048073992
9848157991
8008508456
8008631141
8466847572
9985658087
9948017322
8985540705
9440813336
7205818999
8125770082
9573065444
9494032244
9849400331
8686404824
9030706786
9849831911
9133756808
6309473981
9848289440
9848019964
9966737657
7093927490
9731141435
9393620412
7207781699
9059412576
8885607046
7893387665
9701570742
8309695575
8512221933
9739012999
7893518935
9676655747
8333830345
8688888851
9885950696
8886478120
9000824066
9393979776
7396464646
7989661909
9032326167
9581693353
7993117767
8309019198
8143753787
9490322710
8071729854
9347548671
9347471547
9885943400
8251825179
7780776788
9676395331
8643450515
7330701116
9550057096
8602331234
8688785488
8037907618
8186884166
8071264942
7610666999
8330906565
8106441011
8977003353
8071326936
9866305508
9700359143
9640002843
9440725820
7795795531
9885377228
9885539355
9121318989
9440856312
9014757944
9440440399
8374698794
8657591290
9951407077
9441310814
9440430600
9703667562
9701850945
9441593710
8767841591
9154327341
9441072674
9951966198
9666606768
7989180661
7013733831
9346835505
9440569357
7997278777
8341556115
9705797817
8522804694
8897023831
7702162513
9247299584
9440337314
8096796444
9441772389
9666051717
8341915698
9985725223
9703572828
9515962836
9885380308
7674870089
7337555899
8333924937
9542455552
9010161777
9963706382
8985343593
9949455705
9966322000
6281101486
8978478474
9989873783
9290523234
9603633359
9985533258
7799787555
8688879267
9866025061
8885366606
9951505854
9505099881
9395366811
9866041388
8341082943
8297551898
9182023295
9182554967
9966724316
9059209171
9346800524
9392055567
9440930949
9618138383
8592233995
9000878808
9885247800
6303173892
8340821777
8688328102
9441326697
7338740985
9959640488
9542678910
9951528883
7287000555
9666955774
6305043623
9010872333
9959911117
8978445650
9052037181
9949711118
8333855337
8008222666
9121844223
9849713871
9494913342
8686860056
9885955858
6302679858
7815967016
9704570045
9346866899
9666899023
8814222560
8814224146
9440532123
9059141814
8978321582
7671899325
9010055097
8328657414
8179846276
8185832245
9440786593
7981494981
9440322695
9966021407
9640996511
8688912356
8790018483
9703642520
9985560848
9059602055
9948064325
9701356694
9247829946
9652876555
9118979118
7416348124
9032910075
8639011341
9142525444
9989814400
9849685165
9959018835
9849658999
9676005009
9959326999
9848084890
8067510312
9885867426
9908535303
9989301085
9014525451
9440221810
8071889933
9440392760
9966805825
9441412796
9908599850
7995346477
8328196137
9985054939
9966241431
9030431599
9538565603
9620220706
8143117108
9606533976
9491984106
8282824138
8125555912
9396966007
9390722465
9052166700
9885875385
9676237683
7981857999
9247008884
7674960828
9849586844
8374009550
9603810838
8686406775
7013667470
9885841233
9963111385
9705000555
9666688805
9398534050
7306006460
9052861888
9347039421
9866781218
8071889804
9391810811
9989451388
9182360301
8978819835
9985632101
9392553149
9030919111
9490778565
8919618578
7989783773
9515126673
9700866823
9133828470
8185965727
8041017595
9440423368
9989350777
9666875786
8674244544
9346914485
7660943077
8143144555
9246776889
9848956585
9299999877
8790949991
8885119971
8309846581
9966926260
9398898170
9989112434
9704961028
6366952275
9030252905
8801888704
9966226564
9908511375
9398561757
9550797747
9966446481
8686668020
9948438828
8816224690
9866717243
8247548707
8247827673
7989655074
9705143926
8355891286
9581432456
9010779595
8922228730
7942553159
9985272079
7396980626
9908913347
8041017562
8041017563
9063407023
9247292665
9492289238
9951544861
9010866928
9577957723
8041017610
7013377500
9772093035
9951703469
7013638096
9849256724
8309505114
9959120471
7382777098
8643220564
8041017554
7418849737
8328046081
8667528147
9848352518
9701264228
8309024760
9059056228
7569225301
9989585622
9154500080
8048740433
8341342545
8897240687
9985757057
9542563661
9346954724
9963044483
9848146793
9505686253
9849259276
9951323031
7396647111
9640252025
9676300111
9966753468
9177232224
9492874646
9849254708
8309246789
7993894938
7337481818
9866664755
8019469452
8925593985
9888677775
9985666459
8885108501
8919165829
8309182156
9848112879
7217797548
7207201819
9908554066
9502095007
9347226265
6303244789
7997993407
8037014087
9849287798
9666061397
9010470667
7207282828
8886832030
9885021403
9355010316
9966400020
8885822280
8885562333
7337408241
6303737288
9440745001
9502528121
9440216901
8870664851
9392546044
9866826900
9951499510
9700535555
8895418852
8374412001
9866791078
7032501666
8945241094
9669578999
9494741463
7013841990
7075176485
9492792792
9177783944
9182248509
9848434443
9666867796
9154682715
9459924444
8002581800
9440740837
7382283370
7680810239
8978117380
8008575292
9849894220
9963225338
8143361885
9319371038
9030723200
9177243299
8688313641
7330811320
6305701665
9666311663
8500569099
7569019916
9676746753
8886553017
9347073935
9848223913
9000314933
9290100149
9701288229
8505866422
8041017550
7893534260
9666566650
8297549555
9951134622
9848123669
9393184487
9705770255
8074989146
8814228586
9949229336
9849625143
7337338059
7207027000
8341137716
9247452865
9160273633
9912931250
7200227985
8879194803
8071264836
8187003525
7729071038
8647256832
9703114507
7207353493
9492279422
9440984984
9989777662
9000575938
9177113052
7013443395
8977647009
9296108665
9700607143
9346441976
8121813140
9849627791
7032699328
9290439927
9397876970
7288991599
9849052930
9704475316
8121904562
8008878038
9441117278
9989758486
8500890225
9603156754
9640368191
9160915366
9849424218
7337555902
9505226123
8978737873
8074708162
8328182690
7032313546
9885780809
9010157999
9676314940
9553703737
9985052659
9849263883
8814210444
8814222221
8947231425
9866128363
9642881418
8885111789
8041017605
9966802709
8096181205
9494085959
9502254822
8143199406
7799889333
9291339133
8142244255
7396132748
7337555237
9908957143
7794993530
8041017596
9493212655
9100991708
9866347483
7093907762
9110399437
9989993055
7942845880
8010622622
8090905900
9493137318
9666517507
9966611337
7671035679
9494405688
9014700637
8068935614
9989379777
9736919191
8297079555
8019121297
8977575977
9010274460
9866457041
9247708799
7995659999
8626241144
7036155488
9573386005
9247125746
9985608857
6302832726
9966682677
9492772772
8008029399
9581116558
8855232084
6380754841
9848480679
9177194589
9491212222
9100656371
9989215656
9000033143
7799973338
8885694930
8929333993
9492143663
9440457488
7673941507
8855232078
8333037071
8790307992
9032777886
9700361888
9494395954
9133885433
8317602465
8341924145
8885111557
9620747979
9248599477
9700882441
9177267450
8674249900
9000878588
9985148616
9059977784
9618612292
9866059999
9951012456
9703403085
7013834899
9703164713
9885050181
9704519037
9885849596
9440525689
9701223349
7989106789
9642892153
9440400337
8688177402
9515089949
9502774315
9150175985
8571222547
9440249087
8041295616
9431333999
6281056519
9966270009
8500220333
9991118301
9032500575
7095245851
7013894678
7893444111
9392901553
9059505650
7997993421
8071326890
7013364594
8019300611
7674985356
9951735320
7981400740
8552358462
7670910555
8048740484
9494896652
9848586922
9885258585
9398234647
9966628888
8812237664
8812220550
9490960054
9966874687
8499966490
9849546805
9441332999
9949749744
9866739329
8855232180
9133583344
9985689999
9849812177
9059050175
9676233445
9949565275
7997747999
8688888843
9490839105
9100042430
9703713758
8500222480
8624220455
9700768383
9848893851
9398704213
7989798294
8106279555
9885009632
9849777469
9666848224
9703104858
9441599784
8977484847
9440919276
9014551298
9553366066
9393979269
8978431114
9441119897
9347186110
8185818147
8142594889
8790269996
7989454897
9966977879
8333855550
9959596391
7036512365
9848128498
8645232689
9849323300
9959111977
9866909807
9396661247
8096055922
9739252329
7569121205
9908498933
9966113691
9581477944
9959517774
7093445476
7396352482
8008590559
9494797847
7780684275
9885449384
7997730908
9848862060
9133210563
9885133663
9866155645
9959111936
9246783817
8688885851
9848413124
9490615329
9177416037
7997004332
9849589165
6305601091
9581818143
9483849658
9982407407
9700046614
9949193534
8044926540
9542863536
8886149777
9505167633
9154912446
9494705353
9885945463
8106129088
8520972737
9290578781
9000455105
9948259967
9347344140
7036214666
9703429849
9490202008
7729081524
8074959882
9955524433
9491508001
7875213794
9440736689
9014848533
9949500070
9866411194
8919280402
8074055285
9000878860
9397918605
9949250555
9908569555
9949229036
9493713638
9949210555
9542871374
6300033477
8317619026
7036783117
9032276541
9963650958
8309272269
9652793529
9291112237
8247804680
9951564594
9121509663
9652516656
9885779060
9701970177
9440704117
9014085611
9966031000
8886249949
8885886455
9440349333
9000296148
6302839852
7799304202
9440292440
7013134001
9505000916
7661929353
7780751363
9000858915
9030530933
9550507517
9980766014
9553061872
9787630216
9989759516
9440281877
8977538936
9492120087
9573621690
7095712345
9705006699
9701594847
9701849412
8512228248
8004107711
7337555892
9346524123
8814222567
9966996306
9912026084
9440739915
9100935655
6305411877
7995231113
8328275779
9603333339
9397090457
9849267559
9618154119
9515557999
9866456814
9502519092
9154675610
9010815477
9989429662
9010534486
7036973250
8985938654
9440814192
8813221093
9291688737
9000410075
9949940094
9666962121
9885622563
8978904564
8945243288
8626244493
7995854999
9849267226
9856867777
9666511470
9885783717
8674249691
9849289845
7396171888
8712375131
8008909023
9110343543
9494293999
7095545554
9442329734
9949666735
9866422613
9246629129
7549997999
7416498434
7386301676
9182766448
9440744232
7981832783
8106090807
8945294469
9618353932
9573320921
9030473526
9440556725
9160201110
9743424588
9143143197
9550111314
7288838685
8945241111
9985494533
7095123657
8297066060
6382546147
6281530233
9440829644
9959706978
9246299930
7416341615
9290813666
9381663926
9989945579
9848282380
7842275434
7386021448
8903186783
9700567785
8645235990
7386517704
8985627284
9966190455
9959036366
7780174149
9100633677
7416495269
9885012999
9949395915
9666432375
9441393147
7207955655
9492940956
9326719291
9290527835
9052221002
8500006130
8897941357
9866126354
6000860008
9502279229
8674242703
9848064567
9480661093
9100034433
8121906301
9581435362
9000192412
8919366322
9396795461
9866866125
9703335786
9490518931
7386465465
8688618982
7672016211
9440917639
9966537207
9392329618
6366550495
9948092574
7780576290
9440729534
9603432766
8626297555
9266767323
7702377666
9440268188
9848970577
9000666419
9494626418
8432781111
9491204553
9542620473
9494504674
9848182086
9491000910
7299667892
7386048524
9989855342
9550612526
9010208571
8978853330
9701707087
7799009925
9912968195
8309552554
7396518259
9963623988
8143569800
7794064939
7995452990
8125552129
9700508030
9985299123
9949619305
8555077491
8069248288
8978585787
8019808294
9542092555
7095123892
8499874630
6281610669
9347330267
8008120104
9573960035
9908627724
9032828585
8330990551
9247222247
9700045268
8019757452
9010006140
7013658398
9246157358
9849922348
9959584489
8008575303
9985266439
8498833663
9711737738
7306060240
9908100999
9491981236
9030131342
9989425028
9885209795
7780316465
9849363316
8790944311
9177566143
9952625459
9381493865
8978737575
8555083499
9666672229
8552226793
7674978485
9248015550
7330732888
7601054075
9849847517
8247434545
7997041832
7032164353
9010547597
8886272999
9704949199
8500850373
9963180069
9866026306
8662577279
9246433363
9948409445
8712630334
9177337837
8919295778
9885228856
8945241169
9394858999
8041017602
7702875958
9133177316
9959944464
9866226652
8558224883
9705790579
9121213301
9154224117
8142929691
7013602866
8179939614
8466933777
8500718785
9030553072
9989492741
9247464371
9885381306
8309214447
9885275722
8047630574
9700335675
9290003410
8074898417
9949940027
9885953733
9100518810
8062915980
8571226493
7411781298
8297439872
9550395522
8074536366
9030080296
9490644018
9585063602
9703293003
7893498808
9393665656
8099343322
9966087786
9032445186
9989619497
6302101505
9391368402
9398873124
9949458789
9849574660
9063677277
7672096861
8712357999
9052617192
9347314007
9949814812
9000714376
8374649811
7799413274
7569119447
8688948284
9666004143
9866155909
9959973748
9291666143
9394722111
8374262369
8641234589
9640702122
9391958315
7093000839
7386699058
7899903514
9032069639
9676259001
9290555223
9666388854
6304858237
9948228683
9490575555
8712172375
8185883377
8374324948
9000628275
9963869652
7674919986
9949646757
9581142315
9949014446
9703839370
9494952020
9492124906
8919595123
8008840982
9642331889
8309660258
9581956898
8988878681
9849519952
9346185251
9948899227
7780353541
9299951234
9989898089
8885782551
9441361168
9908805333
8919253015
6281906647
9642108849
9440949316
8185062434
8919022245
9866022774
9063163555
9949610502
9701896780
9885600280
8331869609
8625256092
8885588736
7799382857
9951458705
8341907274
9160753202
7659959533
9440362516
8985678493
9951181367
9704990312
7799770190
9640735732
9505225499
7801019492
9985945089
9246617816
9346080480
9866263182
9848678831
9032871954
9989508850
9032437100
9398176499
9885883108
8050848334
9985980451
9948163007
9866022212
9948114000
9440838535
9985025595
6303362759
9966190905
9182908187
8648226226
6281093803
9010727793
9133712019
8143956888
8555976776
7039002282
9849652502
8686703060
9959496946
9052904030
9959633359
9394235623
9849127749
9951169104
9000079298
9247760017
6126727980
9182720815
9490780081
9014116070
7989070832
9581052989
9704490160
9949097049
9505154650
9347566388
9480331345
9963817089
9985261466
9966357271
9440519618
9908899168
7032018209
9014723980
8778387443
9666629866
8555980391
9550913955
9866224247
9515045799
9959225740
9440181728
9390320779
9985388651
9392703590
9100703226
9000668833
9246670187
8924299939
9866852285
9966881293
7411781300
8924222158
9866638967
9100688595
9848068806
7893916009
9393145777
9949421444
9640116138
9912012765
7358465199
8886077683
9704022080
9701116029
8099281872
9052515515
9885885393
8143729024
9010086189
7382971128
9014349307
7032056555
9885551814
9177298039
9160997383
9398837265
9030239622
9160915473
9397199599
7013894730
9705287004
7207424701
9494943366
9440237141
8885012548
9912131175
8790571220
9440740293
9014331333
9441983476
9866928651
9908206477
9550424865
9440244453
9849226929
9440776228
9347739300
9985656599
8099354700
9703302126
8512250705
9294009007
7995111136
7013240359
8019977441
7901404999
9014278088
7330673933
9908010614
9110516353
9182430789
8465033350
8008577366
8071408352
7013280310
9110568578
9290045157
9963813631
9642723753
7337771311
8886546446
9100510101
9133858042
9989028685
9177470404
9989980097
7288961135
8367716948
9985111811
9299257975
8662572286
9908162069
8044939685
9524777779
9848249527
9121055696
9908965365
7306991999
7799499849
7799786912
8044928258
8044926203
8125368313
9959699988
8186859565
9955336623
9515063344
9553488008
7207755382
9502324013
9966332319
8309033293
6361869206
9000656514
9705613275
7386974794
9866582013
8500706364
9985243774
9391427748
9640403040
9440457749
8297927777
9568666888
8818229224
9030278393
9666644404
9392996700
9052059171
9603565222
9440474747
9966067765
7989174160
8340889417
9494555447
8818221381
9440146559
9885199977
9502504602
8121252047
9246477666
8818221680
9440999088
9848087600
9705506355
9110515051
7981230440
9030200445
9440474678
9966946777
8121463074
8818224008
9493555253
9100510016
9440013128
9666566662
9440571818
9885970273
8044939687
9502438444
9849492726
8008577030
9848382088
9441906786
8942228699
7075732018
9513184489
9133266251
9786589147
9704733417
8886657980
8942227785
9963891485
9440319600
9247127639
9154815184
9948024522
9849553774
9059793834
9246679184
8374945079
8885801416
9703522111
9848193765
9000573434
6300565814
9441849142
9398226611
8519904584
8463993222
9440921318
7995105226
9577433888
9849047847
9000097275
7997756254
9989074189
8520046595
9666674573
7997231999
9010095918
9247632468
9492929648
9703113818
8885653533
9866506623
9440328796
9856778899
7396463143
9440188956
9666669199
9849535450
7989429557
9160121918
9030802223
7731982866
8341636568
9989325585
9667274275
9849933903
7997229951
8341573206
8328685254
9573786740
9642755383
9059592929
9581673781
7396666868
9703762070
9704244489
8332005053
7989472475
9133709571
9866710592
8500007377
9052919088
9849664730
9642296524
9032695550
9032845040
9908052210
9441563131
9885161591
9030212529
6300961507
9959011038
9866044596
6301592627
9700636666
9949395447
9030685866
9390510107
7093265426
8121851551
8501810137
7671022399
8019244114
9966111468
8309037115
8333019875
9182480516
9963515513
9700137269
9848616444
9014652079
9395375456
8143353636
8497904704
8247257103
9030998853
9866088986
8142651212
9000054541
9502095960
9966623898
9030098809
9030389669
9160097816
9888964446
9182975630
6309977779
9849135358
9121166920
7095178568
8106226953
7702228698
9885108000
9441662948
9182445579
9291599466
9908506119
8464999920
9693917688
9391602300
9908720786
8712457557
9884055415
8688837750
8662571983
9346459428
9032078033
8463924483
8463924903
9963324865
8500068486
9966221218
9849235760
7942762697
9966756601
9010557777
9346687693
9705550055
8977403551
9700555397
7993988755
8374186789
9441914642
9491925251
9859991991
8341888860
9440207366
9441854335
7901220777
9440664662
9490539163
9963699979
9491291002
8099933308
9700083476
9490486781
9865938306
8596222982
8328369563
9248011858
7942812243
9642233455
9490175940
8008803503
6301958505
9393840955
9391927770
8247630892
8886498882
9502568731
8331820242
9498080898
9885555183
9347411287
7702730030
8096903555
8825220163
7013789949
7942813314
9384805574
9848971796
7942877835
9704036658
8247382437
9182381368
9490789495
9640502024
8096818646
9703336116
8125302246
9642607979
9885079009
6301851915
9177519551
9133049268
8836666680
9000996999
8520807893
8832499066
9498054256
9505975970
8886296661
9985051244
7729029088
6281829356
8985403630
9493797319
9948202323
8832443335
6380026596
9492381308
9177852526
9542637116
9849520517
8919144025
8897622296
9248094455
9848377695
9949173883
9618971911
8143145383
9553887108
9908286174
7287049516
8626251188
9885026273
9000119990
9930646982
6305991534
8922235500
8291029584
9676712999
8459179307
7995277758
8516916916
8922252900
7416264455
8500303003
8099118060
9885875717
7842333399
8074896609
9398485699
9292459459
9052703828
9848163050
9848586116
9015964626
9989281413
9985786666
8037762185
6301241073
8978126757
7382333315
9902333311
9390019331
9849668466
9182212221
9491206141
9963361515
7989423639
7942762768
8374444414
8885858895
9493999983
7331192999
7420014074
7942845926
9849835736
9494645681
9347951605
8924221333
7004375488
8069248267
8924222900
9346050403
8185870802
7981317178
7901241330
9550921326
8977331660
8977599995
8019912235
9652757565
7396596433
9739588365
9246630957
9848520848
9032747315
6301042530
9396225293
9177930164
9381141518
9014312825
9059050410
9908968639
9885270817
9603554535
9492606970
9542099972
8019199129
7594002510
9704165134
9866281355
9885942135
8121212449
8879935417
9160126206
8674243494
9618627774
9505716269
8885909052
8919181844
9010144141
9440388919
8647254645
9391261611
9392939449
8328451389
7337206110
7947479872
7995959939
9849694560
9494504320
9059931758
7330900525
9133906563
9162828362
9985555946
6303817808
7947479900
7013006011
9010775599
9390593232
9515452478
9949894891
9505555673
9490592073
9866917393
7331112228
9849296408
9440830031
9247266674
8106802134
7794917109
9182075118
7842007827
7780663467
7386622463
9848756106
8978154033
8074256696
7382533644
8333997836
7829444644
9966336027
9492879797
9700929281
9704178881
9849229565
9573682900
9494543819
9505213766
7702714814
9014314090
9908020821
8647255466
9440712886
8019931254
8632231188
9246402174
9848613780
9866025075
7799385828
8520027510
9849665505
9966961566
9059459701
7036401829
9030751917
9866508657
9985882411
7013553440
7337256555
8040184450
7288978212
9346347625
9133533883
8068426654
8922233528
9866682886
9866193089
9703344483
9490231698
9441518705
9703575810
9000206864
9959225688
7337042340
9513480480
8556222629
8623242040
9603553355
9985761069
9030492829
9121650385
9030227759
9040069626
9866664517
8106818437
9866828983
8309597566
9848302586
8942227691
9440115686
9392323974
9440383409
9440937584
8985446661
9492327421
8660509448
7358897492
8570255202
9441774863
9494311333
7013371641
9290996681
8008123412
9052052068
9912693720
9091108108
6301817729
9133711823
8897584242
9866728920
9398661909
9866318017
9848357543
9441107642
6281252588
9247142035
9218169274
8106454599
9059493661
9492000876
7013312462
9959952358
9490882020
9441444639
6300872151
9848169811
9030329087
8978343809
9502078900
8071331055
8919091433
9966693997
9526953183
9490155443
7386767596
6383529821
9966322889
7416523128
9885022444
7338826985
9490165695
9505671395
8179719799
9248017276
8712338999
8897873468
8186919636
9441273879
9030400551
9352568128
8571224515
9989529034
9618918968
9866624660
9963977775
9618653325
9391838407
9856009856
7337586718
9000917123
9703859593
8080599778
9154222444
6303168466
9848930139
9866701426
9533329591
9848532644
9494477561
9966843406
9849614829
7893948606
8121827770
8639000687
9440215158
8044630730
9247382266
9440559307
9030804367
8572233753
9440393023
8978936785
9963716293
9966823300
9640177722
9908273744
9573466266
9553339116
9247008887
9959938380
9908732193
8886644868
9014163786
9848168363
8019895845
9030236306
8919200480
8099175165
9966744466
9640821617
9966236246
9396867779
8071655205
7075645225
8978578861
9573333945
8555898757
9553285959
7382559125
9959793931
9581454444
9848114286
9642284690
9949908244
9966311192
9866129500
9030311009
9849692998
9143143811
9533337756
9492828320
9533338777
7671069503
9618408176
9247712153
8977079082
9440686950
9347321354
9052232522
8919806671
9052741977
8897052386
9182132013
9440245981
6300922738
9014452814
9849353500
9299998080
9014088467
8096009962
9949966857
8792013447
9059900004
9182841278
7893884757
8047027149
9000340818
9059511104
9030469830
9700818420
8977057881
9700693478
7097100971
9703030330
7989917733
9705892501
9866585279
9133213907
8612309534
9030990900
9440258944
7730074297
7569528263
9121083106
9390334293
9948102259
9059876495
7981906969
9703133097
9014018492
9398311599
9392291928
9493246427
8912575242
9618798712
7207778584
9494281818
7036098994
8944294564
8890843647
9494777323
9676853456
9895889293
9550525355
8297262620
8019853798
9160561655
9000318772
9440248276
9440248401
9949443329
9550464442
9246668692
9392912607
7893228193
7989982896
7989829669
9240031040
9640995789
9849148888
9949394555
9959225550
8044953827
8125371555
9866629349
9948351026
9949472877
8886568555
9030054549
8008441855
8555923471
9948461966
9951171129
7780437077
8071889799
8886665887
8814224511
8186909566
9949328602
9885118214
9346827974
9666119655
7976380264
9866663724
8814223141
9666350503
9640287271
9493704708
9966610896
7386719505
9866096818
9440061514
9666656156
9851247365
7036774462
9494544305
9603070908
8647230877
9440193650
8500253345
6301313891
7981151993
9885289481
8037221096
9059965551
9492545450
6302440746
9440100235
9866709967
8977877383
9912918433
6304209345
9441058956
9441089607
8639713124
8712601885
8945294898
9000501431
8037016373
8047027159
9966066777
8062916185
8071889917
8019201920
9885314555
9494689393
7995716742
9397916225
8019398699
9705959792
8328466128
7799955999
7799408166
8019184151
8185802956
8019985594
9550077534
9240013912
9440001447
9390610919
9848537356
7661904370
9440750851
8852241960
9603898768
7382129139
9848664462
9652112623
9908459305
9550062685
9542628436
8008738999
7207230334
9059247017
9885372424
9000014108
9014737777
9392625858
9052316888
9133932399
6281303065
7942813659
9701225799
8985242766
9966045679
8885763999
9848013373
9010933555
8463999919
9948457444
9014907222
7548845042
9347155369
7674079048
9840103541
6301457313
8919767646
9701368565
9908643089
7075371737
9791230451
6300371151
9440088240
7893441688
9177036975
9502496163
9154971691
9347423238
9848377738
8657568512
7981806555
8886224820
9789778985
9494099678
9849627474
8500434569
7942876807
9010035559
8816225669
8977743275
9885670256
9849311235
8816230555
8463931347
9491517755
9398223232
9032748817
9951433977
9000075533
9700766659
8688589900
9228849672
9963944455
8988885666
9246462080
8897376778
9160992107
9347816129
7306332699
7780663723
9491511705
8978857847
8074779263
9440837782
9849499960
7207107971
9989216305
9491922208
8790373886
9398185660
9289922417
9010430000
9100137155
9293737276
8142221695
8008445191
9052139999
9030359459
9490110780
8002680000
9951183426
9542223362
8639918223
9391550456
9396885349
9538572666
7036844045
8514222212
8514222291
8514245334
8897744048
9866247099
9561423585
9440291300
9014820320
7947479789
8919396627
9703430506
9440307930
9581444014
9553397708
7989444293
8885712229
9000069145
6366952276
9885829937
7569856641
9959143212
9248543248
9949201875
9160236023
7036975752
8919999384
9951097732
9581666064
9700245590
8942222203
9059966745
8660515782
6300054793
7658942130
9885919675
7306794388
9440006719
9063630030
9908626862
7981071294
8074230265
9963573653
8688439325
6309456553
7286997186
9291081084
8074624287
8074561505
9912688125
9030057777
9700277754
9398681653
9347778715
9441962515
9491841080
9493047786
7198099448
9959477083
9652922108
8037016462
8121292920
8019990007
9494446686
7548805772
7207207247
8106663105
9542719995
8555885479
9885793763
8074838577
8886090199
9030307722
7845363985
9182461033
8106511611
8125983849
9393935223
9010572223
7036353434
8919525302
8008577523
9346538033
7995579997
9393939513
9866600935
8886010747
9912345541
9852585668
9493937656
8555832881
8466936185
8099999269
8790157079
9493826752
7674959604
9848911777
7799966285
9201010157
8125167385
9000943667
9704441235
8556224801
9619633028
9052630009
9885332498
9059985041
8037016772
9281014164
9885515456
6304056721
8044953897
7799779116
9704740646
7799918642
9989969724
9515428488
7799965656
8041017584
8877992289
9885396143
6300158556
9042267798
9912854431
9985175992
9347114229
9966959067
7989562357
9393871094
9248749046
9000156322
8309660901
9581622624
8643224022
9966131693
9849887530
8555805858
9492140267
7799404755
9959225872
7386440344
9343328177
8985049497
9030196001
9885971740
9396218012
8071576042
9963695473
9848911463
9299999496
9494692894
7032711094
8499945684
9494496105
8121279609
9985692992
8854255900
9985018999
8854253329
7548809274
7285916916
9703484836
9848578888
7893357703
9052508350
8644226060
8885888516
9963210055
9533381222
8121612134
9849500465
9392003875
9951647943
9966260368
9966496669
9032555639
9966552565
8179398492
9248495999
8071629857
9246483744
9948719222
8639741677
9700420470
9063666310
7093386112
8559222211
9703600373
9885193211
7382507799
9966485757
7997246989
9393386668
8647230636
9985856108
8632333369
9804040456
9700976244
7013400594
8008360119
6309426620
9494434949
9248678888
9441690237
9550237882
9581964196
9014367190
8686808074
9948617617
9014206867
8297042555
8712312335
9581494161
8977860959
8037014009
9052586104
9392155656
9542722999
9059912930
9885492077
9032610100
8977000605
9703113111
7056247365
9962716989
9542785269
9107379379
9533335977
8096391110
9640767616
6300273041
9676840909
8985551812
9652991173
7904011212
8672225200
7075135858
6302877101
9059992626
8309181821
7013798645
9246697889
9581025088
9618042952
9959657586
9966699992
9100903852
9553358422
9652818079
9666155551
7569254052
9441022237
9440242799
8897678767
9182452022
8106411741
8142399959
8520887419
9246644899
8639027967
9505388488
7942876859
8977633400
9780714714
9908036331
8099255555
9240083059
9705622111
9030808222
7942810811
9949845272
9985258294
8592233647
9885106121
9550212181
9502614657
8068426607
9247032955
7989662047
9490175908
8328284556
9110325595
8046333633
9291252774
8885557620
8341993259
9581943889
8592233173
9866395416
7660090755
9199099919
9963629009
8919019792
9618925728
8019225428
9110325727
9133317811
9948517949
9985004979
8106106512
9885082906
8500388881
9849884055
8812288299
9848671313
9441528464
9063655200
9951808899
9985630760
9676664311
8068426685
9949863687
9701702620
7702799087
7032761679
9866024855
8812238538
8096090301
9246678890
9948423233
9346944389
9494893336
9000039789
6303143873
8842383366
7373579795
9440567346
9866483780
6302561204
9676564656
7396494444
9493566707
9866408648
6300537624
9030773737
6303738760
9542524200
9052786847
9100909010
9493333069
8071858871
9290129319
9848338487
8309595923
9505244455
9849390490
9848333679
9851688999
9247319273
9963322214
7675984773
8500619437
9618858190
9441177776
8309320008
9866369153
9949405499
7799722172
7399942222
8464821333
9885968996
7997282729
9246642899
7019280827
8374006555
9848034711
8985608456
7200333250
8886752777
9848366706
9948313972
9533412345
8978711335
9959127112
8401375434
9849763445
9618611681
7207486744
9989252999
7386452890
8832445679
9948056666
8832448777
9347577204
9542815425
8500464809
8341588488
9885959013
9398330065
8074331574
9849664860
7794005438
8790909648
9966923757
9849144765
9642337896
9515537503
8069352457
9440254945
9440429450
7416179113
9985150441
9491049653
9440074897
8067335514
9014651898
9866687669
9393995998
9550576144
9652992476
7799934565
8074747790
9666206349
9412093295
7093042495
7948234330
9502302099
9642722566
9493789290
9542756363
9000344211
9849727007
9573939888
9701034958
9381212175
7799884789
8142428494
8125757365
9391234447
9948495786
7780526322
9963988566
9848482144
9959322376
9391933145
9059939389
9000616064
6300204399
9329164410
9885656836
9502689217
8062913774
9949073681
9963885669
9666099540
9492492648
9393211221
9848238467
8886143777
9555659659
8897290400
9676594825
9177959829
9985678881
9032039380
8688380575
8886222669
7032041965
8341855565
7989123293
7989860724
9535185886
9494473680
9000978743
9959303274
9032249300
9346610999
8897297322
7661907186
8062646040
9989984982
9030920950
7993057726
9515353817
9703172856
7013163214
7799044604
9141545366
9100353404
9573109946
9985724679
9849976618
9676757438
8067510314
8686463262
7901255557
9059880252
9885861718
9440640339
9985141537
8977113468
9542956871
9550015505
8367686840
9063366399
9177787678
9704982210
7675065272
8019509408
7998399499
8143727273
8220323023
9959173848
6746649898
8067335502
7948234321
6305840487
7702731983
9494981125
7661011010
9052733433
9097044999
9908939919
9959952952
7093393435
9949278777
9246395566
8048045203
7386665786
7448933747
9440247891
9959639311
9440285945
9177580401
9704362345
8071890027
9597552072
7396595929
9959214052
9949045910
9949940080
7893413847
9848000611
7013338503
9949784184
9032433345
9014771045
7731933395
8074147009
8886893739
8333891166
9392339556
9885457833
9985099482
9490658835
8002081234
9652427709
8512220240
8657568648
9963052573
9642666919
9849916756
9000748777
8074866103
9440324116
9494748600
9966650505
9949456667
8942222156
9133090256
8143672299
9030607016
9059036345
8712341473
8328256030
7097661786
9036454649
9848863236
8688123064
9052181777
8047027146
8044953811
9502059777
8041017603
7039001475
9700306777
7893939337
9010855118
8317678919
8340840897
8885638989
9848295244
6304502065
9985155555
7207299998
9866835102
8125634099
9848212453
7330723489
9966087009
8130181301
7386455106
8070743743
8885824288
9246277727
7948058652
7995002737
9393996467
9154281136
7842000070
9640755559
8885156688
9398617144
9537622758
9100373806
9666913613
9989120558
9849316984
9676504174
9247103929
9396705854
9885674466
9966665334
7416770618
8985276677
8912783575
8309354865
9959322103
9441598676
7396660211
8121363549
8672222728
9993378781
9966330014
8672227000
9291612736
7893432714
9492010356
9704442318
9866865117
9949057884
9652818105
9490503034
9440044337
9248155336
9246927282
9848121918
8897854252
7989229122
9951857317
9398223127
9182251020
9182079760
9948120705
9951150405
9866438473
9160223359
9246921177
9030390802
9989045686
9493008238
9505897269
9000833833
9440942049
9945157783
8562241676
9985246633
9441402970
8919039964
7569064317
9966393532
6300972292
8499969449
9849211118
9885389000
9959696508
9959275200
9346081444
9848872866
9492295224
9493579797
9550124792
9866844488
8977718817
9603266366
9355834351
7993885519
7036386999
9988787666
9615155999
8856232337
8856232496
9346971808
9494486669
9346993809
9391417615
9177437018
9676739096
9948773434
9866826022
9866775590
9440988025
9248133822
7995246413
7036179729
9542954449
8500081885
8186813443
9032081338
9908258888
7396684933
9866411390
9848682799
9390257990
9542522232
7942876769
9493704797
9985831850
8977054254
9912107506
9493772668
9959225945
9030929252
9246639009
9247478158
9573720839
9490904415
7702891260
8341512819
8977929909
7075867027
8977760748
9989811959
9849187476
6366667475
9642357589
9848048128
9550321383
7675032922
9290238883
9848903025
9247417099
9491929903
9160858258
8639767660
9951111111
9246651059
9951710101
9703033039
9949502144
9182520126
8639391925
6301361457
7997992636
7013101367
8096188777
9515071277
9440145222
9248419345
8341027748
9440578757
9848544422
9966051892
9100594499
7093747129
9014235192
9505520472
9848997777
9505345123
9901172626
9959247279
9394971117
7997918888
8074483355
7382342099
8645232203
8639159617
8639851852
9441294481
9177741113
8985952055
9177443615
9613456567
9494000886
9908437731
9246696686
7995859554
8309125122
9133442202
9949342799
6362536294
9989207479
9110588474
9666385602
9866270962
9177659470
9441589270
9866125577
9014703147
9866509312
7288955897
6300552027
9502845306
9110317345
9491132644
9989895491
6281482624
7670907872
9912699789
9848984457
9885509354
9000957727
9030210609
9848850116
9246985444
7993542605
9000078896
8512253785
9381559035
9553334399
9397056287
7896989232
9908379017
7358070080
9849417837
9032061508
9666392109
9014722940
9618769769
8688226240
8886520942
8247893572
8588807298
9030877425
9704951982
9885528103
9703196139
8919051038
9133610310
9240221889
9347077194
9849598314
9492757546
8185820257
9030333980
9992755509
7416414600
9030444798
8790488412
9963224177
9491586951
9440797105
7799975333
9848167591
9440247987
7947479790
8500050159
9440355060
7386064059
9959659704
8647230007
7989974161
8647220229
8374692277
9963934527
7731060846
9908632732
7702600272
9553776398
9440942066
8644225566
6302564324
7981563549
9390327744
9492982212
9948225874
9666314449
8978487807
9524571116
9000056116
7989176519
9700352020
9849987999
8106572162
9573649985
9948769276
9640586446
7995072664
6300171647
8942222293
9948263919
9618352274
7729975080
9494964459
9676704392
9963813486
9949021468
9959805754
9391283576
9440639268
9666917474
8463931721
7003292507
9440171297
9908700882
8121612187
9848647285
9441078784
9948803082
8555811855
9553369007
9100381789
9885651439
9492946080
7330710371
9440726539
9111988808
9121846826
9167835555
9866424509
8623244355
6303836063
9491692588
9989998070
6304480198
9848749161
8886688864
8554242425
9701491779
9187375578
9841707577
9441882995
8570256623
9701642425
9849796555
9244336666
8096977977
9866457490
8309684430
9866164991
8121266257
7207766842
9515544442
6301182847
9885037566
9030600794
6305211884
9246940606
7008480334
8179106488
8247273144
9573518698
9085916916
9848698916
8074477686
7075923420
8523018275
9573205115
9290087010
9247466793
9848752529
9177018634
7661943142
9000160088
9393935141
8074316455
9030953009
9948816318
6300433675
9187777777
9440420919
9848447494
9000240700
8819225333
8071654939
8044939709
8688340514
9666705703
7799844544
9949255429
9491925688
9885563555
8266896689
9848477447
9246664866
9505680687
9603539353
9059975699
7995014274
9133277752
8623242223
9866455457
9440287755
8068426608
9440907735
9059048555
8341214972
8886660108
9949549697
9479478471
9000385372
9948049856
9553850811
7809662658
9000902044
6303120800
9246222993
9398972115
9493771245
9059930006
8518352000
7799806143
9440292559
9949997018
9515036205
9133999989
8518246377
8518240567
7013130950
9010988388
9701904783
9490170452
9849139489
7989468036
9550752939
9908777222
7036088824
9080741147
8334973332
8963222100
9826807777
7671031382
9849303057
9441730737
9550801333
9948141476
9885144998
7386278787
9701176782
7331155455
9490845304
8912563444
9963505000
8106481111
9885655016
7675954177
8914056189
8916622444
8688132752
9247118764
9440254161
9701122111
8309385218
9133451722
9885581143
9014830975
9703058530
8985965598
9866667881
9550256999
9885424111
8247054587
9900464646
7207717944
8772222492
9392255280
8500020615
9710810813
9440984267
8071682127
9440646488
8184989612
8106268046
9440943418
9581537333
9866294786
9949999161
9440157499
8309595040
7075995679
8885861470
9494954218
8886422649
9676210261
9398686973
8890185004
9441725071
8558227455
8819222151
7780381624
9959257863
9150101999
9959957633
8121713009
7013039246
9652099444
9296953739
9886862985
6281404768
9444023649
9000207995
9182984691
9866856300
8885692660
9110371292
9505306881
9030905400
6303473481
9848253671
9441659637
7780623199
8977991144
8309010023
9666154524
7799881165
9849849824
9989499932
7788993939
9347729708
9441468940
9440841324
7995608385
9577334499
9347466546
9848371133
9705222844
9502766817
8814222662
6281869923
9246462676
9603031755
9949775330
9666584271
8639484911
9494468922
7036399997
9866529205
9848654564
9848472621
9177964999
7893403344
9849198494
9573012442
8978601901
9110729757
8333809999
7382082555
9100752753
7661970223
9441450865
9703577784
7799357979
9966242554
9440524435
6303980538
8328019264
8801148687
8626251999
9849262473
8985620038
8074872516
9494951436
9908755118
8985837642
9133031531
9491377026
9490103958
9666072831
6303223383
9848430006
9618997769
8790988633
9959592564
9490607573
9676323455
9494569822
8112188888
9985688034
9959000898
8497009915
9848087880
8037513750
7780127515
9594820169
9703090901
9989693143
8067518078
9666480600
9542299444
9492081033
9666004043
9701769565
7416616646
7799772651
8185921684
9849727146
9866234979
9848878663
9132743999
8226822662
8922224034
8977936373
9000437300
8750687505
9550232721
7330984620
9009001489
8942226222
9440838758
9440195005
8069840341
8297554488
9491616663
9912912510
9490725164
7075560655
9848526555
8818224555
8037513853
9848222113
9440706908
9441083001
9010891196
8816223316
6309250666
8816222021
8297311251
7780375361
9121993726
9502694212
8975119070
9515849005
8512256499
9849956464
9848737775
8185959118
7013537325
8008572629
9885233262
9949725645
8125245525
9030334545
8912549663
9966354003
8630000952
9885545139
7382012357
9493181317
9963333533
8500809550
7207453127
8919322121
9292009333
9494728222
9177666149
8096666070
7075451759
9160241069
9393938011
9618159662
9866654725
9885584000
8144224422
9000016217
9988593333
9177842098
9849670541
8523033222
8662573816
8340949959
7799779987
7036353948
9347234144
9440356731
9381564401
9000275716
9885758104
8688998855
9440384309
9640842477
7075703899
8096628888
7799990008
8498831111
9863636347
9491383444
9392187954
9550602045
9392933082
9494467542
9440673675
9121232212
7981574923
6300856275
6361513001
9966903977
7874816816
9966636687
7799720707
9441368182
9989033307
9652899496
9618961111
7799890404
9989777909
9247040404
9246434586
8919617211
7799444747
9966799916
9849150590
8639892877
9959596813
8374066658
8500554056
9642422223
9032123143
8500500065
9966337313
7416006806
9010649010
9247772137
9949935335
9397144555
7799242233
6281698606
9704902008
9885019742
7780769606
9966639960
8978886336
8668198393
9000881528
9949403558
6303628947
9849465401
9885400676
9963900692
9494980808
9966087111
9848692237
8772222043
9036334466
7075219191
9848780524
8500659544
9292005292
8686730762
9494776969
9985335254
9390908590
7222888440
9177263484
9666292029
9346821292
8331033222
7207399196
9440742202
9741364906
9959246648
9700643424
9652842056
8977196381
9666368629
9346885910
8801571844
9502216436
9000478488
9700778867
9902702351
9440722399
9963835252
7569244943
8282897899
9949084646
6281113849
9030409045
8885005521
9177722606
9014298850
7416963266
7095908118
9848608678
9533279289
9885296700
9440492924
7905419578
9642462856
9866645899
9848668773
8819224056
9951374000
8712959595
7013414004
8333094754
7702211500
9642818783
9491286540
9440419122
9030262673
9491592642
9849546999
9553990539
8332821379
9703201440
9989330326
9885097211
6309770278
9542424774
9985256289
9789357955
8885656701
8179497991
9394438879
6300716616
9676920797
9000919146
9110742008
9849322869
9908884031
8099237117
9959009671
9502461515
9390808700
8328372392
9949153087
9848861206
9108157069
9885028823
8328403432
9110744845
6302407909
7780593112
6303974896
9390346733
8106013131
9440312568
8856231978
7416102489
9849442595
9676760422
9536333888
9059047871
9000046380
9885534222
6304489040
9866109090
9491290697
9985999490
9491629740
9100750095
7893535399
8922224444
8500129406
9396978888
8978438292
8500508487
9885873976
9381625959
9000382815
9985585978
9966887242
7981100599
6281890153
9000375999
9966336119
9866853517
8978074808
9553527315
7671963346
9866963874
9440453668
9014355232
7013268812
9704037172
8639191975
9988686777
8367270187
9154443078
8951950630
8328373754
9492969868
9440204601
8341213052
8897791122
9849332519
9441072777
9133624781
9441887407
9884450338
9491324545
9804359999
9299992776
7036363914
9652791004
9666711555
8688118388
9941038999
8500933123
9989573006
8147090471
9985162727
8008019261
8309071313
9989333678
9441095004
9866151249
9849274508
9440727925
7032854592
8500791234
9550002000
9347031127
9553355654
9866141677
7997567888
8500002084
9676747674
8465828999
8832463981
8836666945
9848182373
8071640083
9949151523
9494003533
9246823001
7659999615
9988992886
9642771508
9966636658
9000920408
8341708980
9908511140
9492642244
9951284704
9849968553
9789033476
9885252699
9603915000
9290900000
6303506678
9989906763
9128599999
9502062404
9966680845
9059811225
9398867707
8150933624
9347151904
7702072615
9494651641
9246730407
9985373830
9885824878
9966688870
8039664989
9885331975
9866026305
9515433664
8309991675
6300704086
7382006619
8121424208
6303778198
9182430579
9848814432
8688126567
9989933344
8886332056
9441141633
9949840820
6301456610
9032329111
8309941259
9989360099
8977585199
7699911999
9966998000
9701594700
9032626257
7093075454
8885895645
9966687777
9494570570
9812559812
7382104808
9246632693
9493388818
7337007601
7995859917
7382529018
9866644094
9778489999
8662576940
9491830839
9290781622
9848134472
8662572949
8071889916
9392115327
7673977997
9393431796
8374153731
9148787678
9945196777
7989695234
9553008009
9550076336
7659061115
9394107157
8328121302
9502459012
9866501243
9502501054
9618954336
7306310999
9703481203
9441791417
9959818776
9550398699
9949903611
9640521746
9866040170
8341347809
8179120888
7893877766
9398323747
9866029485
8912541915
6281204224
9948474642
9652679407
9030966584
9000323210
7093011865
9346894569
8019873188
7780647818
8886252222
9246929964
8001200330
9951997766
9493385040
9118001800
7829400277
9392242666
9293943344
9032316555
9515155001
9133997997
9989000399
9848366354
9849180310
9533238345
7330242330
8142217380
8125267801
8125919645
9052252253
8001036910
8686677676
7901226699
9966532252
9154328807
9121104111
9550410105
9311587744
8977676677
9739272555
8008374725
9703622795
8555803150
8519904555
9948587330
9440669965
9848160109
9392981471
9949565730
9246785411
8047590213
9951988355
8712635820
7730992099
9553073888
9704108085
9390216187
9885311133
9652083260
9676963422
9618223369
9908832733
9392964899
9866769070
9182822929
9177777737
9182911674
9885784646
9550597841
9849206926
9440047086
9397699909
7075906868
8448448929
7799080555
8074989873
8512294581
9849684578
8121946017
9440212631
8512222643
9866362847
8790590588
9992229943
8500388899
9000802604
8977395534
9985264362
9440243269
7989973835
9000503731
9603365603
9849786858
9346938999
9989157274
9160268968
9963810074
9052068686
9573144410
7989701531
8644234400
9985247777
8886381501
9866232418
8599911777
9849891302
9985982838
9032128666
8672223577
8672221552
9010035987
9866089249
9398792973
7396865143
9346185315
7331173371
7382626262
9885483656
9901691212
8572222555
7989303078
8067335508
9985881112
9440124737
9063854730
9697204999
9652001100
9032117101
9603454599
9885048196
9152269152
9703661503
9666677779
7993115422
9381347228
8842384858
9652114300
7337382221
9705941989
9951756665
9912888702
7095226144
8341834183
9948980555
6304194008
9966537799
9989701735
8062859448
8885552876
9966600310
9908312202
9154074555
8688221522
9490978483
9640805050
9888307775
9652933339
8554278133
9985482131
9440221354
9440289214
8067510313
8500001263
8886278623
9494434084
9701437469
8088414528
7989871546
9966632288
9502794474
8977920108
8562252961
9642840428
9440643646
9010065122
9494083599
8374669743
9866757375
9963323104
9966746488
8500786243
7780390710
8125912593
8978194044
7981700599
8008700175
7331152200
8712127512
7659912385
8562456376
9550056111
7013729269
7013485760
8919960919
9701693014
9492759159
9948472109
7731850189
8037537165
9989204204
7013204313
9490077223
9642547777
7413500377
9966267412
8879242756
9886589899
9849111511
8142000099
8500219999
9441916446
9494410769
7947479821
9849663241
8074265748
9207200444
7095658370
8037513856
8019221463
7670901465
9000633599
8019478581
9951663661
7989086009
9393930056
9032100047
8359805980
9490761943
9100387755
8019776414
9346864074
7842966686
8985600078
9959850082
7989255690
9347330109
9963505922
9849482301
9618055055
9000411818
9849290371
9248148171
7702303030
9885082666
9704554411
9703579797
9398842139
9160035135
9533118695
9502850576
9951734987
9642416814
8633561596
9440494368
9492082456
7799182104
9154946062
9966711109
9912118585
9032044588
7396663154
9032856601
8985281357
9533569997
8886352257
9884433879
8686335393
8142225557
7997999698
9949860643
7997509786
9533375729
9392534808
9885089486
9032198379
8827698827
8885803214
8662560782
9177179991
9440421015
9398414289
8096772987
9573398233
9848068989
7032112646
8648222699
7947479834
8121320444
7989422819
9573029269
9912725156
8071936981
9949988788
7799544497
9100949744
9880690617
9949687349
9441143866
9533121111
9381569923
9345100136
8309446202
9573454058
8912726377
9440983094
9849133533
9441969334
9966040077
9959693322
7670901543
8912573515
9177655999
8121021051
8184913700
9989053046
9010267930
8812244244
9440145883
6302336492
8143530112
8099255355
8885557931
9705398992
9901298586
9100745576
9888193888
9951759666
7780711741
6301401250
9440605795
8004199399
9100645802
9032247867
9703131527
9052593245
8842354989
7378123123
7095045555
8985201818
8179233447
8675558111
8842375036
8008142799
9491997171
8328515813
9441090700
9912916390
8500565655
9849536908
8897992991
9515988508
8297742999
9494336953
9951762370
9553547086
9908636735
9849338661
9573334408
9899888765
9885833555
9581737779
7989904263
9440570629
9281014160
9014312414
9494145369
8842351515
9440167801
9121093386
9151525259
8374518334
9885558917
9705261066
8884444023
8062646020
9642708608
8886333132
9493231122
9966264345
8520958352
9989624553
8985501476
8143464841
9652762779
8044630710
9010170693
8886444698
8662425942
9912435959
8801138095
9885059710
9963333136
9346993740
9959556669
9849112666
9059120488
8037013980
8639789300
9573582310
9390212699
9014270279
9492956319
9985258458
6281522320
9550244311
8912592327
9348403399
9966055369
7989236795
9491787395
8886333708
9666994413
9542684789
9705230176
9959996555
7989234666
8885351779
9000616843
7794867184
9848871223
9440143174
9440433606
8142880888
9550077295
9000446556
6300401802
9160603636
8143905905
9440871701
6302605619
7013628287
8080260260
9705518400
9441643334
8143731713
8143334148
9493420975
7730080096
9666909304
9030873991
7569042337
9989589251
9701727683
8179302003
9000206058
9700092063
9866662191
9010991236
9652699146
9035916923
9885239099
9700275055
9030748412
9133813598
9700450605
9491049686
9849026960
9848104436
8712390555
7794902000
9059447687
9866025078
9000988847
9550051122
9603969786
9391561515
7997134445
9618837879
9440557679
8552250250
9989904880
9885228046
9000499952
7981780062
9440519069
7505333999
9441575555
9440021511
9440882516
7997818451
9912184578
9440626225
9849772533
9398899299
8816294838
9392763927
9393223390
9177445223
8712152789
9734117777
8677224377
8816255789
9705435779
8186822228
7075403149
8924230558
8886988724
9440373733
9398028396
9440134562
8249727195
9515301222
8121042526
8367092163
9505856127
9666426132
9959427496
9581818191
9666023456
8712278999
7893734638
9440613399
9502852346
8179665410
9505048897
9959141139
8912766333
8332996485
9550155394
8186089735
9440192185
9177732084
7799666418
7036770080
8500016789
8647228964
8686661234
6281288112
9652908039
9848222118
9703461775
9014439988
8942222400
8978393640
7579008008
6303231264
8367502551
8121998005
8106423339
9148657929
8556222575
8919912951
7993729913
9949011979
8499882494
9440938151
9618812665
8074486090
8922294068
7799966008
8564244744
8985618070
8147248590
9785286267
8555004666
8071178507
9493232666
9992223542
7594002639
8978550264
8639605441
8514242901
8686949422
6281260321
9502907447
9290050233
9966920816
9000688888
9866677314
7207403011
9502848528
9066151844
6353536363
9542085205
9966036888
9866393294
9440346661
9666454968
8071889806
8142222905
7680801690
9959494308
8309109234
8790604595
9618707271
9959795292
8297181899
8885286026
6301368609
9492200682
8099984827
9014301143
8099238708
9963344959
9030795255
8807227843
6304945170
8977773683
9346304698
9346555453
7013127665
9849114614
7842125566
9819501256
9553688577
9553726775
8572234746
9848974076
8882659999
9246662572
9849256587
9849506465
9849140625
9393909055
9652263367
9848442344
7989828577
9948206536
9014629005
9396666007
8422965638
9392252888
7995458885
9866409099
9866450546
9949270389
9441265886
8812221544
9989974711
9030183981
9989578030
8790551096
9515777751
9848724680
9494208765
9959281757
8328076626
9963592249
7396563170
9985425149
9573328870
9849446141
9440204373
9440204164
7674038979
9700019232
9550202244
9441290468
8019177334
9030000405
9121242956
6281275015
9949566689
9849222028
9000870005
9515595571
9240222222
9988859222
8897226722
8125502710
9542888385
8143373343
9167318095
9999841766
9391107975
7989248422
8885907949
9966200006
9542495425
9429690338
9948236128
9346928141
7095212222
8466899599
9127430043
9966334451
7075067555
8912556302
6304630063
9491813243
9866161224
8069351908
9849214415
9542045420
7036036035
8341848586
7023991074
6300776833
9966881245
8333865323
9000597540
9440176104
6281206526
9948592229
9133473379
8560270099
9032299697
9652263441
8143729140
9963640146
9966573699
8899992399
8676232596
8500796559
9000421220
8712113747
9989017707
9989948209
8019386588
9849695755
9963033406
8142718999
7799636688
8790108705
8309414540
7013808081
9784649469
7396550806
9346688883
9966988554
8500322865
9441986655
8008523908
9502085091
9966151527
6309692617
7842534524
7032884305
8922222662
9866158987
9705423999
9948857123
9949405049
9985521334
7702871160
9959844104
9490472111
9293406219
9542227828
8842367172
8686622447
9247235050
9666449798
7207999610
6300597598
9182522344
9000339911
9908013444
9866789479
9989349739
8885777570
9849244055
8297649798
9704738983
9603323998
7981958857
9494221665
9014869595
9885613894
8518230285
8186953079
8518224999
9494742277
9533290699
9505619969
7661000568
8886967551
8978398389
9885116602
9052143337
9703150288
9885202409
8500866022
9247537420
9052750759
9949733736
8522001100
9441129967
9440984578
9908652301
9390638838
9849495601
7780597902
8341759968
9391284738
6300533589
8639309359
7075985247
7075848507
9491597824
9963878045
9030009443
9044045782
9642650557
9676762392
9440363701
8801731235
9290440786
9010438228
9885590985
8099555573
9000074530
9237103842
8814222299
7569943340
8855936723
9494799512
7337722050
8645232999
9959010059
9281466626
7660077818
9032448225
9346695799
7569002092
7411669296
9866146177
9949111114
9392703258
9030406056
7675807878
9666595515
9951415019
7013340522
8639714117
9299408323
9298906807
9393920870
6300856617
8801255255
8019943026
9010102024
7981901056
9848492477
9849795544
7981635306
8374767124
9704727219
9948846112
9440195361
9848122800
9133833718
9966649994
9441837807
9848607425
9182023397
8624251677
7997272501
9888905974
8332935333
9395578781
8309422525
9505333464
8106350786
9100357667
9515096495
8674294337
9182313915
8559221195
7036295954
9866999104
9550802831
8019995341
9966606647
7989007683
9052095502
9297201203
8497955620
9959984889
6281917194
8185007033
8897157037
9506065363
7406504868
9553354109
8647222159
9348810900
9177774444
9030118888
9014333315
7993975402
8688883900
8922225656
8367422887
9848810949
8639391711
9701299204
8522859990
8247716768
8919394483
9948230474
9849462952
9985093333
7799599729
7981759201
8331037777
8639647945
9885279884
9581183227
9052253469
9949347662
9030241632
9440759692
8096171791
8048103770
7075984422
8686678630
9966237535
8008568150
9440867370
9440796978
9182356489
8106633274
9059506364
9030853633
9849255513
7382222279
9000974434
9949660636
9550792892
9966001272
9492672705
9000683570
8500545656
8555845656
8885774887
9032577004
9959663984
9948014350
9959461888
9449010143
8019039369
8604430443
9963488152
8985403193
8977351993
9705338075
9666418688
7396333542
7842444857
7842494756
9885730902
8500229520
8096665828
9118005700
9347031106
8556221220
7396247001
8639426215
9390638285
9966661615
7382771988
9494935555
7386346253
9492847485
8886877338
9553487055
9985142624
9573775775
7998033337
6303534101
8008763880
9963366076
6303921341
9052251228
7411274459
7995188555
9010383114
9581224997
9650173156
7893757409
8143189981
9391072280
8688844472
8367441440
9848486761
9100907132
6304844620
8341143590
8688474645
8556220888
9885125870
8790979282
9032099827
9885755572
9100987602
7013733356
6281583513
6302460139
7702727115
9440564333
8801941008
9703130313
8340844488
9440265218
6303646363
9177820124
9491240216
9346469600
8879196609
9032362328
9493473775
9848278881
9948884143
9848424458
7993321799
7989874027
9246911559
9346715611
7285992570
9494178597
9492059545
8309382371
8328247477
8189897463
7660956999
9441139930
9849985110
9440180087
7842242706
9618433999
9666614524
9392309864
9849190148
9182873515
9066087777
9000518757
9030838295
9133559697
8554220299
9121966612
9381331217
8309850597
9281405349
8885573312
8121080446
7702157156
7396115180
6300097157
8518226664
6300590152
9246926633
9440594412
8328171875
9885856393
9701037993
8842302333
8069250510
9849457667
9852018999
9533646368
9346874363
9397902851
9396967656
8333953792
9948366350
9248017194
8645296100
9247181991
7660805999
7729869999
8688158688
9493927345
9866586623
6300703570
7989138168
9491013789
9849520155
8832475536
7981011467
9247033343
6746648591
9951548231
8499029522
9703390717
9951189666
8790860044
7013342701
8019245898
7660005852
9704037699
9441576549
8341189543
7995441666
7981654156
9052666786
8514242299
9398637077
9951326326
9951716888
9848187046
8832441019
9110705130
8892245161
9849733256
9652547671
9398332666
9848029210
9177615443
9440161326
8897833074
9849627339
9000460000
9652146555
9393844668
9491955508
7013736420
9985610224
7569449683
7075493778
9441048910
9783229357
9704522580
9550714037
9491169389
9121284984
9440964589
9177888825
9393232362
9396744999
9703863459
8565978888
8096129612
8885986211
9666650595
7019397664
9493300417
6301248085
8008258488
9849424489
8919728104
9666907601
9010081959
8500007665
9440866592
7569623880
9154675218
8977999653
9492743339
9494118018
8624250876
9989347276
8341081381
9300113091
9490926469
7799817373
8520008980
9440311667
9133040414
9849589716
7036153153
9398569288
6302829235
8099912147
9502491901
8019532123
8500006500
9346610239
9618383834
8106988822
7799663773
7337415577
9493960841
8903023737
9440467362
8632233469
8632119372
7893390240
9494676120
9959451725
7672022784
9030908424
7893225939
9849055825
7893919955
9866494669
8662543242
8985811764
8662423591
9866649389
9398787343
8069264258
9985480944
9700705213
9177777993
9640448326
9908355724
9949405327
9440674082
9700129656
9704620275
6124158395
8295588602
8500895444
9035590395
9121328472
8374415542
9246615866
9491929647
9030907878
9030161035
9949413845
9154775980
9848191692
9908777408
9866952597
8328591817
9440180237
9393933976
7207851364
9848186025
7093458255
9885891444
9959828292
9505200364
8374888794
8985019355
9494840707
8247718976
6744034534
9392906320
9533855034
8106361325
9959956136
7949213733
6744034646
9346888696
9542067315
7299971333
8832479105
9951775566
9346828227
7966245907
8074432683
9494300726
8985981210
9490592922
9440566530
9701061478
7036442203
9100474165
9849794727
9441120224
8562242299
9885858299
9542535556
7981424522
6305536629
7032619761
8639786766
9440647511
9014880185
8106018784
9391581895
9666867929
9666962425
8518255101
8309494913
8856235393
9866499693
8886669162
8985474586
9441351148
9494222355
8074896777
9441017365
7093949426
8838100844
9281412738
9908273762
8143605411
9849985748
9848037385
8801443222
9581713394
9959113450
9849835882
9393793444
9440331922
8885326326
6744034333
8886660628
8612314699
9100070931
9959431313
9652812001
8886653000
7799033444
8639601475
9700422869
7730940410
8885088281
9397111569
7989372717
8499975593
9100169846
9949134895
9866709101
7057019315
7075896644
9840305574
9703361731
9441877476
8919715769
8632214990
7036470152
9966889392
9044471777
9533667786
7013198399
9949156430
7416206062
9666742225
9989611607
9441808303
7093320366
9603497523
9381812909
8367365969
7842629335
8186998540
9494767402
9848117211
9515008009
9347435151
8341340099
7702503017
9701435465
9908071600
9700981951
8722214222
9704840443
8054359999
8985901389
9492524216
9440969229
8688899984
8662418229
9885876312
9291591039
8125111555
9182040043
9014788826
9573202910
8985658967
8062915383
8976896944
9948870187
9490171774
9032128496
9381350332
8178799819
9912345016
7075320275
9441086901
8332963429
9393439143
9440870330
6300375165
7993480851
9908506700
8978681089
9396623143
7337527399
6281022311
8626244388
9989915589
6281779242
9849633673
8712908584
9859595939
7382222585
9394353555
9849667781
9700038895
8247033286
8866619995
9888355564
9492766246
9100129126
9440006047
9390707577
9985852611
9394100548
9490775725
9848411784
9550674400
7097882953
7989857645
7022151645
9030803187
9908522521
9949444119
8772240098
9121139980
9642940241
9505081302
9625456789
8801269190
7702087713
9848445320
9948373969
9703824818
9949466326
9390914411
8008818753
9849032028
9849031306
7842437777
9848030529
7306582829
9703179888
9440105343
9032155500
9916677709
9849010215
9912356160
9666743338
6309472746
7416667884
9490364656
9494931243
9700027541
9985860888
8885552020
9848546456
9160374211
8374553888
7382077666
8008929929
9676504898
6300012573
9585558557
8712328159
8062858999
9030755244
9533728143
9948046573
9491973335
9000874400
7337555907
9493425710
9052348329
9848107744
8648225222
9848060888
8846450308
8004257662
8846601111
9908990463
8002089898
9000960852
9866170286
7306221133
7428890138
8666622524
8662498975
8562243377
9000288989
8912891005
6305539831
9705451537
9581427546
8062914433
9160666166
9703006094
7013072355
9849773203
9390037967
9116165656
9444330532
9885821143
9397693999
9849590298
9677114129
9289062308
8612331323
7799599917
9293958458
9493590999
7303833834
8062914447
8555821899
8121222788
8842372780
9848187030
9943556863
8071404908
9392933395
8812223223
8812222744
8185857878
9160599509
9959242419
9848451381
8125184196
9000557513
9989117772
8832471266
7259852526
8518221900
8142912777
8062914146
8125111672
8592232010
8297649223
9703545391
9440392267
8562222896
7780673930
8886657989
8897058365
9666626645
8977930916
8562242362
6301845740
8062914358
8562258333
9959127327
9395382505
9052090165
9848114784
8672223626
9440423534
9550077677
8096366053
9898989898
8062914392
7330292466
8644228067
9866273040
8644467660
9666248989
9154215011
9966577344
9848232040
9989035306
9290206915
9492505708
9948852777
9619085842
8929210979
8062914109
9642850396
7010082891
8438584385
9030176699
8655605625
9959895974
9109099665
8179387788
9154148893
9676067218
9542066166
8639084322
9490535553
9908087629
7090900969
9963676369
8812355712
7013907062
9866711087
7997898931
8922233313
9848125201
8812220448
6302422456
7799889915
9247596666
8897070776
8121433374
7075441488
9886810326
8062914031
9963846670
9618953973
8978207898
9799337496
9490998800
9160542395
7416966699
9426441234
7095456150
9941414442
6300688928
9494606024
9963141251
9505647069
9398588155
9000956502
8500085497
9492922233
8885556804
9951462666
9603082337
9293126882
9295033786
8929083596
8062914053
9989496525
9440010474
8184811821
9885003314
9966055007
9490880129
8555856434
8912571772
8465885194
7075498001
8846688001
9966333323
8572350005
9100552644
9247388917
8062914151
9912642406
9885418093
9948820489
7331134411
8074222192
8341067919
7948234588
9392205045
9396579579
9985322423
9491413444
8008998889
9494224700
9494234833
9912213366
8978530656
9491154533
9703231218
9290875448
9440187900
9246677225
8672222674
9848837755
6303471937
7901213786
8121742174
9966500868
7337030733
9885192368
9295007127
9553673296
9030309426
9441246073
9849203371
7670917171
8328036206
8978064808
8341108182
9666588592
9182147453
9672906227
9949331234
9948823459
8008999524
9100956577
7659944447
9059025786
8924226823
9642929998
9912347322
9393469494
9849649071
9948514399
7386464003
9701094312
8647221123
9849003062
9346728547
8247888208
9000999832
8500215255
9490048195
9985951118
7981054609
9000340533
9885558680
8099050606
9346434466
9246477087
9290618094
8647222289
9440222370
9963874932
9160234449
8686120919
9397172143
9036450540
9440031996
8556220760
9440949198
7659017773
9059966122
9701476467
9393902000
9866411176
9885253059
8657568824
9704945117
8106137555
9390759393
8919031547
8106252392
8855233008
8309848325
7396623456
7842399304
9985029994
9848896669
9032516325
9676329787
8686219848
8523853799
7815819812
8447835812
7780165054
7337448275
9494245846
9985198204
7989698300
8985853636
9290926614
7993573232
9640491491
9000083738
9494911921
8985868549
9160164916
9493083073
9866711925
9849835750
7942799565
8074152984
6309727799
8447925965
9949701225
6304029486
7396927103
9705047973
9966134349
9848327654
9290445693
9701487757
8977777389
9959933855
9494054554
9440161107
8179608777
9642877786
8143505616
9110586064
9295656456
6300473470
9390191272
7306463800
9491926789
9985600019
9177756789
8571220643
9297869297
9391277817
9515820935
9988993789
8907671111
8885797326
9849973322
7386690008
9490213339
9000146709
9912318876
9533372222
7306679999
9966869616
9810734735
8062914438
8855233603
9705505160
8309531183
9177717769
9888455521
9346265817
9100049356
7989392676
8500772333
9908893100
9052260999
9701231056
9440649292
9390839040
8978819815
9440896390
9885187336
9182674468
8886992021
9248071736
8645232011
8688755200
7330774418
9398394514
9494917018
9666652529
9885987525
7036088609
8333822288
8019191316
7799991183
7981657720
9393932899
9491288004
9177891888
9441353180
9491497606
9948818014
9066560560
8978777573
7416663360
7569765999
7207382666
7989292784
8977718274
9000019971
9014688111
9949688622
8942353676
8048794682
8062914161
9014302862
8501005394
7671013464
7396960085
8309385853
9703832038
9885804630
9703508405
9951690021
9542297985
8922234234
9121595820
9848876420
8963221200
9247173088
6304004810
8047136424
9492767423
8247307094
9319374906
8897156444
8042303645
9949105757
8062914163
9703020100
9154622075
9494136633
7702905544
8925848135
9493254477
9381340842
8125503146
8106112929
9703190056
8500940780
9014779815
8125720518
9032601485
9398533188
9618436939
9441912244
8019963657
7386425616
9885280153
9885636663
9492876943
9393414023
9030383144
9885284962
7658977310
9393096659
9885889410
7780755502
7382378664
6304431377
6304169866
9100601167
9603403266
6309799519
9133505298
9247810983
8247067433
7794979677
9912969008
9966598812
9160699006
9603132666
7382307863
8884755516
9133836396
7799371133
9398733840
8985871216
9182142568
7382159786
8978291191
8639844099
9490302568
8464938271
9642406993
9052225782
8578223256
9492025890
9491121157
8886878475
9889420770
6303693397
7095124932
9491371915
6281097656
9133833444
9100699006
9390085555
9069024999
8498922140
7995530836
7382174786
9515296763
8585859411
9502674145
9030214339
9441592705
8754459245
9591953105
8317666526
8988982211
9848612556
9885941777
8886960526
8686010042
8886665146
6300912212
7989671929
9640676999
9440380322
7893738401
8499888872
9491724188
9490200912
9666586006
8520926057
8564295911
9963749987
9866971329
8096613824
8374568940
9154005577
6281811015
9848269116
9573536099
8555808064
8886311163
9494757897
9491374189
9849810668
9848137255
9989710889
9372763078
7337550888
8596222667
8519806711
9985076888
9032264666
9640117788
9542742227
9966002888
9701845777
9618296212
9381915075
9502832180
9491751026
8624220005
7997993412
8977955410
9010521072
8041017609
9966010555
9010808899
8041017543
7659998658
9703102888
8500882732
9848293636
8297061555
9849508723
7619556055
7330745888
9481021287
9885306348
9550252888
9985931555
9866768407
9491869569
9700093932
7032739555
9030313660
9966377650
9014111188
9059980500
9000858212
8048740450
9030525952
9505822022
7418677736
8099957143
9550498997
8812226922
7403403444
9666467665
9533503233
8041017565
8041017566
9167102153
9246666465
9032678222
9347580158
8048740429
9866992299
9494931165
9182982734
9985707671
7674969098
9985417411
9849465017
8885033351
9000297091
8044464305
8772288146
9963313961
8041017586
9000198328
8247585818
9966255888
9885179264
9959587796
9849163839
8500182010
8041017617
8118988462
7399974474
9233599169
9311946301
9862282369
7002717483
9612594964
7629081733
8732041429
9854234669
8258884745
8132945722
7005017441
9233097625
9233788944
9402222110
7640808533
9863743501
9402278141
7085947057
9362102700
8415812178
9436057700
8132012970
9233450423
8414969545
8729950783
7085441871
9863079170
8731046566
8794824688
7629985333
9856390682
9615109898
7005035426
9954546890
7002891847
8259030353
7630808166
7085722608
7085672047
8486239959
8413985364
7628083142
9862539890
8118910383
9436007524
7005662122
8062358993
8974141101
7628858538
9863445136
7413926777
8809936996
8794223209
9233431410
9602999028
8794482684
8256004777
9612200716
9362788420
9540698458
9233934484
8730045461
7627997316
8258827576
7002444285
8798050104
8798600994
6009200041
8132935458
9362865501
9678587588
8787673640
8413945544
8415865379
7896188200
7005674003
8822594090
8982884755
9089123774
9615033753
8256934855
9774626564
9402677200
8118916085
9863356668
7005059481
8798048398
8258988735
8415858778
8794460383
8794652253
8729929432
8413893931
8974754856
8729945110
8837479177
7005647229
8731057177
8787628143
9436043393
7629877444
9101153716
8259903281
8004005093
8002456033
6909667822
9435412860
7630832282
8794196502
8258993883
7640847384
8413092787
8413999418
9436684137
9378098057
7085456307
7699002674
8414038100
7896688807
9707476420
9366266396
9612218081
7085160806
9402071827
9402607640
9612431559
9612983405
9856187143
8731084319
9402937401
9436288002
8794633154
8328154596
7654501160
8008908588
9402055159
8486792637
8729838891
7629821239
6201391185
9774882199
7086954300
8787612980
9233097394
8837446026
8259080787
9233642917
9402477544
7085424040
8798850526
6909738965
8729984528
9436634290
6909702243
8413009886
7005119291
8257035089
7085882014
9612502629
9366346932
7411330903
8414984930
9612813435
7085499684
8798866759
8132892771
6909423206
9862920770
9401069606
9402869201
6001233123
7640954648
9856084271
7005775727
8037267116
7895588920
9717001309
8794761590
9862654882
6909755443
9862599238
9436041933
9077369571
8794343537
9612529484
8414821446
8413005889
9863427584
7005309910
9774670309
8974386647
8067612360
7005470318
9233567678
8047590451
8415072797
7005234976
9401948421
9436229701
9365222187
8731826926
8730932221
7630816313
8119053833
8929207291
8822110464
8731908643
8729946999
8974548323
8721879246
9863200590
8071640485
8974920890
9862193380
8256973795
7085766396
8729938650
8415848455
8730939492
8415976304
9233908533
9863360156
7005108481
8258938230
7645021118
8732809313
7085223845
8795765059
9612651067
9612608104
8317473231
8071629689
8837270611
9436044197
9799923528
9436677255
9939449355
7005642690
8794236321
9436631237
9862358429
7005181657
8071775015
7065012902
9366126714
6909763826
9764052112
8069575000
9383349758
6901641414
9436863401
6000132651
7005212927
7811990446
9774545587
8730818108
8472952723
8505803803
9402990932
9282896969
8730028303
8414994563
8730922526
7629916413
8062646631
7002072461
8730029629
8119062046
9436898629
8729948235
8787833912
6909158427
8798053612
9362921755
7002369239
9233997178
7005046841
9383105826
7085431227
8415076121
9402994130
9366286642
8731903129
7630824729
6000318422
7002744967
9366924903
6000058536
9402277771
8257957163
8291182587
8750305020
9402877876
9365442215
9436631844
9436239389
9435036542
9435569704
9436049097
8798024504
7005465090
9774645275
8348728437
9905638073
6009165349
7628011179
9362921112
8977539976
7628901052
8119004171
9366937877
8133041275
8062277768
6201760532
9862643693
9402221775
8414807387
8471014189
8787881181
9097728909
9402073959
9436043130
9862651991
9394546730
7085825235
9612433363
6909756744
9612123976
8595450450
9402929823
8132861694
8259093157
9612447003
9365135265
9888992456
6033835365
8798338069
8258099473
7629957167
9612677608
8794015076
7629058490
7942725617
7629929080
9863722537
7628936244
7045088617
7205422142
7757000000
8837451605
7085221922
9612209981
6909321002
9863858284
6909447215
8787481327
8123841002
8119090484
9821804976
8259079115
8974422274
6909172542
9008763440
9954250672
9366288484
8414822209
9612751855
8131909433
7085545858
8794994491
9872449948
8798672220
6901145009
7085295229
9958598842
9953658779
9383368570
8910076013
7099145499
7629848958
9517710625
8486253485
9774748828
8258021819
9383345207
7005453474
9006415700
7628925885
9436045765
9402060735
9436873321
9863301343
9167994138
9436413314
8730973460
8131820432
8731941935
8730982721
8119024119
9856605126
7628039015
7085688757
9863748457
9362352583
9402007104
8794404072
9362957165
7629918364
8732806765
8822015869
8730803390
9383328564
6033838021
9774799828
8974954810
9819170361
8974126262
8974101315
9863014616
8798126184
7005893603
9856843968
9366486220
8798411069
9436254125
9774185577
8415814993
6009392730
9862625841
7005165578
9485231286
9862335354
9101285738
6009194639
8132800865
8798542182
9436898774
9267918035
8638985478
7005212400
7005101152
9612185252
8837355309
9612528810
9402045192
9436408637
8638977183
8131040050
9436056071
8730998812
9383295188
7640082448
8588090807
7628933191
9402754183
8132012282
8486791455
8860385761
8794876491
6909745058
8731928754
8794733935
9362574640
8131817076
9233728474
8257993288
8976793102
9366124858
8062914394
7827939033
9366657358
6909718401
7208917135
8798961676
8413999569
8119852006
8787735317
8042535504
8787892784
6009223147
9436630516
7005106536
8258097180
7005226537
7005786077
9612751859
7628928150
7628812464
9436427922
9162381507
9233568345
8132981128
9619032252
8798866013
7002255411
8415074315
8119911908
8134861081
8787622134
6009159850
8798047979
8473908701
8415971057
8929157897
8787462986
8049367832
6009760453
6909421195
9862548175
6909622908
6909420473
8259070850
9378068998
8974967132
8787801061
8729992449
6009134906
8837083511
9362575497
8402017159
9612788808
8258850799
8119842781
9402712264
7086792667
9366172637
8798961189
9436014990
9856571203
9402249725
7086822800
8732824052
8898731499
8794688893
9678579675
8638206096
8259049915
7002029334
7005991595
9402957302
7086419400
8167692041
9387548908
7002058202
6000475660
9365946400
8011271432
7575950003
9864834684
9435746047
7387475486
9435014693
7002845046
7002714369
9954556972
9864175110
9706746279
9613159668
7002813955
9864210495
9954751863
8822938967
7337885262
6001069229
8638722574
8486119539
8486163717
9954684922
7002312238
8486330964
8812069145
8486808582
9365452365
8876909172
8011680913
9954303765
9365050380
9101398856
9435846733
8099340360
8011857996
6002405509
9954249955
8237784220
8638683445
9678082491
8486249925
9864183092
6901474499
8011397192
8876262291
7896805776
8135846467
8876962994
7896513626
7002311923
7002974770
9864377658
8811045865
9859971447
9954829016
7947165318
6002620081
9954736527
9289922727
8638993289
8638829654
9395961379
9891564622
8011128257
7002617504
9435044292
9875370663
7411959628
8037839443
7002063455
9181860511
9678523754
8638061914
8638791021
9706668676
7578087120
7636015067
9706165590
7002426238
9365288269
9435070738
7605850733
9435070493
8402080886
9678064500
9859905173
9365009083
9954110385
7002505482
6000074852
9435081856
9678043978
9957038466
7002871633
9612646991
9706160542
7099646554
9365846490
9954441590
9365049361
9365190327
8071325765
9127826826
9954996308
8472812681
9854016747
9854060369
6913817204
7002043811
8822664400
9954250476
8011744331
9957132421
7099189321
8471892554
9395405108
7002922651
9830036331
8812911298
9435015057
9859941044
6002393176
9706012629
9706432846
9854154509
9706771104
9864972096
9435150854
9613756544
8876385474
8724875473
9395713803
9613034235
6002348850
9127868136
9435887987
7635990714
9435071014
9707624042
9957453637
7002721227
8506064181
7002136608
7002618168
9854982121
8638082502
7411781196
8822462855
7002976794
9954440122
8071629975
9706321335
9706006842
8037839389
7002755943
7896849391
8453047619
9395406005
9435754461
8779338621
7002341140
7576862499
8062904654
7002131213
8472848208
9864762453
9435127100
9954044600
9864858237
6000120535
8822579096
9395115595
9957568259
9435035933
9864354539
9435044598
6000981707
9101919717
9864437293
7217888043
7086589109
9954425651
9193759655
8071629331
9395639741
9401369987
9435018838
8256050972
9435171449
9706585420
9435376484
8011002949
9678256865
9435021225
7002641131
9678109385
9706430986
8811096395
8638836853
8638489842
6913349749
9435702729
9435030376
7002023858
9365775610
9435341555
9435029874
8638978550
7399051141
7086377035
8723031166
8002095678
9401561851
8638894669
7980169014
8638943200
7002683674
9854225594
7002919245
9435117379
8011959088
9864518219
9957642865
9864582586
9954383933
9707602137
8638227428
9435037936
9707137450
7002814759
9085112349
8133875728
7002041044
7896503845
9706907133
9101377719
7002043674
9678973572
9435053760
9678377774
9954564336
9435131612
9706967139
7636034478
8876964151
8011120191
8876164484
7086719741
7002450833
8099198386
7002804843
6000714841
7002612913
9706036257
9435053902
9167797065
8812099857
8812993610
7636815166
9954807195
9101922327
8638923635
9859343272
9957067723
9401910053
7002577258
9435326720
9854337650
9577449810
8037908062
9435861048
8099871800
8723054717
8638001751
8402937093
8811033037
6900298266
9085582331
7896326257
9864081643
7636885300
7099078880
9864063410
7636043024
9435500474
8638750225
9954355067
9678137398
8071499779
9101456047
7896605582
9707755579
6901484084
9706440801
9365488525
9864971380
9101173336
9988118077
7002393279
9435080571
8876256964
8638033549
9435083689
6900525308
7002799049
8811034502
6003762926
9101756294
9706934551
7002732659
9435515751
9678864610
8723099781
8822011115
7002804780
7411959323
9954056775
9706825595
9365169812
9101226296
9394987770
9707528239
8472999088
9954190326
9101415525
8638048807
7636065423
6003900582
8812023778
9435667171
9365530995
9954026351
9909946083
9435845644
6000649557
9365014447
7635993170
9957393491
9365178494
7086445537
9435472771
7002306653
8723852427
9365336557
9957941814
9613333349
7002029706
7002041990
9435458472
8822490291
7002201464
7002007653
8812989283
8638033783
6392442312
8822131933
9864392731
6002133963
9854006504
8879975090
9435094836
7002556964
7002619671
9706875542
8071935428
9101714109
9954305360
7002284643
8638110087
9854727821
8471822111
8638695485
7002381211
7002907267
8638019537
9706116405
9864567416
7002296502
8011151717
9707755622
9954450599
9101040048
7002832589
9864753276
8761872125
6002091017
9678017888
6746172455
7002786025
9101456875
8876650475
7002599485
9435162428
7002351729
9435123520
9365320057
8638809783
8486805350
7002071984
7002812930
9435226327
9957854035
9707659232
6001888010
9365023480
9957545886
9954457803
8876816221
8062916915
9435255867
7835076251
9395016864
8638356161
7002312490
9707075100
9797839578
6000051141
8486544922
9435829075
7948232994
9863280702
7005806308
8876527277
8402972272
8071407887
9706545471
7002603253
9577252675
9954067116
6001677293
7002316908
9435745509
6900503820
8071325763
9957967686
9954019311
9954019301
9854438896
7399194092
8133893335
9706003495
7002065476
9435205762
9864532436
9365164018
9864141250
7002084939
7002112056
8254034262
9864741544
8638079820
9435185528
9101051070
9864741276
9372764636
8473818025
7896919355
8011661379
9864128575
7399897481
6900110413
8638134700
8822628624
7399004550
9435020037
6001480338
9954829833
8011414459
9435084581
9101552550
8638983687
9435051668
9167925927
6000683405
7002219772
6002639700
9854028009
6002624632
9854252236
9395661197
7662027224
8004251199
9435357495
6002278092
9435029486
9395541072
7002211261
9435002423
9864446976
9365031955
8135084402
9854131306
9350490367
9859640360
8876496924
9435388046
9957744814
7002110182
6002091770
9101543031
9365093680
9862228577
7002401296
9678387164
9864984600
9678006793
9101615383
9678007361
8724960686
9167782629
9435322795
7411781200
8638603032
7002218732
8486821257
9707719804
9435276628
9365804285
9859594815
8133964846
6003886285
7002507435
6003999427
9435355606
9864096488
7002502029
9954468410
8254860687
9859012416
8811040453
8011214639
9435074999
9435451670
9954664424
9864150610
7637002152
7002657277
6000653056
9864319609
7002214119
7827049852
9435529547
9101599835
8638541262
9954056636
9101236170
9577090242
8134837332
7002381401
9613301078
9864057351
8876420899
7002388463
8811833383
9859131315
9365693261
7002335727
7896937331
8037537686
9678921289
9954323198
9859011755
9864011101
7086059050
9800096060
9864510752
9365746895
7779992886
7002381703
9476618299
8638277031
9859655346
7002262547
7002335054
7635999418
9954273260
9954740427
9287998512
8638799393
9577578717
7002083119
8099260754
9957962477
8011728190
6000417094
9387879594
8133927774
9167236084
9435189505
6901436491
6369200105
9101285045
7002972502
9365899109
9954242057
8486336775
9854009009
7002084112
8822623363
9101167740
8453399459
8876279945
9401152586
9435070277
6003340409
8474069339
9436103607
6296040012
8453855501
6002778983
9706040067
9101705015
9435095190
9101261118
6026026020
9167938697
9435081667
8403846830
8011235327
7099061396
9706911328
9678672454
9435021729
9365497005
9365848945
9395370466
9953832735
8402074220
9864406322
8399927822
8011004801
7002710433
9613341507
6901394590
9706964242
8471866205
9435064250
9678074406
9706299331
7002212567
9435015763
9854021162
8822604300
9435088622
9678729550
7002510247
7002072057
9101088693
8069840333
9101208744
9582340673
7002369063
7896619891
7086640436
9365194432
9401805330
9678292350
9706114928
8638164665
8473085929
9167086485
9954189489
7002601967
9531373430
6901646744
9954313272
8723821276
6001575429
7086599123
8037016305
8638754213
9101325849
8876411701
7637052090
9864781466
7002399812
7002347394
7002690290
8048794632
9127061176
9167236193
8453599367
9864361202
9365951541
9954488915
9864188725
9864141194
8473964801
8876785416
9435087013
9401800792
8876979849
8638249423
7002901844
8037517851
7002028157
6901825608
7002596228
9864365699
8181810318
9401877770
8876297908
9365349775
8638131010
9435178178
8471947712
8011684484
8402990712
7489901768
9085848482
9435609990
8071325941
9394884776
9101252446
9101217689
8001801961
8486098999
9101051016
7896622950
9707051596
9167109177
9435025455
8453126665
7578998599
9678960249
7086647020
8720907097
7662060087
8876512795
9864593359
8638613415
8638212368
8638285837
9706308036
8486816960
9873547282
8403927844
7086204611
9864031115
9706946757
7577036009
6003295802
6001056762
7002722878
9864793392
8553641649
9435078636
9435016097
7578091795
7002249506
9613860039
9435027710
8044924073
6003952135
9365449879
8472911981
7086822774
7896022252
8876553605
8100832837
9831033390
8486815003
9706323580
8048794483
7002515839
9365806659
8011266741
9147097168
8822859287
9854338160
8133036919
9233313592
9435101209
9859219676
9167782466
9508393937
9864140081
9101085182
8876565001
9954374365
9864062707
9706345056
9864546058
9678540732
9127009148
8011915458
9854068858
8921895045
9957444434
7002336760
8822757840
9718752776
7099899764
8720950836
8471936950
9864546681
9435478790
7002366970
7217888128
9555058220
9864099477
9401957903
6026990969
9864114608
8638285425
9101736198
9435005259
6001055081
6001452384
9864575299
8200198381
6900560177
9401972727
8638781841
6001108906
9954177168
8135005516
7002696929
8822882266
8638323745
7002098011
9613236463
9971143002
9957982474
9864071376
9864709697
8010411640
8811830565
6002368421
8752972718
8723039405
6000173335
7575972286
8347863383
9435900313
9401914830
9864077172
9854584868
8453558400
9435035412
9435062559
9818028960
9864812040
9864040045
9101807091
9957557994
9365576359
9127885670
8876513754
9643803629
8486134115
8048121230
8073086651
9435135089
8486036730
9435649697
9859380500
9678251004
6001556550
7002860218
7595824328
9435412127
9435035483
8011113478
8638618867
8638986028
7002072803
7002354302
7002271842
9676803958
9706035596
9435886637
7002941879
9365632407
7002300216
6376197311
9864012345
8486987980
8062289116
9167236354
7896015194
6000567522
9401366088
7002283504
9954396612
8474800440
9435208992
6003629642
7899922962
8471982340
7002092008
9387117903
7002512491
9147741207
7578951367
8048104721
8976844386
9206110105
9287954076
9401001114
8655630846
8822146357
9508811194
8402956968
9613743546
9954366417
9435168110
8753964947
9394100734
9706037229
7002472589
9707159919
8811965384
7099026912
6026032035
9101847343
7002702216
8521438530
7002791504
9395337359
9706216661
9435036346
8721081389
9435139467
9864470384
8001036030
9435233166
8929759616
8638672782
9101001658
8812034781
7021986899
9678849565
9395180951
9101205228
6001470157
8037002416
7002063733
7002232049
9435325631
9864697457
7002300380
8486476703
9798342322
7002130602
9706500308
6002388785
8638552175
7002729754
9706975012
8638056759
9435736118
9207355640
9954384667
9954910703
8135028661
8638340253
8822070581
9864738179
9864123749
7002968903
9957023038
9678368478
8822502525
9954331489
8135961536
8447122439
8402961072
6000727202
9435943300
6000631643
9101051623
7002405893
7002923589
7002521903
9864387140
9707775000
8473869526
6901967224
9435035293
8876565005
8011253102
9101547227
9401883437
8638734479
9954230812
8042300975
7002447965
8478881698
9613044877
9101138213
9401491476
9085825505
9321004825
8638387211
8011269979
9707773432
8638052770
7039002133
9854108866
9127753905
7002715200
8473993080
7002826859
9954923557
9324805191
6000490150
9435293934
9954070249
8069199817
9435111566
8402807234
8403993969
9181082366
9678768026
9854089163
9957202161
8638023173
8721043024
7399055525
6003863879
7002276223
9435239564
6003812416
9181012194
9435176055
7002443314
9435071459
9957448551
9854698719
8048794796
9969221018
9864939919
8133941647
8638150946
9678084481
9435658375
9854726366
9706903599
9101373827
9854072268
9958839303
9436100121
9859933092
9864092048
8638083941
7429139869
9706483691
9435042076
9706341859
9854105822
9435197462
9387123362
9864055240
8876371871
9435016110
9864327042
9706738294
9678008688
9854638874
8876635836
9706080228
6901348123
9531017620
8133993179
9101172314
9957331182
9508530269
9435126656
8048794708
6382194819
9678211878
7001800105
9181885436
9957248951
8486265153
8876678574
9707112000
9954487319
8638200062
8135810961
9365114887
8638917633
7397095711
9619885653
7636081150
7002679126
7099598638
7578008005
9830640004
9678401932
9365598730
9395331873
9864952493
9957651453
6002991161
8638957319
9954382492
8638346250
9678056025
9854643314
8638894776
8638126196
9435323114
9127010044
9101112972
7708015151
8404014995
7002321108
9957123501
6003509312
8011591844
9957181929
7002514782
8134067358
7635895125
9864223172
7086832609
7002691744
9085366819
9854242918
9707648703
9864141033
8638559455
8133810814
9864767066
8071264001
9218101677
9954893715
7002197130
8927753318
9706485170
8638395780
9707785767
7002702544
7002301995
9678794838
8876889977
9401407128
9864766044
9101693643
6900377078
7604006354
8402964388
6003369497
9864364159
9435389825
9101474832
9678863743
9864232443
9365314607
7002295558
9435053877
9394574392
7002368423
9101866640
9830634556
8638090554
9507176135
8822666444
9435101433
9401689062
9864016070
8100738987
9287951489
9864218442
7086750909
9101866533
9854449449
9394020122
7576096325
8876728527
9741187827
7002604403
9435809039
9395825499
7002267462
9854162712
7099023434
9706905062
8486139810
7002923822
7002256039
8134805488
8876450280
9864051910
6026938971
7002871037
8638139445
6002521532
7002656906
7575901298
7002868297
9954122762
8453542480
9854026353
6000971168
9954065132
9435729125
9435095689
9577126943
8876006559
9864049254
9706096191
9864820942
9435019357
7099026842
9954251995
8486819723
9707077188
6292300585
9395807784
9954971275
9435736602
8399913123
9954485390
9127321329
9101583799
9085875469
9706899892
9435544440
8453705603
9591972785
7259672680
9319995347
9957896037
8486121228
9365276313
9864204814
9435076822
7627953411
7002565995
7002029895
9401281375
8638730704
9435108236
9954012626
6001588604
6913649961
6003898533
7978115561
8723974834
9864099919
7002954340
9435398736
9864142448
7002262857
6901463131
8721037701
9854412903
9864011792
8638190724
7002831003
7577846733
9954621537
9435088812
9706111111
8486024166
9706663277
7002556614
9101961002
8876348673
6001447170
9864894034
7086270020
8822495374
8071326883
8638293380
7035430001
8167541947
9101932224
6000390814
8876179806
9435008662
9435168254
9401069901
8724823280
9365964757
7002536983
7896409311
8011199650
8135019018
8472089961
8473990900
9706545445
9954635971
9854869880
6000051429
8453078465
9954960034
9577750571
6002386283
8042300684
9365077806
9101026137
9101246567
8011760028
9435206210
9435777237
9854189951
8638387160
8822609630
9864490870
8240576150
7002491247
8011688401
8822533066
8486331244
9678655099
7896138397
8638300149
7002516802
9707341153
9101554767
7099003169
9954734855
9971620134
6000847202
8876812480
9241941296
8486372086
7002405139
9435054056
9678756147
8822476052
7002050995
8638535265
8638518208
9435128640
9864105042
8402098999
9101670314
9707812773
7596072377
7002115710
7002875944
9435088735
9101132303
7002862988
7099510012
9678943491
8011951232
7099785385
6000765489
9435233424
9706283321
7002439714
6003306277
9101687534
8071640179
8403852909
7477788168
7002055054
8402025053
7002549419
7002552194
9101094726
7002446485
9365987434
9954836711
9085481811
7002837152
9401932242
7399304561
9706237037
9864250999
6002027590
7637815335
9954143390
8486505126
6000891083
9435152251
8724960636
9678434415
8011526735
9435065216
9678382435
7002537872
8486355607
7099294934
7896760917
9706256680
8037150000
8472092361
9393917059
8486214111
9706024381
9395911250
7896642230
9101544868
9954447099
9401554616
8638752118
9954375324
8638165714
9706602293
7636022244
9954012074
9577013338
9864190845
6003238853
9435599944
9365773939
8402096509
7896219972
7002105625
7896032347
7636909444
6026313035
7662934461
8134035333
7002034507
7002751942
8876015466
7002301382
9101543154
8037267207
8721937386
7086679336
9954484066
9435158456
9678479408
9707506603
8876947101
8638249025
9957447303
6901251717
9101849540
7002913140
9706039084
7002802695
9365751265
7896043312
8011214894
8454955555
9864425430
8638660341
7086283073
9435474808
9706144218
9365191979
9957563903
9101744081
9864256030
8486420227
9435726133
7577992901
9435618915
8721914978
7002509424
9401349494
8876220425
8876695712
9864062166
9401916359
9864379191
9864458976
8486659030
8638779638
8453913039
7576097257
8011022535
9707663756
9365119524
6900653952
8135984189
8876634559
9449889624
9401714122
9435071030
9706426574
9435173661
8723823463
9101656476
9101107790
8011227460
6002808589
9101958942
7002231432
6003212785
7002870198
7086497192
9435032625
6000143708
6913346466
9957891673
9854244236
9957053697
8473908372
8638873118
9435132807
9365498787
8638567528
8069156703
8638579494
9954011312
7399087874
6003424739
7002322160
7002719992
9957177109
8638445350
6913332761
6297216803
9864762909
8486034810
9167144345
9916338593
8011356974
8011230958
7002382338
8011087132
9954329549
7577062553
9864154565
9181081043
8638061811
9435494949
7099213901
7099063700
8822121048
7002981516
9954190205
9731134174
9085478716
8638713964
7002231038
8133920081
9613394005
8135996800
9435138270
9954639228
9435875025
9954037895
8822170186
8011621186
8045873943
9365812212
9435071485
8471822264
8638991768
8876332050
9954266275
7086706596
6000920970
7637952512
8638750748
9435033922
9435034012
8011815622
8822997070
7002815659
7086319632
9706183199
8638014031
9435091544
9435091640
8011538618
7635806471
9435090293
9862849067
9435092139
9706241465
7576846163
7086513281
8876332696
9706994332
8062844170
7002809182
9126488292
8918779218
6001830789
7002825460
9864363616
9101794297
6000370770
8071629805
7636889486
9957137563
8638529745
7002346569
8724968143
9706884638
7002789368
7002683072
9954014221
7002880112
7002822514
8638137228
9127096939
6000864965
7002818618
8876994503
9435061011
9667242243
9435051017
8399883117
8486574572
9435782568
8010680818
8822115441
8876712628
9957689472
8929335947
9903619637
9101482611
9366283209
7002984989
8794057020
7086150745
8011407773
6003653975
9612574461
9678099568
7002332063
7086791169
9706996896
6901299599
9957491914
8069496716
8135934797
9678079661
8638129609
9957075630
8340321752
9707160930
8822011215
7002817797
8474836780
6000540004
9395445372
7080601376
9101689048
9395986488
6000746361
8876905683
9365251804
8011446603
6003367116
9101084490
6000462833
8822164805
7005289882
7637801245
8638044937
6001281166
7667931267
8638507015
9365290963
9387467674
8876790351
6002610318
8638072616
6000715526
9085345735
8638384965
7002742321
8724040929
6002839905
8402082321
9864369696
8724872895
9395038403
7399410657
8011716300
9435322426
9957111429
9706482398
8011335591
9854624231
9230988063
6003606979
6901640279
9101745200
8135013775
9435666777
7002563175
6002671703
8099554765
9854081948
9101630166
9435026585
9706233498
7035549676
9864086207
9147100675
9435519366
7002509365
8761865300
7002097218
9435649701
9831334567
7002825442
9954148386
9957979020
8811851953
6001224185
8099083250
9577427370
9954650369
9706438061
8876206109
9706239094
9435026838
9101197909
9508769787
8638152861
7834868691
8876011458
7002020083
6003985481
8794772192
9476712247
7099940590
9678587549
7002502795
9101158857
9101213707
6900834462
8048103337
7002052472
9957992615
7578002645
7086335388
8876579642
8069351660
6901329678
6000891057
7399302753
7002339015
9365930018
9954532640
9954487972
6900686823
9395177758
6002575954
9954654065
9394606820
7896862003
7002175093
9954361908
6746745866
9508812127
9864062993
9401606990
8071963572
8037150384
8724847410
9954832661
8071326449
9435137070
8638573677
7896054082
8403886063
8011733624
8811968640
9395689330
9137541260
8638021151
8099174720
8471916145
8002660123
8822306589
9954559738
8399049966
6002769235
9311453632
6901367415
8638519873
9101153547
9864068373
8011404385
7002648256
8134981439
8753091106
6355109813
8486975892
8011003225
9435110851
9859462046
7217888041
8638997196
8876068512
9957047243
7002498521
6900922155
7002059384
8133023889
9706370352
9132213852
9319697762
8721929363
9435089972
7578942157
6002539722
8822474132
7002854742
9401835218
8822358146
8822880888
6001383232
8899164600
9864028600
7002525833
7086354062
7002908129
7002314226
9101696949
9101499207
7002306551
9230775834
9435081989
8777501188
9707656422
9706011836
9864233444
9957999854
8399052336
8472899063
6002816499
9864548441
8011339543
9435076127
7002533250
9101073603
7002770485
8822599194
9957069702
9706054505
9706103175
9678419708
7637906431
9435134451
9864032866
9401779096
8486051962
9365248113
7002474967
9101127759
8472969380
6901759253
6002169127
8099203377
6000735583
9957337672
9401758687
9101367408
6002110475
9147078122
8822086865
9854080052
9957734204
9707774844
8101559957
7002191515
7636830018
6000270029
8822819525
8638274630
7002655819
7002540493
7002879350
9678585749
9365471057
9435109072
7002378102
7002999746
8486027944
9101971499
8135828417
9167172544
9864091563
7399007537
9435555100
8256044676
9707515556
9085308549
7002827957
9101046479
8062985915
9678179003
8724091627
7099028806
8069840335
9365135543
9864071489
9859867350
7002666757
8638271317
9706302443
9678288159
8011175539
9435018716
6001963719
9954059094
7002549389
9435051891
8067612345
8822634752
9864036860
7099030047
7966246160
9435081330
9435374055
9395123769
9706993273
9380425453
9954237149
9864307473
7002859965
9401138138
9706459817
7002058281
8638419202
6913035704
7002120320
7002584171
8486382536
6002731054
7896839386
9435180622
9101625191
7002413789
9957008405
9435452155
9101110948
7637004820
9957614931
7217888089
9854798157
9395313663
7002978569
9316970498
8135942960
8042783391
9954614157
7002744427
9435057388
7288070858
8133032829
9127187257
8011781181
9435521951
6009248733
8473090930
9435754845
9957617391
7002815387
9435031279
8135059783
9830334676
8723053211
7896046700
9854020464
6900513083
8876340675
6000802120
7002066532
7002848809
9435031005
8486844810
8876765573
7002462027
9954660707
9706845654
9435006781
7638077950
6900964106
8044924777
7002549218
9706359094
7002482084
7086335733
8723097654
9954179468
9007757793
6026897377
8135901826
6001394001
8011553482
6026746494
6001351963
9864437296
6000122388
9287981482
8925897803
7217888134
7002638079
9864401499
9954337271
9718144975
8876843608
7002423652
8403861009
6002538508
8638100280
8638375977
9101441265
7099275412
9395665395
7896218181
8099197889
7002972868
9613748416
8638207408
8037710243
9395052646
7399268601
7002503884
7002383394
8811072200
9706069706
9435085323
7035221285
7002203906
8046076790
9395987966
8011353181
7002604131
8876467858
7002716430
7002328714
6002935282
9435364485
9954761751
8486498656
9954056021
9365654485
9531217969
9954262661
7576007018
6901265320
9181030066
9365000168
9073973774
8471999167
7002777839
9903104988
8876278142
8486718532
8721854123
9435194704
6900848062
9864044677
8133851476
6900463357
6002444959
9864301928
8472977941
8876702520
7002088050
8794723211
7578936640
7002388682
6002810649
7099064625
9218051439
7971172247
8822382254
9678179369
8752982903
9864241508
9435742326
8723873925
7947165332
7002200992
8133954699
7002952647
7086016005
9957079702
8486805554
8638280042
9395137872
6000879350
6001818809
6002240715
8638873027
9864016936
9971934721
8011257880
9401554844
8638082112
7002406956
9706164293
9864225042
9362547945
8830084423
8812047567
9818043775
9435092215
8822686666
8822645865
6001798729
6003106835
8134957225
9365476611
9864783172
9864704650
9706496989
7002310810
9957690222
9707315318
9706960230
7002057020
9435375550
6001649708
8638005600
9435037032
9127233785
9707379911
8067518066
6001155653
7002904266
9287956046
8822939343
9101254447
9365894677
7851975599
7577086510
8099149135
8473890609
7002218406
9435134471
9706128815
8399925115
6000410743
7002100525
8879133730
8067335552
7099075928
7896318435
7399299510
9706041761
6001711996
9085661629
8638263327
9706012743
8876242082
9707298800
9085523279
9101272725
9864138799
7002884117
8069352499
8822019794
7002251316
9678178264
9707790477
7896896008
7002896801
7002299428
6900329031
9101292597
9435339105
6001660416
7002394519
9877777327
9930565555
7002048690
8638969932
8638990410
9954836768
8486070143
7002474932
8037537455
9954874354
9401872921
9132177314
6901521856
9864140488
9707823453
9706746421
9864273011
9678523016
7002885883
7086324679
9435699661
9954255642
6900640334
8047135934
8471846382
9954381801
9954015274
8011935290
8486477968
8486254701
8011869878
8071406511
7002360620
9854225467
9365071036
9707600673
9365794485
9612156969
8099605156
9954982611
9864097726
9101128352
9707923481
9394506983
8037267217
9435086020
9864770033
9101087107
8402933536
7629965320
9957446987
8453290837
9973333442
7042615454
6009805693
8453167324
9435061102
7002201990
7896494254
9678266096
9706254307
9954840557
8822485842
9395424006
8486121333
9435020314
9864900515
9085081111
8638681451
9365353745
9957651038
9774020668
8062646652
9126462724
8638759405
9678337739
6000913734
7002705292
8473050317
8403801431
8876653532
8638085308
9854000789
9706121654
6001723243
7578004277
9435910769
8133055360
9954011800
6002268554
8002094949
8638618833
8003949108
7002032703
7002319450
7577987002
7002507432
7002482007
7002064301
7002055858
8876437004
6000505868
9101730581
9435156168
9954907757
9706204933
9365264055
8638133802
7578040931
9864676167
9435102864
7099799471
6001551101
7002412590
9854033173
7099345037
6901130076
9435127534
8638470441
9854001122
9954580715
9101421311
8099312502
9101236054
8486371761
7941056669
9859623890
9577982688
7099997080
7002247062
9954793112
8638847659
9954474229
9435052600
8822090930
8486960451
9435083677
8721030893
9395827174
6353599821
8638571407
9387947102
6000640457
6001745902
7035669320
9435884198
9864012533
8037267065
9101907931
8474802688
9365076389
9854512513
9101379123
8638362757
7002725247
8720936632
7896008175
8884371293
9435555885
7002868411
7002952636
6000053433
6001937714
9859608739
8638674035
7099442882
6000350558
9864062199
9678548295
7002376566
9954919644
7002213943
8638429144
9864623040
7002217429
9707846345
6000059672
7002393553
8822029471
9508255177
9082229728
6000104026
7637847634
9864250543
8011181524
9101036244
8069874143
6026801607
6000341406
8011166663
8822186723
9101089848
7002690597
8822020860
7002272526
7002058562
9435081494
9085952175
7086582105
9435518767
9365956481
9435166499
6002748591
6001500443
9953250703
9394635311
9181110231
7942845407
8822116600
7002819018
7002154077
9957333991
9957271916
9706844579
9365775210
9435389509
8069351763
8473822261
9435021491
9435242850
9365686415
9207412030
9435071215
7002709506
9678015226
8134024011
7002106929
7002607103
9957553950
8037267216
9864928117
7002864496
6901223411
8011909030
8638129767
9435124067
9101345856
9435543593
9101135184
9429690455
7002334131
8403057036
9365488698
8062368527
9864680920
9365109873
9101524586
8822651135
7002338478
9365528813
6001924442
9707660309
7002562832
8135028104
9864751600
7637020855
9854261416
8011268392
9864012475
6002268717
7578914027
9678783616
6002668516
9435023497
7002282322
9864649956
9957586393
8778667657
7002389405
6001574552
8638686253
9954428902
7086772628
9101612170
8822992042
8638786045
9864938233
9678632064
9706722217
9864264905
8638318943
9859238698
7896710934
6003274746
7002928541
9707211884
8169892013
9282636208
6001455470
8638257526
9707677870
9903742011
9954485918
9678446386
8753079799
9435765629
8134879632
7002955855
6002503318
9864031382
8011071838
9706981902
8822810939
8800699823
7002060043
9888223388
9957089150
9613506775
6900380595
9101535125
6003750232
9085287365
8812832713
8638393064
6913525113
7002557631
7399033340
8720954325
7636871684
8402823872
7002291278
7002245767
9394864627
9707434255
8822339929
7099384091
8473843874
9678287970
8876121442
8069840334
9957422034
8638042906
8638226318
8011544541
9101419167
8638171397
7086588415
8011130311
7314499582
7099745592
9508990668
9435152289
9954671923
9957673337
9954503805
6001012161
8011368351
9954446926
7002576171
6901773682
9678795597
9365295600
7896194332
9957114020
8749943070
9365919646
9687687555
7002881098
9395808088
9435182661
6000386522
8068932708
7002323874
8011921628
8638158119
6001447151
9954186960
9859807110
8486537681
8638947749
6900298577
9954318371
9957911845
7086856079
8011498091
9394064857
9394845653
8638233719
8486394258
8822919408
9435191754
8968386622
9435026294
9864759214
6000260613
9678719727
7002562831
8724877892
9282604500
8638005271
7663963967
8037267064
9854049146
9101371124
8876401122
6001481461
6002006469
9127345188
8876513110
7086874972
7002320282
9123827841
9365376195
9707295306
8099580419
9401802896
7002566292
8811900270
8721041618
8399918227
7002082343
7219821111
7002092803
6901244424
9678154900
9706565814
8474020436
8486855469
9435023773
8638381591
6901455806
8291925948
9365566236
7002067684
7086665290
9707270932
7002990121
9395346946
9387960258
9387411054
9127106583
8638151500
8037604154
6001637843
7896128241
9435021191
8486411214
8402013474
8822111122
8811077725
9954241897
7002798486
8287075795
9395786125
9435501111
6000267928
6001254142
9957767010
9435094949
6003576569
6002726609
8011842550
9707211950
8404007215
9864312300
8133051906
8721834455
9954883268
8638445959
7002410966
8011011393
9954103681
9101890630
9401362260
8011516490
9101918204
8638781186
6901732473
8638760545
9821557154
8011003043
7002482809
8638136791
9395475916
8011672703
6002013393
7002979340
7002265737
9435167444
8822800175
8822175856
6003601534
9101316493
8011079153
8048794697
9706278061
8011509706
9435457988
8876515186
7002088206
7942728484
7002327622
6001671117
9678303128
9859741590
6026631985
7002067940
9899544859
6002384675
9435025722
9854021436
9954457471
9365437856
8045873528
8822773282
7099933166
7002266877
9435551612
9395070523
8638761330
7002744866
8134944817
6001887100
6003585219
9954709412
7002064122
9864161543
7002975380
8638909636
8723931413
8486516476
9707536461
8638226989
7002402741
7900860047
7002432194
7002048842
9127413503
9678551261
9864861687
7576938211
9706489619
8402965684
7086676961
9435026495
9957516207
9707705370
8638794732
9678333880
6000219209
7896273755
9395290851
8638511708
9435528173
6913532150
6002057391
9707385552
6000358260
7002342934
9954350576
9531046291
8954821099
9854225767
6003551060
9435452917
9587100875
8068924275
7002884534
9101326635
6003088310
6001028729
7636900110
8471866409
7896752373
9435123707
8638868950
7002294463
6001608578
6000713711
9101073957
9954074786
7002948149
6909427925
7399001007
6002083609
9365043319
7003322141
7002247366
7002998907
9954995346
9859933033
9435168253
7002792823
7086910120
9282205600
9101853028
7764975653
8876816911
7002639375
9864714613
8134075632
9864224729
9864840426
6001285430
9864455444
9864780514
9954582235
6003301110
9435045312
8876477434
9365420341
7099075965
9707337098
8071372252
6000650890
9706817393
6001881240
9980130059
9365627618
9536132466
9954111195
7091160656
7005681675
8822552245
7002299300
8876950455
9706125697
9706611936
7002062858
7399701441
9577724535
9101292063
8822865154
7635815422
9859490998
9864042491
6001314755
6000172009
9101685197
9435020518
8453833123
7002925360
9707057010
8473940306
7896768196
7002112145
9854975960
8471982442
9954872034
9864778441
7002022714
7002406382
9394572905
9435553405
8876280123
8011691131
6003667992
8638790472
9401246140
8062510889
9678598944
8133053173
8099933884
7002404619
7002495123
6001578297
8471866872
7002774617
6900439476
9435029510
7980818340
9954121648
7002271583
8486933201
9707721272
8135920417
9394551882
7002350636
7670002111
9954190004
9508389939
9436331719
9435035857
9954665358
9954498250
9401044057
8723894326
9435136765
7086868893
9954419070
9706129446
7002857159
9706659107
9954084500
9435080666
9101144028
9101981895
8638569372
9395220752
8134975713
9435038390
7002410218
9957079469
9706432683
9387969654
9706119266
9619690135
9706068284
9394421225
9085706050
8071645476
9435796758
9706358276
9365889728
6001777275
9435070659
9859694459
9167867797
9365509880
7035712308
8402028839
9395909445
7099018180
7002176393
8638972833
6900319306
8638034911
9365183725
9957888847
8638546671
9706013378
8638453164
9706034676
8638833856
8486355506
8761098155
6000918414
7002619467
9854092911
8837329675
7002586518
8876640416
9101080162
9426910885
7845812578
9126467081
