7837222666
9022834900
9956012050
9930349384
9768709033
8080805915
8879979813
9326657245
7990473939
9029250227
9136745118
9699838398
7304135136
8454065990
7977164150
8419999138
9326257484
8045248100
7021711960
9970846767
9619680357
8767828184
9867096095
9137273838
9320008055
9004307595
9004998998
9167565675
9561050520
9819439878
9833463615
9326060336
8356955390
9222221265
9512341234
9321000507
9082807395
8169177520
9833601660
7290095802
9553073030
9819674832
9920545474
9137127733
9321320449
9867650091
9324935668
9000153980
8001217474
9867348165
8779045565
9821188325
7208239883
9619614200
8879909854
9820824822
9920003143
9372887526
9967693137
9820065626
8451869658
9167495445
9773697767
9769056073
9022486774
8169156382
8928089641
9992220763
7715971555
8850687739
9769112748
8452854777
9167539095
9920557806
8652143702
8002701950
9998497292
7875676252
9768772716
7045464718
8828010397
9019029029
9769354957
9158934318
9967913755
8097639013
8062916803
9820362982
9819975818
9082087611
9152004949
9152002004
9867412334
9892272816
9324516326
9892981714
9892115503
9324625627
9920038921
9920608010
9321330557
8793610885
9653131251
9167528552
8369201721
9702225152
9004090941
9833074070
9321983105
7666974557
8879994961
8047631628
9619817066
9768282501
9082907433
8046063910
9702414104
9930292537
9819704230
9594641772
8047547027
9833826647
9870006264
9859789444
9892200696
7045358508
9665567408
9867632715
9321288415
9920085309
9004060454
8104218859
9422212308
9322839035
9156180900
8983900282
8180819004
8698670111
9021322193
8600412888
7385409212
8087450505
9890906875
8796628269
9822269769
9999465257
8980845212
8237678474
7219795742
8582093759
8605865406
9112667914
8983500409
8484977200
7378989996
9822829431
9922261495
9022634413
9075474024
8275940972
7218065550
8446548961
9975214329
8048602961
9850985939
9922478652
9422035795
8390557332
7385637086
7378303558
9325793485
7507347777
9172616363
9011072655
9762170330
8208689283
9850111786
9921179175
9689888201
7769090813
9518965404
9637072588
7397980242
8500890123
9604568533
9860773212
8767477102
8042783377
8766697853
7770060908
9825087673
7021992300
9372523237
8689996996
9653299928
7745040057
8169459552
9980469883
9833368284
9320261511
9988994677
7385928948
8001088586
7744055531
9049731763
8806006552
9004336036
9822975901
9321059944
8485054552
7386568230
8048035006
7687860313
9321110066
9890730140
9763699900
9594220586
7588724944
9326743938
8169709884
8888772441
9922689225
9819570211
7666816882
8329115090
7798234598
7875294904
9823331155
9823744239
9673008748
9049395723
9204888018
7276015298
8795091295
7405308000
8237200888
8888861619
9082177034
9834672816
7040294514
9404118681
7276411414
9172402789
9664097074
9975360805
9011031395
9004043991
9326282125
8554997709
7875188286
9137429205
9637210996
9930329380
8888508109
7350321321
9820986629
8451876786
7738744023
9850800063
9819952683
9168661541
9881710061
9699240145
8691000085
7600100340
9769279303
9090809052
9769767474
7506522210
7715930813
7039111777
7045864712
9773455735
9004862670
9076824534
8879966440
7089154077
8286114600
9326115676
9867624369
9322673599
7304852159
9766622389
9930014730
9222997066
9673131333
9975833022
9137394778
7397958113
8104855903
8451820012
8450918790
9833392329
9975360548
9136488855
7030379215
9819132481
9833716071
9152676364
9867330421
7718901119
8879051606
8369549939
8657900860
9833099690
8652300965
8169194621
9076103325
8691916782
9167244619
9773788366
8071820133
9004344101
9421871421
8070676161
8097386318
7039785186
8976001191
9820130161
9004049390
8108036576
9930734324
8108872427
9967278477
8090020070
9322946978
9029746765
8605940276
8591177088
9820855667
7738541878
9820394409
9029805522
9920943438
9930119370
8928076705
9768011226
9833365369
9820068099
9323887882
9987734354
9029532556
8655228747
9969310989
9619482007
8108161305
9594068358
9594598959
9987333931
9619484168
9602331668
9920404359
8424020290
8879790825
9833058239
8850854241
9136501678
8046043312
9820124517
9152208080
9503333287
9833613327
9323166423
9967400003
9689451354
9819559035
9967639744
9322284599
7498981703
9920633891
8591295549
7720829444
7977698427
8356950628
8080225363
8108406610
9763196197
9930894895
9869831680
9820211269
8976500942
8369285199
8484098997
8369080480
9850015552
9356939466
9867388881
8108329445
7021609902
8879141176
8879685207
7666777390
9404999255
9870634815
9322413762
9969535428
9423584060
9869007312
9967115806
9821313600
8433842619
7045616744
9322379993
8698682222
8451934343
9769578243
8378998954
9619771158
9320505040
9606350000
7738584949
7721971097
7420920885
8097969157
9860305161
9920802651
9322130691
8149827086
8080565429
9172757053
9967693333
9892973721
9594534316
9821137594
9224410000
7400498525
9067902322
9920726955
9769890420
8080237616
9820934934
7039021191
9987786287
9920289340
9372020354
8286131122
9867888271
7045835386
8907090704
8080808927
8369431208
9833953055
7058782520
9029284687
7007824024
7738461004
9920648428
9819858091
8097918482
8850500399
9820922356
9702145446
9869333007
9819413693
9820433247
9004161315
9221401413
9821768766
9833884140
7977956250
8767627124
9820999886
9870688130
9828244990
9920790011
9769381737
9167246768
9769664444
9920161493
9920757462
9867107803
7400256736
9004045169
9821025411
9870226161
9819562406
9833828919
8080806939
9133561182
8888007777
7021956841
9321430495
9820303947
9867320011
9011179396
7410135286
9421904476
9850525398
8380891750
9421365753
8055022828
8208630675
9607073332
9834700230
8600591546
9822459399
9850431100
7767808010
9881494754
9822658766
9545219600
9075710192
7972480365
8976911836
8071889873
9011541458
9326069974
8806090099
9923136786
9834427920
9881198891
8381004848
9664488000
7722005530
9552344800
9673833686
9762389185
9022967257
9049499243
9604851278
8830629295
9321140475
8857841976
7709308108
9689003788
8169425673
8983091787
8087106042
9834093644
9833577662
9920123455
9270544486
9975444709
9403337000
9209960996
9637367002
9822910637
9923442344
9821210381
9967648494
9476365250
8879731568
8446124524
9146932022
8698904383
9969144178
7083645888
8355874319
8928292810
8698441646
9049848207
7972728373
8788251595
9823306315
9130304101
9867808730
9049099157
8262854006
9370984571
9764313179
9403047433
8855874215
9820299998
9422381491
9423588547
9834968856
9421007575
9767584695
9049020307
7875338065
9423305224
9595311850
9853881818
9403365873
9422189977
8999025880
9422633329
8668775346
8879579779
9928527094
9421235333
8766696675
9922669903
9422906688
7038639891
9405470768
8275259338
9284952853
8888725558
8446613005
9730356139
9637669993
7721964931
8928732623
8805508444
7709627806
7387211052
8657589608
8380823555
9420206464
7083574221
7028974877
9421146397
9422435001
8055878878
7276019392
9764321578
9422052356
9922562474
7744012192
9370363738
8999103625
9284202535
7499357765
9850898185
9130962561
9420225181
9028705222
8625040468
7063830786
9881280296
9960381449
9028748362
8591032781
8483037079
9000073676
9440166607
8341627695
7396050658
9966308382
9550083888
9440282992
8944255499
9440105447
9966229367
8108138000
9908882911
8985485421
9848198449
9849127732
8501010727
9393111886
9550064791
8106306606
7824812121
9849199779
9885603618
7045457770
8074797081
9291244874
9705917333
8069867570
9298355575
6281901080
9441920401
9390399793
8639471172
8639922925
9000951310
9963498652
9908333000
8919617664
8071264861
9390488898
9640648999
9553550477
8333000555
9866049933
9248017375
9177986981
8071326901
7780705750
8002587555
8801722428
9885448768
7780205660
8069865888
9246401807
8309150295
7337333342
7416411901
8666993058
8861096126
9392111995
9030321047
8666632123
9490884577
8885513619
9247894177
9873567620
9248192471
9392034900
9182563503
8662574798
6300455025
8074771531
9966032786
9676427241
9966822871
9652124433
9912714786
9704505678
7550055551
9393779988
8919900394
9848246429
8662491044
7735282131
9866224405
8662433395
9342967344
8712232323
9246497262
9542066789
7842116103
9985837387
9885347440
9440001775
9441051206
9632561008
9618858303
7799095321
8328345004
8071408350
8247479969
7386006066
9980689218
8982342346
8037002687
8634059223
9848286408
7569197439
8143843716
8790496562
8019887926
9393023736
9032255571
7799357327
9873546782
9963392372
9849123299
9121345123
8465061964
9963122526
8037002387
9133338691
9133338692
9948265234
7993184643
7095429977
9704770379
9440210910
9866437141
9642612143
9949643219
9000980887
9014909010
7338117138
9491827704
9959964648
9885836045
9167984737
6281711405
8612377666
9989980815
9014932336
9849096647
9281438587
9440283217
8977918118
8125464938
9916027378
8019190319
9912475116
9399911099
8247498760
9177368284
9912200000
9121014232
9676999711
7799234567
9700071345
8071639210
8125586098
9704824156
9949252444
9949945071
9701694139
9177628278
9963014388
7842418136
9381557508
7995467054
9032643637
9392929223
9703560177
8341346134
9100389588
7093344200
8886679171
8005997800
6305716311
8121046777
9873568560
9959900814
7093405887
9550038885
9000886595
9441684279
8978915344
9986499853
9441782272
8655610773
9700271446
9160160192
7942811882
9703195540
9985345391
8500250505
8071629665
9866283786
9885839505
9840346985
9959894725
9441206986
9440846513
8688668099
9985042889
8328493040
9393979794
7019398570
8143685353
9966221286
9160774777
7702062456
9573461270
8069867572
9440250863
9885228950
9619086037
9429692121
7569015511
7671868003
8772251677
9966771121
9866868853
8977716851
9966129199
8071639207
8885336488
9866243104
9246350543
9866604616
8985674728
8428045537
9618138625
8639437411
9133642272
9505445555
8885412654
9347519536
9550113499
9963626567
9398079379
8500318226
7981893136
9491929210
9000988012
8328169150
9848087109
8046333629
9866546118
6300065986
9440205326
8099822487
9848984598
9966000798
9963191769
9494412466
9948369057
7674903083
8309800600
9873498534
8885322283
7842415527
9949074312
9966916700
8341236954
9381467382
9849794317
9397888799
9849905294
8048740473
8071640074
8019992800
9347149457
8328577669
9912864888
8309645014
6281831149
8037002434
9100566503
9177731139
9247832426
8639508222
9553011305
9445888336
9705676561
9542103111
8886989992
7774948777
9700236387
6281168697
9167076203
9440047081
8096657572
8069866711
9848152177
8518241234
7981493529
9985208077
9849599517
7386126234
7799368546
8328620921
8074414734
8096751369
9494414989
9493660909
9493536996
9848768351
9948151548
9494403737
8037907640
9440383269
9663415366
9032638173
9490615039
6309797477
8500773434
8897887885
9550122759
9000159651
7995607080
8499901653
9885250915
9949379737
9873498481
9505600402
9293789489
9885898203
9949202441
8518259004
6304903878
9247795546
7995099582
9703122432
7730831722
9966852286
9030709768
9167984835
8008002792
8037002541
8341723230
9289062307
9491186637
9459451991
9550550060
9133403039
9014116724
9440014617
7995182555
7039001496
8944255403
6301050436
8886443866
8041017532
7997923262
8562251214
9246941444
9866693615
9494509890
9440564635
7416390066
9100080102
9246642333
7288999999
8071889798
8657568649
9493449392
9246634589
7680803368
9246624406
8886841999
9963866664
8885557678
9533393738
9052360516
9247871397
8639909690
8500504333
9866869296
8121555503
9550299953
9701810326
9642418070
8922270799
8944252244
9951832346
9652010423
8008937637
7416173449
7995122234
9912568200
9247269900
6302741855
9948118782
9701490190
8376888888
8328446681
9985338955
9885655635
9281020919
9177854868
8501007511
9666788501
9441894258
7036338999
8497979185
9491947792
9248017126
7070080883
9448216228
9642079903
8002103311
9440073709
9133551082
8247253669
6302709901
8884375559
9393814182
9052779781
9059624943
9700683678
9963222340
9603058345
8179271359
8562244456
8985798523
9618126552
8520028580
7411781318
9866351153
9494582202
9949101106
9652765766
9440383214
8562456260
9703261888
9949990277
6302386028
8037002315
9160960012
7842707544
8106962752
6301174565
8041017538
9963505108
8879934386
9885046589
7304053032
9121141021
9885925758
9493023038
7904812147
8554319747
7901311123
9550171714
7416462317
9849981825
9441072882
9440073448
9110368918
9704209591
9849540079
7013502295
7013258506
8099822001
9505600430
8555969615
7386665666
9885552457
9966449628
8885552888
9703368890
9440951999
7942844896
7989233768
9577566999
9133338976
9292252880
9949758743
9642424299
9989554567
9293953266
9848398483
9393333665
9298112244
9533667666
9291341333
9392113293
9346226884
8048982832
9440535848
9581108999
9848788399
8297551818
9182872153
9581223311
8803232323
9704051420
9247505570
9948611116
9052597366
9063857857
9346840209
9866026648
8247048766
9966004406
9339338339
7330859003
9014453708
7893846301
9052523360
9849555848
9502681629
8897163840
9014998262
9160691000
6300678826
8951642257
9700241009
9912711043
8605005555
8522037680
9494365558
9398784262
9121212121
9989872073
9949630620
9030265187
9441511122
9441444991
7732007739
9177304599
8071640571
6301158488
8712929919
8106811171
8554470382
6281290822
9866062139
9246666211
7702775499
8041017608
9030478802
8374567323
9885365634
7997667111
9505777297
9154777773
9640969701
8554312331
9908591140
8554221314
9989319069
9182782870
9493504399
7416295942
7729080222
9010048930
8500051811
9885185617
9160672762
9440216388
9849360925
9000085868
8978265777
9000664439
8291094468
9948403625
8074176733
8074870109
6302849387
9014507363
9295708960
9704642560
8048968282
7331124249
7842811325
7942762702
8836662291
9581207550
8639634996
9440532918
8044939699
9676716340
8886657985
9963126567
8044939690
9059444559
9966437927
9989707906
7411781317
8639811195
7598074707
8578222240
7989975299
8578222494
9848117262
9908758148
9848365993
9553751507
7286869666
7893871997
9985130979
9391450660
9848497964
9390336339
9703519828
9440593938
9169849999
9391364250
9849563496
9848392609
9704346123
9494046530
9701606471
9494229192
9493767680
9502759549
7093327534
7337555896
8099927877
7947479761
9014206868
9989816229
7702730242
9849029273
9908232129
8639498197
9666618459
9948533395
9392436480
8639044990
9550814224
9121179864
9246589252
9246464641
9360779999
9873573220
8977211242
9440363487
8499985152
7207202170
7075176974
8005995555
7993527535
9177145424
9391996060
8688603428
9121811233
9133004444
7285919381
9550240828
9966227622
8179653458
9885773633
9030985551
8247298018
9885747552
9493524718
9440352185
9392653750
8978812640
7730020387
9440255545
9032902468
8885645550
9949767383
8291093658
9440455087
9110715599
8686611666
9440936999
9553792299
9000162206
8019993450
7331122985
9000624429
9035054467
7330834446
9848535481
9989070554
8846667666
9441274374
8500121003
9030989690
8037907619
8071889672
9553469215
7396804004
8978380437
9951587060
9666968665
9025424477
9490853348
9936784588
9704021188
9885680280
8008663335
8019459855
8885401242
8121934811
9652545426
9494652523
9885444523
8612345444
8686764964
7306111133
8885805500
7780126778
9873560825
9000992991
9581117722
7382926465
9246466266
9848388175
9966637552
8842955295
9550455757
9676595999
8008877299
7207244404
7893961550
8500651117
9848848625
8500057116
9136935555
9398419494
9848802082
9391254958
9030281221
9640707387
9014908165
7093565754
9182779142
8044939684
8497933999
9985023838
8886222869
8505937171
6369706147
9030303111
8977441997
9440094362
9440447020
7601095976
7893904599
8367585797
9515342222
8612330462
9618222233
9848154861
7013848282
9704555177
8885588256
8639776677
8812235057
8612320645
9666373132
9491708833
9951333296
8688072281
8048740435
9700878092
9052206830
9845577591
8897201851
9951671969
9390598091
9440953794
9849493392
9908890513
9505129999
9849393848
7702443270
9381776416
9848473884
8179771242
6309666789
7416831816
8341733606
9848065131
7241122333
8367053765
7659015999
8806666888
9866644425
9652966144
9566271994
8656236789
8688425875
9701034803
9652405547
9848518532
8037016328
9848894899
9492340919
9885198001
8008577333
8812222468
9573760879
8812234977
9704779640
9848335659
9032660333
9397684691
7337441951
7989714518
8776679999
9290208344
9553316799
9959384684
8662570005
8071889801
7993661399
7207505370
9666066973
9392973265
8247745344
9848607110
8019244255
9989772558
9100455666
9966600050
8836662944
8812241848
9700414116
9704450408
9848536633
8885500669
9066373163
9505130953
9908466099
9490677131
9398311004
9533799933
9856525999
9393626989
9182894285
9966062884
7207267226
9133895969
9963670555
9493990837
8978192347
8143119677
9908379577
9553320446
7207733335
9177723335
9393769996
9441109327
8096903000
8885757155
7995678997
9908401192
9122721098
8919680708
9490003311
9989575290
9603999039
9701037176
7328912345
9989343866
6303077504
9848688593
9963172828
8686858126
9059329121
9167071738
9502212283
7036091744
9247681652
8367217327
7013609740
9494404318
8688782900
9908327126
8985691818
7893764524
8688194881
7981298221
8552250444
7942845837
7070569742
9133448419
9666692349
8886657987
9885582512
9866252014
9949107184
9248641777
7893160714
8985089224
8247514148
9731103515
8500362936
9700700909
9603155999
9666831220
7807702595
9985179917
9393600103
9177441933
9659625555
8019773771
6304165312
9989514282
9440511287
8885322888
9292157157
8130302708
9248389577
9666466795
8121434696
9121093621
8143999680
9948796579
7552658822
9989492409
8309107736
7602224449
9985558488
8071639209
9959460778
8518442525
9848599242
7416162763
9030406787
8074933765
7382289902
9951133784
9849350328
6303683142
7330722338
8333848666
9182045083
9581378999
8790768865
7013819342
8106724151
9873570193
8552200421
9533371797
9948381517
8247572758
9441005963
9440813381
6304051793
8897945452
9000670746
8590076831
8495252029
9491118786
9000954108
9491460606
9885332911
9160033309
9912121290
8121288008
9490348969
9885307787
8506063948
8885665780
7659927777
8048740441
9885812827
8686083408
7075425750
9059465655
9121634576
9391510414
9440569106
9160829786
8886657991
7569680826
8037394929
8037002469
7337338251
9246596777
9505004844
9182351795
9790331299
9000372695
8500140841
9740737943
8897708567
9154793851
9440729131
6300968941
9597835978
8048740464
8015898780
9154540792
8812251227
8008200620
9111442294
7204667968
9032949939
8071639216
9866965385
7013373600
9866944516
9948152365
9550500999
9966875037
9908869896
9848377522
9652395356
6300273806
7386045091
9010708064
8885757199
7993062971
8886663002
7569944444
9515355831
9000422205
9000222312
8309146032
9014330381
9347314037
9704414300
8125343499
9599819940
8790208608
8071889667
9848012326
9908819442
9959989891
9052552023
9952352985
9247277353
9606979366
9885091189
9642490425
9490033067
9573686633
8985336905
9281477765
8074669618
6301113940
9290028915
7382237855
9110734815
9063387665
9618492630
9989033822
8106298563
7680841444
6302625835
9490345399
9581977999
8048740439
7702499666
9248886789
9441800687
8008340800
9052026999
9666167495
9490706666
7013530004
8816235314
9866536225
9052332555
9959345624
9989394981
9441323760
6281207934
8929293017
7989134235
9391392872
9440312562
9000934897
9000999740
8106606551
9959112400
9010509747
9963095103
9866937169
9849979140
8500764058
8686393619
8333899696
9885073717
7799768855
9701944279
8048740461
8816234511
9440183836
7288877300
9701461152
8019457468
9888422245
9676664177
6363459473
8374890057
9944878985
8309045672
8686120023
9492621961
7207067026
9701554245
8041017551
9440017711
9652330777
9676478710
8500900119
8088553031
9966691011
9924577556
6309554319
9440188135
7702997929
9848218760
9347812380
9705722858
8977702611
9441723977
8578220330
6300804190
9797976333
7799787474
9441616189
8328020155
9133059659
9885418899
9646856666
8639012555
8142565113
9398145057
9849995302
9533221135
9492491919
8048740477
9949164777
9700650603
8801555549
8106488683
9963356777
6303332380
9705556669
7039001492
9866143194
7386890121
9849520278
9885113599
7989211216
9154824543
8143240751
7013748688
8985916999
8879896089
8688953118
6303908889
9618316776
9989598989
9912908405
9849131146
9246651499
9440550230
9440793339
9553093399
8897240055
9700615003
8143500779
8978315222
9581561309
9032367951
8008945278
9985551697
8008332233
8879654556
9515250201
9848274128
8099480995
9390611285
9440177618
9885348743
8790759727
9849822423
9912679767
9701332707
9640012828
9603752777
8008159333
9133877777
9550033111
8688312772
6300421102
8220035985
9182754598
8886760888
9490767804
9110791343
8099423456
9111408111
9848350671
9247400253
7845593985
9177959585
9948553326
9652525353
9059745600
7032412479
9642113333
9010855614
6302336167
9491850018
8047027148
9346866608
9160177888
9390247084
9440193810
9848075759
9032195959
9666136683
9704788061
9121192999
9440674755
7386762887
8500066550
7708414857
8046512443
7013928737
9849639697
9492524164
9299999564
9246845554
8977768131
9849156644
8842362341
8657568516
9440677896
9642440652
9550732628
8977760871
9848302444
9618049444
8367478131
9948925267
9848160445
8008577338
8922232653
9100027741
9912917877
8922222916
8842302266
9490544693
9553389090
6303958078
7075552666
9010236226
8374493331
9581095590
9291233360
9640550964
9397032686
9063840667
9246675588
9848986703
8047027179
9440620575
8041017577
9866176556
9396969998
9494086655
8500577733
7416450555
9615211234
9513445580
8922272676
7305040985
8099734567
9703792889
8662436344
8037002778
9705870707
9856123777
7601084532
9100759100
9848965645
9705036803
9010738234
8499943212
7676538883
8341665770
9281495550
7780723481
9490306713
9900764595
9490730066
9949701222
9494585864
8096682445
9345670043
9347116323
9959446828
9490196609
9848792495
9966918866
9701870796
8008063737
8309065471
9440429556
9966268995
8500603157
9491946945
7013719151
9581971876
9948646583
9542490686
9000063898
9849400331
8686404824
9030706786
7989180661
7013733831
9346835505
9440569357
7997278777
8341556115
9705797817
8522804694
9676965127
8247540695
9959577325
7338740985
9492330558
7799944683
9247155369
9703273394
9014333125
9866471591
8074730927
9618065399
9459133456
6301158031
9912114566
9381325707
9848918444
9500121985
7702284111
9966118422
8885328957
8008107252
9676660808
8641234366
9392031195
9393863228
9493721946
9849604205
9581638856
9346861889
9989339904
8185072939
9246290290
9490397977
8648224044
9133756808
8309695575
9000824066
9393979776
9032326167
9581693353
7993117767
8309019198
8143753787
9490322710
8071729854
9347548671
9347471547
8251825179
7780776788
9676395331
8643450515
7330701116
9550057096
8602331234
9885539355
9121318989
9440856312
8333924937
9542455552
9963706382
8985343593
9949455705
9966322000
6281101486
8978478474
9989873783
9290523234
9603633359
8688879267
9866025061
8885366606
9951505854
9505099881
9395366811
9866041388
8341082943
8297551898
9182023295
9182554967
9966724316
9059209171
9346800524
9440930949
9618138383
8592233995
9000878808
9885247800
6303173892
8340821777
8688328102
9441326697
8106666295
9885366766
7981186390
9381249069
7893443204
8985113766
9912690226
9347966765
9885955858
6302679858
7815967016
9704570045
9494582434
9949419823
9491860614
9493194119
9490810760
9052215855
9848586242
8374009550
9701719596
7382069427
8559222613
9493757552
9742993339
9440984143
9014362298
8074952744
6366952275
9949375590
8374390072
8125922009
9704936508
9866104972
9618889486
9515300345
8572227629
7330878301
8919224640
9640139027
9491434488
9985528063
8074459269
9742292427
9966654555
8125498396
7995410806
8819223277
9052913157
9949796300
8885776707
9849251001
9346866899
9666899023
8814222560
8814224146
9440532123
9059141814
8978321582
9949807073
9652448229
9703966047
9441870554
9000082876
7013610371
9652049929
9849330112
9640269355
9618923772
9381388933
9908511375
9885214306
9394211212
9600253985
7989301636
9000410010
7075663333
9885441319
9299995262
9618363347
9502220225
7039002884
7013204964
8674293467
7702893460
9573374412
9581861451
9014793999
7396021413
9703830515
9248017368
9346993739
8037518672
7075490539
9440369214
9849532661
9515769973
8044939703
9676119432
8672223778
8672225567
9110733948
9059668832
8121928775
8667321145
9701194585
9133617424
9032238487
9246464612
9010362836
7842305444
7729962346
9703184183
9949896938
8790636439
9640888999
8886428888
9646191111
9989917996
7013417139
9849391704
7396963753
9246936378
9247234364
9985321513
9440948383
9989372797
8624221515
9118001601
8367762563
8977175787
9100320329
9133828285
9363425147
9701859735
9392179121
9550845677
8247205257
9908989123
9000747886
9492962777
9494944947
9959017344
9494663307
8497940889
9885327453
9579799844
9705903186
7671899325
9010055097
8328657414
8179846276
8185832245
9440786593
7981494981
9440322695
9966021407
9640996511
8688912356
8790018483
9703642520
7799888117
9100166665
8520888320
9652507074
9381259534
9553451720
9848675156
9490143214
7039002041
9948677338
9949307073
9142143777
9963177489
9600310985
9167042590
8819222889
9949992237
8106607348
9398561757
9885541120
8333830999
9985023900
8947231084
9502703218
7396718004
6300630210
9182828321
9701434153
7989542620
8143391443
9849081881
9908363651
9502252209
8919716836
6377036979
7200786985
8071889804
8341617220
9894574539
9347918538
9676758288
9949995378
9182756994
7780596855
9959225681
7659871177
9381250230
9866135112
8647223032
9739454877
9703658888
8897651007
9553318786
7396479275
9573180272
7997777078
8125262167
9618669212
9573573517
9390500175
8885229127
6302255655
8121555123
9494243113
8044939695
8010161016
8963221555
9550797747
9966446481
8686668020
9948438828
8816224690
9866717243
8247548707
9177334297
9110768775
8552226060
9866495368
9985560848
9059602055
9948064325
9701356694
9247829946
9652876555
9118979118
7416348124
9032910075
8639011341
9652693122
8121490507
9848596900
9502986879
9492468314
7386230283
8106747488
8608933333
9908718454
6301125328
8978699883
8071655459
9849862852
7039003284
8008891049
9148063856
7493901222
8897698255
8037518315
9290045366
9966594717
8712183828
8143161837
7331113075
9959225646
9492816375
9542947456
9666566846
9505000867
7348842595
9246456400
7702525357
9505047927
7075557143
9885595973
8512255474
8886713739
9440320558
9398342107
9885262888
9849411416
8626250955
9866970966
8074083545
9542649480
8556796139
9384042985
6382531147
8556356526
9440622008
9858880999
7947479814
8498801805
9505620301
8333909192
9505316689
9440224521
7702267242
9440514177
9398218382
8639915889
7893483733
8886661398
9032202028
9000314631
9553023220
9886851517
9959954280
6302414917
9218169238
8919936050
9866572070
7780229292
9440937760
9542316164
8247827673
7989655074
9705143926
8355891286
9581432456
8556228211
7993551562
9142525444
9989814400
9849685165
9959018835
9849658999
9676005009
9959326999
9848084890
8067510312
9885867426
9908535303
8247561319
7386161094
9989301085
9014525451
9440221810
8071889933
9440392760
9966805825
9948020830
8309888153
8978067025
7893092057
9052836262
8074931299
9441412796
9908599850
7845559985
9000055109
9440243730
9705822111
9848780890
6309493068
7382226096
9989929419
7995346477
9492806125
9848666385
8179028582
8328196137
9966587402
9606533976
8074566326
8185994662
6309161663
9963389760
9550083266
9010779595
8922228730
7942553159
9985272079
7396980626
9985054939
8564258588
9966241431
8977111723
9959588647
7013082026
8688370173
9030431599
9701800600
8985748946
9398628722
9524242090
7013345167
8571222303
9885946459
8904203351
9704862977
8571222677
9538565603
9849022963
8106486700
9620220706
8071640357
9247883179
9490976181
8143117108
9700927660
9482803070
7207263612
9550585823
7981879267
9440062220
8688060337
8571226005
9652334474
9491984106
9100190021
9908913347
8041017562
8041017563
9063407023
9247292665
9492289238
9951544861
8883622888
9972893335
8282824138
7993242003
8801066512
8071629553
9701213342
9052656699
9441241146
8125555912
9063733386
9440725575
9966462550
9848450226
8142062091
8247200325
8688988283
8977920953
9059595209
9966969997
9091244244
9398116652
9866147342
9912263751
9399388199
8886391222
9440226610
8885500446
8564458697
7893887729
9866959910
9980147668
9515195339
9396966007
9390722465
9652879608
9951539501
9052522448
9000996116
9052166700
8512231129
8512222123
9346202610
9885875385
8341081284
9624512525
9010866928
9577957723
8041017610
7013377500
9772093035
9951703469
9700441458
9676016667
9866481670
9676237683
9642422192
7799088003
7981857999
9908155573
7090801909
9440219680
7013638096
9849256724
8309505114
9959120471
7382777098
9247008884
8330910212
8643220564
9182707630
8907978888
8041017554
9533310817
7674960828
9493476563
9505663880
9866711368
7386942431
8712126853
9347080100
9849586844
9533952026
8686633333
9989097747
7418849737
9912324533
9603810838
8328046081
8667528147
8555949187
9849189416
9989672035
9849206059
9705303355
9959618052
9849752607
8686406775
7032379946
9700040143
7013667470
7732024776
9885841233
7036043221
9089123123
9963111385
8886657992
8800119365
9705000555
8778963822
9963877778
9848188802
8819224553
9848611502
9848352518
9701264228
8985338028
9666688805
9398534050
9966745574
7306006460
8309024760
9052861888
9440251581
9248017335
9959849384
8870303252
7075732868
9959225647
9705443324
9666505384
9052129887
9502880954
9347039421
9133309210
9949761356
9059056228
9866781218
8919719159
9491394222
9866444787
9642527512
9642326742
7207760921
7942813713
7942845842
8008685531
7780755903
9440361900
8512293131
7013033190
9703482123
9866940551
9440223101
9490540094
9440764284
9182385123
7337557446
8125292821
8019336049
9849581931
7801034577
8712786967
9959428186
9949898008
7569225301
9247217171
7032610432
9848180250
9573765765
9030533371
9640915593
7013070030
8186073359
9490602828
9550966990
9989585622
7396827447
7989416663
9010226161
7981983850
8514241916
9391810811
9848558739
9866557494
9989451388
9182354588
9182360301
7075935657
9490046388
8978819835
9063507777
8816238319
9985632101
8074844118
9154500080
9908611991
9392099836
8816233779
9704928230
9885778884
9440231484
8596222444
8048740433
9346683957
9392553149
9513445079
9010085075
6305960582
7270004222
7013624943
8816257333
9440920818
9346993714
7678007943
9581868186
9866692771
9440444509
8341342545
9100513777
9866887271
9866795505
7039001986
8816233822
9640044777
8578200333
8045950120
8897240687
8885666418
7799898869
8074458223
8886957572
8062913286
9985757057
9133222116
9542563661
9030919111
9346954724
9030044668
9849328888
9963044483
8814220052
9666447331
9848146793
9490778565
8041017595
8816295777
8919618578
8816239901
7989783773
7204890300
9494345468
9959877577
7981436563
9515126673
7013507361
9000819498
8854255823
9121877622
7989002400
9063664333
9059957033
7942954007
9440993469
8179596398
9505686253
9700866823
7660943077
9440740559
7671836769
7815960768
8333877792
9848139042
9866024924
9133828470
9440208960
8185965727
8185857685
8030691000
9966988518
9985011620
9741163838
9032355339
9346856118
7799465657
9502277519
9440423368
9550393231
9989350777
9666875786
9177566525
8674244544
9346914485
8143144555
9246776889
9848956585
9052533345
9118001234
7093603086
9299999877
8790949991
7799537070
8885119971
9010015400
8885232552
9849123070
9492814545
8814220444
8004254141
9440467729
8096298935
7599999990
8309846581
9966926260
9866027873
6281150577
9398898170
9989112434
9849864844
9704961028
9391133716
9966537437
9490175942
9346515155
7777875577
8309278206
9533351607
7288999567
7989943393
9030252905
9701044026
8801888704
9848047201
9246783700
9989232259
9652954295
9848412067
7842138140
9848045325
7981075683
9848478011
9966226564
9441151188
9652896967
9502528121
9440216901
8870664851
9392546044
9866826900
9951499510
9700535555
8895418852
8374412001
7207027000
8341137716
9247452865
9160273633
9912931250
7200227985
9441117278
9989758486
8500890225
8814210444
8814222221
9885050181
9704519037
9885849596
9440525689
9701223349
7989106789
9642892153
8645232689
9849323300
9959111977
9866909807
9396661247
8096055922
9739252329
7569121205
9908498933
9966113691
9397918605
9949250555
9908569555
9949229036
9493713638
9949210555
9133583344
9951564594
7036783117
9121509663
9652516656
9885779060
9701970177
9440704117
9492120087
9701594847
9701849412
9346524123
9966996306
9440739915
9100935655
6305411877
9397090457
9866456814
9949940094
9441393147
7093445476
7095545554
9440744232
8626297555
9848970577
9494504674
9491000910
7036155488
9573960035
9700045268
7013658398
7981400740
8552226793
8074536366
9949458789
8374262369
6304858237
9490575555
7013834899
9642331889
7799973338
9100991708
9493212655
9346080480
8050848334
9440838535
9966190905
9959496946
9985261466
9966357271
9908899168
9912012765
8143729024
8008878038
9133885433
8317602465
8341924145
9177267450
9000878588
9985148616
9502774315
9150175985
9440249087
8041295616
9431333999
8071326890
7013364594
8019300611
7674985356
9885258585
9398234647
9966628888
8812237664
8812220550
8499966490
9849546805
9441332999
9949749744
8855232180
9985689999
9849812177
9059050175
9949565275
7997747999
8688888843
9490839105
9100042430
9703713758
8500222480
8977484847
9440919276
9966977879
8333855550
9959596391
7036512365
9848128498
9581477944
9959517774
8008590559
9133210563
9885133663
9866155645
9959111936
9177416037
8886149777
9154912446
9290578781
9490202008
9955524433
9491508001
7875213794
9440736689
9652793529
9291112237
9966031000
9505000916
7661929353
7780751363
9000858915
9030530933
9550507517
9980766014
9553061872
9787630216
9989759516
9440281877
8977538936
9573621690
9705006699
8512228248
8004107711
8814222567
7995231113
8328275779
9603333339
9849267559
9989429662
8985938654
9000410075
9885622563
8945243288
8712375131
9110343543
9182766448
7981832783
8106090807
8945294469
9573320921
9030473526
9440556725
9160201110
9743424588
8945241111
6382546147
6281530233
9440829644
9959706978
9246299930
7416341615
9290813666
9381663926
8903186783
7386517704
9666432375
7207955655
9326719291
9290527835
9052221002
9848064567
9100034433
8121906301
9581435362
8919366322
9966537207
9603432766
9848182086
7299667892
9989855342
9550612526
9010208571
8978853330
9701707087
7799009925
9963623988
8125552129
9700508030
9985299123
9949619305
8555077491
8069248288
8978585787
8019808294
9542092555
7095123892
8499874630
6281610669
9347330267
7306060240
9491981236
9030131342
9989425028
9885209795
7780316465
8555083499
7601054075
9849847517
8247434545
7997041832
7032164353
9010547597
8886272999
9704949199
8500850373
9963180069
9866026306
9246433363
8919295778
7702875958
9133177316
9959944464
8558224883
9705790579
9030553072
9989492741
9247464371
9885381306
8309214447
9885275722
9700335675
9290003410
9490644018
9585063602
9703293003
7893498808
9393665656
9032445186
6302101505
9849574660
9063677277
7672096861
8712357999
9052617192
9347314007
9949814812
9000714376
8374649811
7799413274
9666004143
9866155909
8641234589
7386699058
7899903514
9666388854
8712172375
8185883377
8374324948
9000628275
9963869652
7674919986
9949646757
9581142315
9949014446
9703839370
8008840982
9581956898
8988878681
9849519952
9346185251
9948899227
7780353541
9299951234
9989898089
8885782551
9441361168
9908805333
8919253015
6281906647
9642108849
9440949316
8185062434
8919022245
9866022774
9063163555
9949610502
9701896780
9885600280
8625256092
9160753202
7659959533
8985678493
9951181367
9640735732
7801019492
9246617816
9848678831
9032871954
9989508850
9032437100
9398176499
9885883108
9985980451
9948163007
9866022212
6303362759
9182908187
8648226226
6281093803
9010727793
9133712019
8555976776
9849652502
8686703060
9247760017
6126727980
9182720815
9490780081
9014116070
9581052989
9704490160
9949097049
9505154650
9347566388
9963817089
9014723980
9390320779
9985388651
9000668833
9246670187
9866852285
9966881293
7411781300
9100688595
7893916009
9640116138
7358465199
8886077683
9701116029
8099281872
9885885393
9010086189
7382971128
9014349307
9160997383
9160915473
9397199599
7013894730
9705287004
9440740293
9441983476
9908206477
9440244453
9849226929
9440776228
9347739300
8099354700
9703302126
8512250705
9294009007
7013240359
7901404999
9014278088
7330673933
9908010614
9110516353
9182430789
8465033350
8071408352
9290045157
9963813631
9642723753
7337771311
8886546446
9100510101
9133858042
9989028685
9177470404
9989980097
7288961135
8367716948
9985111811
9299257975
8662572286
8044939685
9524777779
9121055696
7306991999
8125368313
9959699988
8186859565
9955336623
9515063344
9553488008
7207755382
9502324013
9966332319
8309033293
6361869206
9000656514
7386974794
9866582013
8500706364
9985243774
9391427748
9640403040
8297927777
9568666888
8818229224
9030278393
9666644404
9392996700
9052059171
9603565222
9966067765
8340889417
9494555447
8818221381
9440146559
8121252047
9246477666
8818221680
9848087600
9110515051
7981230440
9030200445
9440474678
9966946777
8121463074
8818224008
9493555253
9100510016
9666566662
9885970273
8044939687
9502438444
9849492726
9848382088
9441906786
8942228699
7075732018
9513184489
9133266251
9786589147
8886657980
8942227785
9963891485
9440319600
9247127639
9154815184
9948024522
9849553774
9059793834
9246679184
8374945079
8885801416
9703522111
9848193765
9000573434
9949634902
7569391151
8897678788
9347738778
6300565814
8641232827
9581373939
9885404349
9618199259
9490402103
9494769091
8814228930
9122577777
7989264025
8037762169
8814224710
9948599546
9676608284
8977552424
9182837690
9866369165
9082714158
9966676231
8559221966
9391733603
8143722201
7382050777
7901550099
9000450300
8596222009
6301851911
9391417596
9948881831
8050560432
8674240070
9441849142
9398226611
8019391006
9121149449
9032636174
9985239590
8499902277
9177010203
8519904584
8463993222
9440921318
7995105226
9440688252
9044337799
8855231993
9032290433
9848085277
9666155566
8374317432
9121069561
9347023002
9490479723
9959679790
6309153641
8500006311
8367365158
8500234580
9059023089
9441022880
9490381943
8978822467
9347736379
9577433888
8645232377
9390567131
8186003132
9700670090
8184849292
9440374982
8818225433
8919052496
8976018798
8333984333
9849047847
9000097275
8309105117
8501082486
9505650873
9866304703
8096498958
9381277745
9177444644
8374142652
9701413832
9948146556
9848097603
9985802043
9989244887
8309155130
9069000444
7989739278
9866180980
8500354107
9741140141
9108410651
8505867671
9985648143
9493949870
9440823880
9441652959
8571220977
9704534048
9642889385
7901230678
9440527339
9581009209
9618316647
9032193112
9666222783
9849135850
7997756254
9989074189
9652477927
9440255328
6300950445
9490391553
9182305419
9440583150
8596223400
9347024735
9849378718
8071629435
9247864434
9866824365
8571220345
9052112455
6300584689
8571225559
8571222166
7975708181
7382406555
9515918024
9440002808
8074151465
7675931149
9492076119
9949571969
8688696869
6305520814
8309563946
9440506923
7989192355
8519880665
7382626005
9951119757
9848983777
9492449945
9703430201
8044939708
8886657981
8247095080
9550562785
9392537030
8069866718
9866557669
8922295666
7013546572
9951450906
9441041630
9873586845
9676843857
8169161916
9963202681
9490972205
8922459895
7977764519
8520046595
9666674573
7997231999
9010095918
9247632468
9492929648
9440632604
9705408810
9959947888
7093293541
8074184416
7676226339
8885039390
7288872148
9246915044
9920874776
9247820468
9700459901
9885838846
9440325176
9704253634
9440205114
9866198885
8814223405
9949127729
8328421351
9885550885
8712363799
7013230066
8596222022
9985084847
9703113818
8885653533
9866506623
9440328796
9856778899
7396463143
9440188956
9666669199
9849535450
8919898123
8886668366
8328606971
8639763551
8044939696
8247024899
9650336390
8712274966
9505512888
7729966997
8856230763
9133277288
8143164805
9511527811
9885454561
8639508008
9701500940
9493232154
9100022273
8645231444
9290792509
9652554429
9700890020
8341270217
9709702709
8552221022
9640564081
8008440344
8814224100
9577911119
8143445646
9014050759
6303082996
9059913930
7997007002
9441442299
9866159939
9087493147
9133246116
9493695656
9030421887
9032077277
9299555565
9966130011
6303522414
9000335200
9840810886
8001025093
8130907705
9581422848
9391417497
7842562621
9703179879
9838089057
9849459555
8790373006
9908081555
7989429557
9160121918
9030802223
7731982866
8341636568
9989325585
9667274275
9849933903
7997229951
8341573206
8328685254
9573786740
9642755383
9059592929
9977661189
8037303628
9966895678
9900007645
9030743663
7396241316
8643226004
9761089999
9160090770
9240083061
7396623999
9522866999
8674242712
9160439996
9719429999
9174292222
9859808808
9392707971
7981480124
7989730488
8674248748
8666627567
9440111961
9618000379
9505060600
9989927786
9966432166
9951734688
9849821851
9493626370
9963889366
9989732100
9391417567
9949915177
8886628889
8897761040
8801939393
9985670888
9346285786
9848680320
9346969007
9849583974
7207270707
8647255098
9818866824
8008335848
9848102041
9440704095
9299108149
9573144531
8919637676
6304414493
9676343343
7780126122
8688818778
8001033445
9640451725
7675937629
9581673781
7396666868
9703762070
9704244489
8523838815
8919589987
8852241503
9949848338
9704848555
9908426334
9493779381
9502794870
8985100260
9963804488
7382070905
8647252960
9848360310
9885004615
7386267878
9059674992
7993326036
9000780416
7981427868
7947479836
9246444644
9449220091
9866873484
7207650499
6300414956
9573657794
9030374040
9848934422
9397108109
9000532924
9959002667
7989469231
8008112202
9052751666
9652731188
9000864038
9505150999
9052104222
7396358419
9963527758
9966178046
9989719043
8466933334
8332005053
7989472475
9133709571
9866710592
8500007377
9948514166
9603409925
8142042543
8041017534
7032877888
9059888088
7995180555
7660085974
7337338003
9514844123
8247056973
9052919088
7036828939
9008159457
8367457529
7942876846
9440373818
9966853656
9849107105
9916994546
9440076626
8019267026
9849664730
9441120170
9032433684
9553774288
9642296524
8571230988
8074241622
6302060460
9849556689
9398203986
7702337759
9032695550
9281014162
6301789825
8885344430
9848122738
9440796227
9059593956
8333830510
9949252012
9948253710
9440983668
8143199399
9848115162
9491115642
9346934619
7702981199
9849568810
9848121786
9866842671
7993402158
8331813450
8287515525
8519999123
9248022575
9959169895
9573636802
8309662249
9032845040
8886665595
9866725374
9000033709
9440276246
9000945008
8179661663
8790965544
9642509307
9110529931
7981198608
9010815646
9391577183
8647253253
9866826296
9908052210
6305902293
6305605748
8037221182
9160779030
6302413587
9177149549
9441563131
9281435996
8044939691
6301305779
9885141188
6309026484
9346873733
9848587664
9642424666
9849431965
7386248331
9393693938
8451999506
8632226100
9989620007
7842221777
9153182222
9966749532
9848116609
9908108413
9494310513
9885161591
7947479831
9885677659
9246456206
9700333363
9393020555
7093442777
7075077228
8309051412
7780755863
9290094078
9030212529
9989348737
6300961507
9010196493
9348566566
9885858033
9010501045
8074288676
9492174111
9666447007
8520055666
7386664014
9652337686
9246061124
8639045732
9959011038
7997466477
7331132203
9700872277
8643221066
9666016319
9440203036
8121223133
9550177746
8420499352
9440494746
9949897944
8885667070
8674248087
9533333457
9849276950
9966367057
6746172518
9705771444
8374242902
9573084684
7023778899
7942762703
8071889670
8500008888
9347101077
9000412227
8939469894
9160303070
9000516971
9849521430
7337331103
9885315436
9030985034
9866044596
7330904500
8885018954
9299994335
8558226789
8558225648
9492203247
9290573210
9949746237
6300249350
7780137441
9032115364
6301592627
9392160489
9989957540
9966040920
9888598789
9381581773
7942876852
9182858612
9493947865
9908738186
9603072201
9000868587
8074346181
9700636666
8071264593
9550469143
9866148909
8639836658
8801048564
8142144443
9642377888
9502141753
9293500525
9949395447
9494415449
8886424103
8088215447
9966300999
8099948885
8924225779
8235383838
9030685866
9985607427
9642799123
9491117622
8328557855
8340941491
8466905301
9440087517
9381667885
9390510107
8071326722
8505926464
9704708118
9948404606
9901766148
8178024094
7093265426
9490046636
8106716359
7997044520
9441104782
9110709138
7207307551
7013078009
9392295146
9491330504
8639394142
9492535939
9993398008
9866932499
8071326963
8688778749
9989456016
6309941512
9052516131
9493044031
7382926413
9393632666
9866441154
8121517773
7995969549
9989254444
9849193346
8121851551
8434843484
8501810137
9700047286
7671022399
9014486131
8019244114
7386146375
8500009671
9949123873
9966111468
8552295065
8309037115
9000034330
9302992983
8333019875
9177981496
9182480516
7993794949
9533441239
8552222410
7386939330
9848647057
7013746055
6303929276
8855232242
9494948322
9553324445
9390501981
9703682825
9951776571
9963515513
8919709487
9893844833
7095577773
9700137269
7989504914
9014263474
9490404841
7799892967
9030437031
8552223399
8374973491
9866228857
9949621123
9848616444
9848098700
9949627099
9573190459
9014652079
7997017851
9441302626
9441708394
9441230855
9395375456
7676600900
9550079708
8143353636
7702213569
9959452578
8497904704
8885020455
9441020301
8500177795
7680066655
9849786856
6303052219
9440554284
8121391214
8247257103
9849093817
8142208449
9177937021
9030998853
9440471524
7842206166
9866088986
9701417694
9949844635
8106531868
8073415226
9885926585
8121732666
9393828212
8142651212
8186883226
9492291980
9441794887
9966998762
9492241300
8374749996
9000054541
9908308390
8978272620
9959225657
9754222999
7013103704
8885333224
9502095960
7893541889
7942762698
8639263456
9966623898
8309571815
7337555913
9849555933
9440272557
8855333666
9182363638
9849653882
7799771021
9985019777
9000848676
9030098809
9885899911
9032242575
9010381456
9652271395
9030389669
9347074141
9299995455
7678522754
9848213367
9959092819
9491464824
9160097816
8463921075
6302877252
9133607494
9347872549
9441409642
9676893091
9972252278
8044939698
9440711299
9985188624
7780680585
9908387887
9951069431
9963052989
8978593837
9963039949
9849293595
9440622009
9652223368
7997750760
9985114466
9663461666
9000045020
9849140204
7022219966
7396141712
9886545199
8328088568
9492021739
9989337708
9550128296
7702513986
9963333123
9966997525
9440287414
9494817143
8004198518
7702681119
7207924365
9885649983
9963067390
9849507076
8816233273
9959496860
7032127025
9885172015
9346740314
7337338268
7989279762
9392078995
8639990153
9966261664
9959125533
9502071384
6301722286
6305883357
9346178922
9491672279
8647253584
8571220916
6301214419
9396895232
8309532666
8048740434
9885052825
8121764313
9866956222
9606979363
9004223740
9491855639
8142313143
9491532304
9701162333
9642866448
9912605461
9849214331
8832464219
7780334993
9030783178
8686112127
9290442725
9948233336
9866490389
9848112196
8919497474
9247862127
8639473098
9948839679
9849171385
9573669828
9490906666
9848164070
9493362598
6304934504
9392408999
8897827610
9885478603
9398535309
9390922028
8885384638
9063470294
8555044255
9000646400
9845773880
9966761195
9603907208
9848155516
8071264913
8832426155
9133135477
7989032856
9966202073
7995595355
9959817018
9030551110
9247741677
9030596508
8832475909
9347498817
6281627779
7661808835
9030050034
9989872931
8374671525
9701019193
9989695993
8892897777
9248766991
9848973007
8712016888
9885476271
9100393678
9908158561
9492336091
9866326565
8886665264
9697719999
9885539987
9160730202
9703258999
9490715891
8886201487
9603241111
8820782828
9966231461
8842344123
9441124815
9573771736
8890699477
7942762693
8099936664
9093868686
7013067584
8842361806
9054898889
9666228380
9993999865
9912698895
8247525458
8688604758
9848239001
9848022373
6305845452
8332939399
8977164744
8046512441
9603499504
9070702005
9542517425
7675878638
9347894174
9182983749
9642432423
8924223105
8074277024
7036190873
9440675258
9701424209
7842234444
9885061610
8247772756
7416500559
9959992373
9010516966
9010490375
9704264463
9666670493
9248094929
9908950020
8500182020
9381241625
9052588333
9494074740
9154334420
8645450725
9246666246
9010020281
9618661066
6301854354
8466099883
9705668866
7799918628
8309043462
6302275804
9030806185
7800174001
7730913713
9948588999
9494692044
9948618587
9381549995
8045952007
9666681786
7087659321
8790001041
9848377711
8143238979
7386944444
8121335482
9985775501
9542445972
9000770330
9963269997
8143653777
9014474455
9704393061
9988747778
9553345491
8856231100
7732000120
8019777178
9502874839
9290131327
9666404499
7411781297
9010405314
9848104915
6305732889
9494147104
9989985336
9603888055
9014488777
9440664929
7842591009
9494012348
9394041267
9618321672
9666287101
9440111667
7416398464
9642327234
6305846854
9441834447
9182822481
9000090800
8963221425
9063320388
7799771136
9515404080
8886635749
9491675598
9441039614
8309434571
8008443888
8008833999
9441745003
9885778188
9966126653
9000271948
8814275853
9493562798
9849243383
9963585115
9346675912
8095911211
8885550607
9542222732
9949722602
7207447830
7997211920
8688447830
9963207873
9052448844
7989939212
9246462940
9885982762
8620990999
9160100143
9246666457
9030208820
9908003555
9490983299
8374512333
9866747476
8309545353
9866578188
9704728042
8008007879
9502131252
6281369722
8819351615
7799011116
9398804412
8572245700
9441152276
9133302999
9494827787
7997797715
9346666484
9440273214
9948587774
8819225338
9030912982
8885819197
9949838340
9100939384
7799889972
8672220925
9441865555
9849114406
9110382362
9494386215
8074581783
9206211192
9555993366
9738777779
9052814888
8919546858
9703011958
6301620029
9606979372
9989968699
9848242167
9117289999
8886664416
9441498813
9989347504
9581734747
9444941111
7842223666
9440265300
9440478229
9688817812
9246467456
9515112146
9553361188
8143514514
9000248084
9014368660
8374260930
9959215570
7942762692
9885013295
8922233249
9866005552
9100232525
7032041925
6309862208
9490763222
7702030301
8374537037
8985405220
9030668343
9440436392
8942279422
8522979614
8639158212
9441467715
8500334567
8008849499
9346921066
9440714477
9392520617
9133676699
9889885557
7093507570
9440917307
9440174259
9515617445
8816235556
8816223247
9948724499
9550801180
8816234076
9052453862
9069068787
8099877938
8179228769
9848223518
9290088329
8106206000
9177796660
9581303954
9703490090
9160000668
9985278601
9866663350
9440971458
8179316226
9505953883
9666688332
7013644435
7396963604
9848189888
9908052293
9440286769
9182367720
9573630277
9951367914
9618537499
8919306160
7799466371
9144030405
9936611141
9666222206
9849350933
9848528332
9888964446
9182975630
6309977779
9849135358
9121166920
7095178568
8106226953
7702228698
9885108000
9441662948
9182445579
9291599466
9908506119
8464999920
9693917688
9391602300
9908720786
8712457557
9884055415
8688837750
8662571983
9346459428
9032078033
8463924483
8463924903
9963324865
8500068486
9966221218
9849235760
7942762697
9966756601
9010557777
9346687693
9705550055
8977403551
9700555397
7993988755
8374186789
9441914642
9491925251
9859991991
8341888860
9440207366
9441854335
7901220777
9440664662
9490539163
9963699979
9491291002
8099933308
9700083476
9490486781
9865938306
8596222982
8328369563
9248011858
7942812243
9642233455
9490175940
8008803503
6301958505
9393840955
9391927770
8247630892
8886498882
9502568731
8331820242
9498080898
9885555183
9347411287
7702730030
8096903555
8825220163
7013789949
7942813314
9384805574
9848971796
7942877835
9704036658
8247382437
9182381368
9490789495
9640502024
8096818646
9703336116
8125302246
9642607979
9885079009
6301851915
9177519551
9133049268
8836666680
9000996999
8520807893
8832499066
9498054256
9505975970
8886296661
9985051244
7729029088
6281829356
8985403630
9493797319
9948202323
8832443335
6380026596
9492381308
9177852526
9542637116
9849520517
8919144025
8897622296
9248094455
9848377695
9949173883
9618971911
8143145383
9553887108
9908286174
7287049516
8626251188
9885026273
9000119990
9930646982
6305991534
8922235500
8291029584
9676712999
8459179307
7995277758
8516916916
8922252900
7416264455
8500303003
8099118060
9885875717
7842333399
8074896609
9398485699
9292459459
9052703828
9848163050
9848586116
9015964626
9989281413
9985786666
8037762185
6301241073
8978126757
7382333315
9902333311
9390019331
9849668466
9182212221
9491206141
9963361515
7989423639
7942762768
8374444414
8885858895
9493999983
7331192999
7420014074
7942845926
9849835736
9494645681
9347951605
8924221333
7004375488
8069248267
8924222900
9346050403
8185870802
7981317178
7901241330
9550921326
8977331660
8977599995
8019912235
9652757565
7396596433
9739588365
9246630957
9848520848
9032747315
6301042530
9396225293
9177930164
9381141518
9014312825
9059050410
9908968639
9885270817
9603554535
9492606970
9542099972
8019199129
7594002510
9704165134
9866281355
9885942135
8121212449
8879935417
9160126206
8674243494
9618627774
9505716269
8885909052
8919181844
9010144141
9440388919
8647254645
9391261611
9392939449
8328451389
7337206110
7947479872
7995959939
9849694560
9494504320
9059931758
7330900525
9133906563
9162828362
9985555946
6303817808
7947479900
7013006011
9010775599
9390593232
9515452478
9949894891
9505555673
9490592073
9866917393
7331112228
9849296408
9440830031
9247266674
8106802134
7794917109
9182075118
7842007827
7780663467
7386622463
9848756106
8978154033
8074256696
7382533644
8333997836
7829444644
9966336027
9492879797
9700929281
9704178881
9849229565
9573682900
9494543819
9505213766
7702714814
9014314090
9908020821
8647255466
9440712886
8019931254
8632231188
9246402174
9848613780
9866025075
7799385828
8520027510
9849665505
9966961566
9059459701
7036401829
9030751917
9866508657
9985882411
7013553440
7337256555
8040184450
7288978212
9346347625
9133533883
8068426654
8922233528
9866682886
9866193089
9703344483
9490231698
9441518705
9703575810
9000206864
9959225688
7337042340
9513480480
8556222629
8623242040
9603553355
9985761069
9030492829
9121650385
9030227759
9040069626
9866664517
8106818437
9866828983
8309597566
9848302586
8942227691
9440115686
9392323974
9440383409
9440937584
8985446661
9492327421
8660509448
7358897492
8570255202
9441774863
9494311333
7013371641
9290996681
8008123412
9052052068
9912693720
9091108108
6301817729
9133711823
8897584242
9866728920
9398661909
9866318017
9848357543
9441107642
6281252588
9247142035
9218169274
8106454599
9059493661
9492000876
7013312462
9959952358
9490882020
9441444639
6300872151
9848169811
9030329087
8978343809
9502078900
8071331055
8919091433
9966693997
9526953183
9490155443
7386767596
6383529821
9966322889
7416523128
9885022444
7338826985
9490165695
9505671395
8179719799
9248017276
8712338999
8897873468
8186919636
9441273879
9030400551
9352568128
8571224515
9989529034
9618918968
9866624660
9963977775
9618653325
9391838407
9856009856
7337586718
9000917123
9703859593
8080599778
9154222444
6303168466
9848930139
9866701426
9533329591
9848532644
9494477561
9966843406
9849614829
7893948606
8121827770
8639000687
9440215158
8044630730
9247382266
9440559307
9030804367
8572233753
9705493605
9441065694
7569870291
8309276769
9966805786
9398404095
9700275111
9866554055
9182637292
7386799999
9346346402
9347900900
8644229197
8672223555
9848569772
9182565321
9290187792
9618426422
8328381456
9182557626
7416166138
9486990928
9182763376
9494555291
7729011777
9030584542
9440823563
9177820924
9666653959
8004252858
9949961680
8592221634
9121818866
9912099346
9440586570
9440664181
9985571494
9440607924
8500661113
9676190166
9666657567
8812230303
9492489153
8500038881
8121034590
9704866888
9885155451
9246665498
9398977522
9010281111
9908106963
9701268886
6281312384
9160345682
9849542228
6303588697
9010959797
8331918417
8832438071
9848840908
9440177573
9533337756
9581239560
8832425741
8329894792
8500842125
8554251234
8008594945
6301136873
8106108827
8554274002
9000203679
9394883049
8867700562
8554278427
9885900945
9849559345
6300922738
7306544503
9440119043
9010766866
9885439048
9000901227
9154281195
9849907903
9866288990
9703201927
9393972205
8518221500
9949884890
9966209982
9491901035
8297481733
9640911867
9616766256
9182975684
9493838407
9581360757
6304849931
9550660670
7680999426
9700693478
7799990219
9849397733
9440898013
9347211359
9581322888
9573721541
8074153278
9392340888
9030344912
9848333307
9949443433
9848078242
9030811485
9573933799
9542184503
9948430568
9533336383
9030990900
9849995754
9701799929
9573039376
9652459888
9948102259
9849879565
6309675689
9848564726
9885412118
9849704848
9603244223
8184925926
9848621248
9440681630
9912945888
9032233278
8500242150
9951066961
9440250030
9652955511
9866479499
8688783788
9392755671
8866556679
9849183517
9290131087
8712012345
7093672408
9848486962
8662424934
9866000440
8143299993
9347023566
8755582574
9652371594
7306442233
8500091330
9441091912
9100991702
8977481234
9440248276
9440248401
9949443329
9550464442
9246668692
9392912607
7893228193
7989982896
7989829669
9240031040
9640995789
9849148888
9949394555
9959225550
8044953827
8125371555
9866629349
9948351026
9949472877
8886568555
9030054549
8008441855
8555923471
9948461966
9951171129
7780437077
8071889799
8886665887
8814224511
8186909566
9949328602
9885118214
9346827974
9666119655
7976380264
9866663724
8814223141
9666350503
9640287271
9493704708
9966610896
7386719505
9866096818
9440061514
9666656156
9851247365
7036774462
9494544305
9603070908
8647230877
9440193650
8500253345
6301313891
7981151993
9885289481
8037221096
9059965551
9492545450
6302440746
9440100235
9866709967
8977877383
9912918433
6304209345
9441058956
9441089607
8639713124
8712601885
8945294898
9000501431
8037016373
8047027159
9966066777
8062916185
8071889917
8019201920
9885314555
9494689393
7995716742
9397916225
8019398699
9705959792
8328466128
7799955999
7799408166
8019184151
8185802956
8019985594
9550077534
9240013912
9440001447
9390610919
9848537356
7661904370
9440750851
8852241960
9603898768
7382129139
9848664462
9652112623
9908459305
9550062685
9542628436
8008738999
7207230334
9059247017
9885372424
9000014108
9014737777
9392625858
9052316888
9133932399
6281303065
7942813659
9701225799
8985242766
9966045679
8885763999
9848013373
9010933555
8463999919
9948457444
9014907222
7548845042
9347155369
7674079048
9840103541
6301457313
8919767646
9701368565
9908643089
7075371737
9791230451
6300371151
9440088240
7893441688
9177036975
9502496163
9154971691
9347423238
9848377738
8657568512
7981806555
8886224820
9789778985
9494099678
9849627474
8500434569
7942876807
9010035559
8816225669
8977743275
9885670256
9849311235
8816230555
8463931347
9491517755
9398223232
9032748817
9951433977
9000075533
9700766659
8688589900
9228849672
9963944455
8988885666
9246462080
8897376778
9160992107
9347816129
7306332699
7780663723
9491511705
8978857847
8074779263
9440837782
9849499960
7207107971
9989216305
9491922208
8790373886
9398185660
9289922417
9010430000
9100137155
9293737276
8142221695
8008445191
9052139999
9030359459
9490110780
8002680000
9951183426
9542223362
8639918223
9391550456
9396885349
9538572666
7036844045
8514222212
8514222291
8514245334
8897744048
9866247099
9561423585
9440291300
9014820320
7947479789
8919396627
9703430506
9440307930
9581444014
9553397708
7989444293
8885712229
9000069145
6366952276
9885829937
7569856641
9959143212
9248543248
9949201875
9160236023
7036975752
8919999384
9951097732
9581666064
9700245590
8942222203
9059966745
8660515782
6300054793
7658942130
9885919675
7306794388
9440006719
9063630030
9908626862
7981071294
8074230265
9963573653
8688439325
6309456553
7286997186
9291081084
8074624287
8074561505
9912688125
9030057777
9700277754
9398681653
9347778715
9441962515
9491841080
9493047786
7198099448
9959477083
9652922108
8037016462
8121292920
8019990007
9494446686
7548805772
7207207247
8106663105
9542719995
8555885479
9885793763
8074838577
8886090199
9030307722
7845363985
9182461033
8106511611
8125983849
9393935223
9010572223
7036353434
8919525302
8008577523
9346538033
7995579997
9393939513
9866600935
8886010747
9912345541
9852585668
9493937656
8555832881
8466936185
8099999269
8790157079
9493826752
7674959604
9848911777
7799966285
9201010157
8125167385
9000943667
9704441235
8556224801
9619633028
9052630009
9885332498
9059985041
8037016772
9281014164
9885515456
6304056721
8044953897
7799779116
9704740646
7799918642
9989969724
9515428488
7799965656
8041017584
8877992289
9885396143
6300158556
9042267798
9912854431
9985175992
9347114229
9966959067
7989562357
9393871094
9248749046
9000156322
8309660901
9581622624
8643224022
9966131693
9849887530
8555805858
9492140267
7799404755
9959225872
7386440344
9343328177
8985049497
9030196001
9885971740
9396218012
8071576042
9963695473
9848911463
9299999496
9494692894
7032711094
8499945684
9494496105
8121279609
9985692992
8854255900
9985018999
8854253329
7548809274
7285916916
9703484836
9848578888
7893357703
9052508350
8644226060
8885888516
9963210055
9533381222
8121612134
9849500465
9392003875
9951647943
9966260368
9966496669
9032555639
9966552565
8179398492
9248495999
8071629857
9246483744
9948719222
8639741677
9700420470
9063666310
7093386112
8559222211
9703600373
9885193211
7382507799
9966485757
7997246989
9393386668
8647230636
9985856108
8632333369
9804040456
9700976244
7013400594
8008360119
6309426620
9494434949
9248678888
9441690237
9550237882
9581964196
9014367190
8686808074
9948617617
9014206867
8297042555
8712312335
9581494161
8977860959
8037014009
9052586104
9392155656
9542722999
9059912930
9885492077
9032610100
8977000605
9703113111
7056247365
9962716989
9542785269
9107379379
9533335977
8096391110
9640767616
6300273041
9676840909
8985551812
9652991173
7904011212
8672225200
7075135858
6302877101
9059992626
8309181821
7013798645
9246697889
9581025088
9618042952
9959657586
9966699992
9100903852
9553358422
9652818079
9666155551
7569254052
9441022237
9440242799
8897678767
9182452022
8106411741
8142399959
8520887419
9246644899
8639027967
9505388488
7942876859
8977633400
9780714714
9908036331
8099255555
9240083059
9705622111
9030808222
7942810811
9949845272
9985258294
8592233647
9885106121
9550212181
9502614657
8068426607
9247032955
7989662047
9490175908
8328284556
9110325595
8046333633
9291252774
8885557620
8341993259
9581943889
8592233173
9866395416
7660090755
9199099919
9963629009
8919019792
9618925728
8019225428
9110325727
9133317811
9948517949
9985004979
8106106512
9885082906
8500388881
9849884055
8812288299
9848671313
9441528464
9063655200
9951808899
9985630760
9676664311
8068426685
9949863687
9701702620
7702799087
7032761679
9866024855
8812238538
8096090301
9246678890
9948423233
9346944389
9494893336
9000039789
6303143873
8842383366
7373579795
9440567346
9866483780
6302561204
9676564656
7396494444
9493566707
9866408648
6300537624
9030773737
6303738760
9542524200
9052786847
9100909010
9493333069
8071858871
9290129319
9848338487
8309595923
9505244455
9849390490
9848333679
9851688999
9247319273
9963322214
7675984773
8500619437
9618858190
9441177776
8309320008
9866369153
9949405499
7799722172
7399942222
8464821333
9885968996
7997282729
9246642899
7019280827
8374006555
9848034711
8985608456
7200333250
8886752777
9848366706
9948313972
9533412345
8978711335
9959127112
8401375434
9849763445
9618611681
7207486744
9989252999
7386452890
8832445679
9948056666
8832448777
9347577204
9542815425
8500464809
8341588488
9885959013
9398330065
8074331574
9849664860
7794005438
8790909648
9966923757
9849144765
9642337896
9515537503
8069352457
9440254945
9440429450
7416179113
8004193555
9849385558
9888147778
8688016999
9030152020
9177756497
8037016767
7799339544
7569690077
9014142388
7672021267
8846688888
9499979997
8919164239
9703999612
9948037897
8501900433
7997503333
9010431555
8037762179
8297123123
9848684444
8985816481
9848682499
9553400015
9985150441
9491049653
9440074897
8067335514
9014651898
9949885407
9030771050
9951721114
9440594646
9494339148
9440328768
7842342696
8071640317
9397818950
9866687669
9393995998
9550576144
9652992476
7799934565
9966284747
8033113311
8179399021
9999668634
7569310764
8712292555
8143283628
9542883344
8553440021
8071889669
8790333399
8037781990
9014623235
8037221003
8074747790
9666206349
9412093295
7093042495
7948234330
9502302099
9642722566
7093393435
9949278777
7793977345
8143335858
9948471987
8309699313
9491258963
8832473026
9490835009
9848184494
9652495555
8836666863
9150054813
9866793558
9989856444
9849945317
9290795925
9246395566
8069351785
9949405592
8977951999
9493163424
9573422946
9985793888
9866461153
9581309931
8099672560
8048045203
7386665786
7448933747
9440247891
9959639311
9440285945
9177580401
9704362345
8071890027
9597552072
9505179772
9247122338
7981889279
9966496267
9849653731
7396595929
9493789290
8464050630
6300680471
9959951110
8008579465
9030525279
9885756591
7013441211
7799000499
8069352452
8069351658
9550078437
8886163434
7661054589
7013248355
8309635003
9858251999
8071858800
9491295771
8046512392
9959214052
9949045910
9949940080
7893413847
9063122122
9849501706
9347129999
9951258888
8037781518
9505070767
8977455557
9542756363
9000344211
9848000611
7013338503
9949784184
9032433345
7569618553
9492094777
8125685366
7845117111
9133179074
8341640059
9440395568
8008840084
9948093554
8071820212
9849727007
9573939888
9866736969
9494340555
9866736088
9440664448
9542146560
9866161372
9948890631
9848145450
9700936608
9397905405
9701461545
8143249124
9177316622
9281152223
9666387666
8500450044
9014771045
7731933395
8074147009
8886893739
8333891166
9392339556
9885457833
8247373188
9441190296
9701454002
9491355955
7981816599
9618687174
9985099482
8069761746
9908586986
9492915728
9985577774
9966476979
9985678424
9701034958
9381212175
7799884789
8142428494
8125757365
9591396000
9989230330
9885007011
8886277555
9296153668
8071629534
9553918190
9390689809
8519968174
9866162299
9393720303
8978855222
8500795541
8037016330
9666728234
9948951240
9440265670
9848809220
9000500302
8069869698
9866934789
9640009191
9848887467
9393707071
9395388308
9985772024
8512222224
9490658835
8002081234
8464052407
9652427709
8512220240
9908038776
7013427110
7702338696
9010900553
7382213680
9440288923
8657568648
9963052573
9642666919
9849916756
9000748777
8074866103
9440324116
9494748600
9966650505
9949456667
9393936773
9391234447
9948495786
7780526322
9963988566
9848482144
9959322376
9391933145
9059939389
9000616064
9000410774
9705176859
8008772784
9912168991
9182851698
9704607866
8942222156
9441892278
8712137637
9440493232
9440523731
8948132380
8919562719
8985342548
8309230838
8688292184
9493360001
9494426600
9052888000
9440959089
9440736826
9440830318
7207996737
9019319999
9884792656
7901041555
9581711145
9218169230
9347737102
9133090256
8143672299
9030607016
9059036345
8712341473
8328256030
7097661786
9036454649
8041017545
8037781991
9848863236
8688123064
8071629428
9052181777
8047027146
8044953811
9502059777
8041017603
7039001475
9959395652
9347183582
8067510306
9440222907
7993820714
9492327642
9032420400
9440093828
9618812349
9573307135
9959996676
6300204399
9329164410
9885656836
9502689217
8062913774
9949073681
9700306777
9848106444
9963885669
7989017698
9966669972
8897996616
9666099540
7893939337
9010855118
8317678919
9948179944
9885228536
8121970627
9985653636
8340840897
8885638989
9492492648
9393211221
9440284726
9701863537
9848238467
9177020410
6295079976
9550757999
7799880679
9866263338
7799880678
9952314985
9441916909
9121092129
9705861297
8886143777
7338110297
8067518072
9848295244
6304502065
8037907613
7729991108
8886411211
9490759510
9985155555
7036111101
9848575991
9059611499
9849071492
7207299998
9742772929
9866835102
8578222214
8578221430
9491522275
9848184204
9133557766
8125634099
9848212453
9555659659
8071326986
7330723489
9966087009
8897290400
8500301813
9676594825
9177959829
9989836444
9985678881
9704928212
8130181301
8069828106
9399393996
9500138281
9849368678
7386455106
8070743743
7075678369
9537622758
9100373806
9666913613
9989120558
9849316984
8912720072
9676504174
9247103929
9396705854
9885674466
9966665334
7416770618
8985276677
7337333948
8912783575
9985831850
8977054254
9912107506
9951111111
9246651059
9505345123
9901172626
9959247279
9989895491
9492757546
9573649985
9618352274
7729975080
9440171297
9908700882
8121612187
9492946080
7330710371
8121266257
7207766842
9550752939
9908777222
7036088824
9948141476
9247118764
9440254161
8885861470
9494954218
8886422649
9949595090
7995154867
9849136394
6303473481
9848253671
9441659637
7780623199
8977991144
8309010023
9666154524
8688888903
9848293313
9912371255
9032990099
7093615900
9000707365
7799881165
8885578016
7013469420
9391612368
9000394573
9966250045
6302816263
9177536222
8143646043
9346511901
8143674757
8328656753
9848776480
9703046705
9490350427
9849849824
6309192250
9441204489
9440567335
9885777379
8099380354
9848037657
9542399345
9440651960
9949398161
9989499932
7788993939
9347729708
9441468940
9440841324
7995608385
8801418458
8500273929
9393628455
9704933319
9100408505
9963521144
9577334499
9347466546
9848371133
9705222844
9502766817
8814222662
9247466460
9959561922
6281869923
9246462676
9603031755
9949775330
9666584271
9492525586
7013303323
9391339165
7675991777
9490280025
9182337723
8977255714
9949964923
8639484911
9494468922
7036399997
9866529205
9848654564
9848472621
9177964999
8555818946
8047027162
9440582006
9347809460
9052912888
7893403344
9849198494
9573012442
8978601901
9110729757
8333809999
7337552410
8886786761
7382082555
9100752753
7661970223
9441450865
9703577784
7799357979
9966242554
9440524435
6303980538
8328019264
9963152003
9492337744
8801148687
8626251999
9849262473
8499934819
8121157719
8985620038
8074872516
9848246418
9494951436
9908755118
8985837642
9133031531
9491377026
9490103958
9959987442
9502336015
9666072831
6303223383
9154260555
9848430006
9618997769
8790988633
9959592564
9490607573
9676323455
9440999581
9494569822
8112188888
9985688034
9959000898
8332990331
8497009915
9063171786
7799591234
8106348584
9703777686
9848087880
9502354460
9052507754
8037513750
7306037772
9642961945
9985942862
7780127515
9594820169
9703090901
9949820547
6301735271
9989693143
9981611822
6300628712
7801033370
9848546231
9986612121
8067518078
9666480600
9542299444
9848279000
9441157320
9906170125
9492081033
9666004043
9701769565
7290022123
7416616646
7799772651
8912566656
8985898866
7732044514
8912558162
8185921684
9885011347
9849727146
9398994468
9848031158
9866234979
9676370616
9848878663
9912283966
8912564825
9132743999
9052177377
8662441116
7042424242
8125818282
8008588871
8226822662
9491323838
8922224034
9440532952
8977936373
9000437300
8750687505
9550232721
8662535595
7330984620
9949142891
9009001489
9490272227
9848125539
9059179779
8942226222
9346222567
9440838758
9849387474
9440195005
8069840341
6304587930
8297554488
8985443072
8632223456
9491616663
9010177709
9912912510
9490725164
9494149888
7075560655
9848526555
8818224555
8037513853
9494470477
9848222113
9121922992
9440706908
8291540681
9441083001
9010891196
8688485868
9133033354
9866599955
8885842585
9885534444
9966795208
9959579984
9392113553
9866567567
8816223316
9010900024
6309250666
8121923458
8816222021
9573688534
9951177071
9985897342
6302121295
9167996162
9440670022
8523045118
9989957301
7013243364
9542040098
8500562528
9966337726
8309295120
9489470755
8885777934
9246627505
8008644024
9885433795
9440540363
9652345821
9703910334
9885557572
7794839928
8881888311
9440895898
9849554400
8519822840
8297311251
7780375361
9121993726
9502694212
8975119070
9515849005
8512256499
9849956464
9848737775
8185959118
7013537325
8008572629
9885233262
9949725645
8125245525
9030334545
8912549663
9966354003
8630000952
9885545139
7382012357
9493181317
9963333533
8500809550
7207453127
8919322121
9292009333
9494728222
9177666149
8096666070
7075451759
9160241069
9393938011
9618159662
9866654725
9885584000
8144224422
9000016217
9988593333
9177842098
9849670541
8523033222
8662573816
8340949959
7799779987
7036353948
9347234144
9440356731
9381564401
9000275716
9885758104
8688998855
9440384309
9640842477
7075703899
8096628888
7799990008
8498831111
9863636347
9491383444
9392187954
9550602045
9392933082
9494467542
9440673675
9121232212
7981574923
6300856275
6361513001
9966903977
7874816816
9966636687
7799720707
9441368182
9989033307
9652899496
9618961111
7799890404
9989777909
9247040404
9246434586
8919617211
7799444747
9966799916
9849150590
8639892877
9959596813
8374066658
8500554056
9642422223
9032123143
8500500065
9966337313
7416006806
9010649010
9247772137
9949935335
9397144555
7799242233
6281698606
9704902008
9885019742
7780769606
9966639960
8978886336
8668198393
9000881528
9949403558
6303628947
9849465401
9885400676
9963900692
9494980808
9966087111
9848692237
8772222043
9036334466
7075219191
9848780524
8500659544
9292005292
8686730762
9494776969
9985335254
9390908590
7222888440
9177263484
9666292029
9346821292
8331033222
7207399196
9440742202
9741364906
9959246648
9700643424
9652842056
8977196381
9666368629
9346885910
8801571844
9502216436
9000478488
9700778867
9902702351
9440722399
9963835252
7569244943
8282897899
9949084646
6281113849
9030409045
8885005521
9177722606
9014298850
7416963266
7095908118
9848608678
9533279289
9885296700
9440492924
7905419578
9642462856
9866645899
9848668773
8819224056
9951374000
8712959595
7013414004
8333094754
7702211500
9642818783
9491286540
9440419122
9030262673
9491592642
9849546999
9553990539
8332821379
9703201440
9989330326
9885097211
6309770278
9542424774
9985256289
9789357955
8885656701
8179497991
9394438879
6300716616
9676920797
9000919146
9110742008
9849322869
9908884031
8099237117
9959009671
9502461515
9390808700
8328372392
9949153087
9848861206
9108157069
9885028823
8328403432
9110744845
6302407909
7780593112
6303974896
9390346733
8106013131
9440312568
8856231978
7416102489
9849442595
9676760422
9536333888
9059047871
9000046380
9885534222
6304489040
9866109090
9491290697
9985999490
9491629740
9100750095
7893535399
8922224444
8500129406
9396978888
8978438292
8500508487
9885873976
9381625959
9000382815
9985585978
9966887242
7981100599
6281890153
9000375999
9966336119
9866853517
8978074808
9553527315
7671963346
9866963874
9440453668
9014355232
7013268812
9704037172
8639191975
9988686777
8367270187
9154443078
8951950630
8328373754
9492969868
9440204601
8341213052
8897791122
9849332519
9441072777
9133624781
9441887407
9884450338
9491324545
9804359999
9299992776
7036363914
9652791004
9666711555
8688118388
9941038999
8500933123
9989573006
8147090471
9985162727
8008019261
8309071313
9989333678
9441095004
9866151249
9849274508
9440727925
7032854592
8500791234
9550002000
9347031127
9553355654
9866141677
7997567888
8500002084
9676747674
8465828999
8832463981
8836666945
9848182373
8071640083
9949151523
9494003533
9246823001
7659999615
9988992886
9642771508
9966636658
9000920408
8341708980
9908511140
9492642244
9951284704
9849968553
9789033476
9885252699
9603915000
9290900000
6303506678
9989906763
9128599999
9502062404
9966680845
9059811225
9398867707
8150933624
9347151904
7702072615
9494651641
9246730407
9985373830
9885824878
9966688870
8039664989
9885331975
9866026305
9515433664
8309991675
6300704086
7382006619
8121424208
6303778198
9182430579
9848814432
8688126567
9989933344
8886332056
9441141633
9949840820
6301456610
9032329111
8309941259
9989360099
8977585199
7699911999
9966998000
9701594700
9032626257
7093075454
8885895645
9966687777
9494570570
9812559812
7382104808
9246632693
9493388818
7337007601
7995859917
7382529018
9866644094
9778489999
8662576940
9491830839
9290781622
9848134472
8662572949
8071889916
9392115327
7673977997
9393431796
8374153731
9148787678
9945196777
7989695234
9553008009
9550076336
7659061115
9394107157
8328121302
9502459012
9866501243
9959818776
9550398699
9949903611
9640521746
9246929964
8125267801
8125919645
9052252253
8001036910
9849115145
9491709311
9848074580
9030983000
9052352352
8885520777
9494841430
7095226144
9949945588
9949125008
8639278796
9908312202
9392494750
9441535566
8499963278
7075721770
9851446644
9063512645
9494551441
7995575511
8602666666
9440195952
9959000484
9440881000
9908829124
9440988572
8688222860
9949904143
9391665177
9440095557
9849540034
8562274262
9652066890
7815851330
9676859240
9133196257
9966746488
9441277865
9642748414
9908041339
9014248154
8801400530
9133681994
9848652422
9440439548
6281452985
8978068447
8688000777
9912656905
8977011661
9700563000
9394107331
9047067062
9177100954
8374827788
8309438450
7093195522
9059821822
7396966075
9494969192
9390374899
8123416897
8885559900
8008558500
7569234647
9502883410
9246493307
8187878585
9912345617
9490769059
8662444295
9392093993
8179120888
9985848771
7382706986
7780372844
8341966191
9502193424
9966483386
7041666469
9575993891
9393936261
9023444456
7995532732
9390920850
8912560153
9652018842
8978194044
7981700599
8008700175
7331152200
8712127512
7659912385
8562456376
9550056111
7013729269
7013485760
8919960919
9701693014
9492759159
9948472109
7731850189
8037537165
9989204204
7013204313
9490077223
9642547777
7413500377
9966267412
8879242756
9886589899
9849111511
8142000099
8500219999
9441916446
9494410769
7947479821
9849663241
8074265748
9207200444
7095658370
8037513856
8019221463
7670901465
9000633599
8019478581
9951663661
7989086009
9393930056
9032100047
8359805980
9490761943
9100387755
8019776414
9346864074
7842966686
8985600078
9959850082
7989255690
9347330109
9963505922
9849482301
9618055055
9000411818
9849290371
9248148171
7702303030
9885082666
9704554411
9703579797
9398842139
9160035135
9533118695
9502850576
9951734987
9642416814
8633561596
9440494368
9492082456
7799182104
9154946062
9966711109
9912118585
9032044588
7396663154
9032856601
8985281357
9533569997
8886352257
9884433879
8686335393
8142225557
7997999698
9949860643
7997509786
9533375729
9392534808
9885089486
9032198379
8827698827
8885803214
8662560782
9177179991
9440421015
9398414289
8096772987
9573398233
9848068989
7032112646
8648222699
7947479834
8121320444
7989422819
9573029269
9912725156
8071936981
9949988788
7799544497
9100949744
9880690617
9949687349
9441143866
9533121111
9381569923
9345100136
8309446202
9573454058
8912726377
9440983094
9849133533
9441969334
9966040077
9959693322
7670901543
8912573515
9177655999
8121021051
8184913700
9989053046
9010267930
8812244244
9440145883
6302336492
8143530112
8099255355
8885557931
9705398992
9901298586
9100745576
9888193888
9951759666
7780711741
6301401250
9440605795
8004199399
9100645802
9032247867
9703131527
9052593245
8842354989
7378123123
7095045555
8985201818
8179233447
8675558111
8842375036
8008142799
9491997171
8328515813
9441090700
9912916390
8500565655
9849536908
8897992991
9515988508
8297742999
9494336953
9951762370
9553547086
9908636735
9849338661
9573334408
9899888765
9885833555
9581737779
7989904263
9440570629
9281014160
9014312414
9494145369
8842351515
9440167801
9121093386
9151525259
8374518334
9885558917
9705261066
8884444023
8062646020
9642708608
8886333132
9493231122
9966264345
8520958352
9989624553
8985501476
8143464841
9652762779
8044630710
9010170693
8886444698
8662425942
9912435959
8801138095
9885059710
9963333136
9346993740
9959556669
9849112666
9059120488
8037013980
8639789300
9573582310
9390212699
9014270279
9492956319
9985258458
6281522320
9550244311
8912592327
9348403399
9966055369
7989236795
9491787395
8886333708
9666994413
9542684789
9705230176
9959996555
7989234666
8885351779
9000616843
7794867184
9848871223
9440143174
9440433606
8142880888
9550077295
9000446556
6300401802
9160603636
8143905905
9440871701
6302605619
7013628287
8080260260
9705518400
9441643334
8143731713
8143334148
9493420975
7730080096
9666909304
9030873991
7569042337
9989589251
9701727683
8179302003
9000206058
9700092063
9866662191
9010991236
9652699146
9035916923
9885239099
9700275055
9030748412
9133813598
9700450605
9491049686
9849026960
9848104436
8712390555
7794902000
9059447687
9866025078
9000988847
9550051122
9603969786
9391561515
7997134445
9618837879
9440557679
8552250250
9989904880
9885228046
9000499952
7981780062
9440519069
7505333999
9441575555
9440021511
9440882516
7997818451
9912184578
9440626225
9849772533
9398899299
8816294838
9392763927
9393223390
9177445223
8712152789
9734117777
8677224377
8816255789
9705435779
8186822228
7075403149
8924230558
8886988724
9440373733
9398028396
9440134562
8249727195
9515301222
8121042526
8367092163
9505856127
9666426132
9959427496
9581818191
9666023456
8712278999
7893734638
9440613399
9502852346
8179665410
9505048897
9959141139
8912766333
8332996485
9550155394
8186089735
9440192185
9177732084
7799666418
7036770080
8500016789
8647228964
8686661234
6281288112
9652908039
9848222118
9703461775
9014439988
8942222400
8978393640
7579008008
6303231264
8367502551
8121998005
8106423339
9148657929
8556222575
8919912951
7993729913
9949011979
8499882494
9440938151
9618812665
8074486090
8922294068
7799966008
8564244744
8985618070
8147248590
9785286267
8555004666
8071178507
9493232666
9992223542
7594002639
8978550264
8639605441
8514242901
8686949422
6281260321
9502907447
9290050233
9966920816
9000688888
9866677314
7207403011
9502848528
9066151844
6353536363
9542085205
9966036888
9866393294
9440346661
9666454968
8071889806
8142222905
7680801690
9959494308
8309109234
8790604595
9618707271
9959795292
8297181899
8885286026
6301368609
9492200682
8099984827
9014301143
8099238708
9963344959
9030795255
8807227843
6304945170
8977773683
9346304698
9346555453
7013127665
9849114614
7842125566
9819501256
9553688577
9553726775
8572234746
9848974076
8882659999
9246662572
9849256587
9849506465
9849140625
9393909055
9652263367
9848442344
7989828577
9948206536
9014629005
9396666007
8422965638
9392252888
7995458885
9866409099
9866450546
9949270389
9441265886
8812221544
9989974711
9030183981
9989578030
8790551096
9515777751
9848724680
9494208765
9959281757
8328076626
9963592249
7396563170
9985425149
9573328870
9849446141
9440204373
9440204164
7674038979
9700019232
9550202244
9441290468
8019177334
9030000405
8297794333
9246653335
9908014859
9848938786
9885442646
9121242956
6281275015
9949566689
9849222028
9000870005
9515595571
9240222222
9988859222
8897226722
9908038829
9849005825
9490008474
9218101678
9866858601
9642566303
8125502710
9542888385
8143373343
9167318095
9999841766
9391107975
7989248422
8125749755
9052255770
7989626784
7396454233
8143530619
9866442649
9908254531
7675955505
9666705999
9912941794
8885907949
9966200006
9542495425
9429690338
9948236128
9346928141
7095212222
8466899599
9127430043
9966334451
9900253986
7207208230
9666800449
9246999777
9573944152
8978131666
8772264559
9703931315
9700505158
9030405050
8045811724
7331120989
6304111209
9491784084
7997846633
9550011976
9985102207
9440797504
9391368393
9704951702
7893535986
7013734073
7013010922
9063757881
9705585348
9640119119
9347897970
7396550806
9346688883
9966988554
8500322865
9441986655
8008523908
9502085091
9966151527
6309692617
7842534524
7032884305
8922222662
9866158987
9705423999
9948857123
9949405049
9985521334
7702871160
9959844104
9490472111
9293406219
9542227828
8842367172
8686622447
9247235050
9666449798
7207999610
6300597598
9182522344
9000339911
9908013444
9866789479
9989349739
8885777570
9849244055
8297649798
9704738983
9603323998
7981958857
9494221665
9014869595
9885613894
8518230285
8186953079
8518224999
9494742277
9533290699
9505619969
7661000568
8886967551
8978398389
9885116602
9052143337
9703150288
9885202409
8500866022
9247537420
9052750759
9949733736
8522001100
9441129967
9440984578
9908652301
9390638838
9849495601
7780597902
8341759968
9346383440
8854253444
8048851037
9100710777
6302369665
9063789787
8570255018
9391284738
6300533589
9550999501
9248017176
9440971422
9640065995
9985173731
9000773298
9951639599
7893001465
8639309359
7799771041
8819241414
9493214884
9603596345
8520000675
8179069521
7075985247
7075848507
7780315365
8179880951
7661806851
9346524611
9949809388
9121979877
9491597824
9059041044
9179178456
9441028786
9948985106
8044923923
9666672825
8855936723
8056011613
9963878045
9030009443
9044045782
9247246722
9513181881
9963507326
9440656876
9866600671
9666262009
9346695799
9100174777
9121666106
9441381118
9542666448
9642650557
9676762392
9440363701
9032306628
9866435232
9849718729
7386516546
7013322520
9885739889
9849322448
8008577472
9000922882
7687819999
9502141474
9440675273
8801731235
9290440786
9966551223
9652700228
8978157921
9948360993
6302228916
9603135697
6746649620
9861233456
7032274747
8464816441
9390230775
8037537960
9010438228
7396889699
9441264499
8074113227
9440272552
7416848079
9849119010
9441782979
9347801246
9030218010
9494006698
9515969365
9154344839
9550428018
9492331010
9885590985
8099555573
9989008687
9849127385
8879221325
7077123453
9705038615
9700976281
8248110288
7330979589
8179880334
9390377696
9513185677
8814222299
9490172132
7702711206
8008798177
9440811880
9507678999
9492566757
8008590708
8143389150
8645233455
7416081999
9848850769
9014779524
9949432821
6300856617
8647222159
8919394483
9948230474
9849462952
9985093333
8008568150
7382222279
9885730902
9118005700
8842302333
8069250510
9849457667
9852018999
9533646368
9346874363
9397902851
9396967656
8333953792
9948366350
9248017194
8645296100
9247181991
7660805999
7729869999
8688158688
9493927345
9866586623
6300703570
7989138168
9491013789
9849520155
8832475536
7981011467
9247033343
6746648591
9951548231
8499029522
9703390717
9951189666
8790860044
7013342701
8019245898
7660005852
9704037699
9441576549
8341189543
7995441666
7981654156
9052666786
8514242299
9398637077
9951326326
9951716888
9848187046
8832441019
9110705130
8892245161
9849733256
9652547671
9398332666
9848029210
9177615443
9440161326
8897833074
9849627339
9000460000
9652146555
9393844668
9491955508
7013736420
9985610224
7569449683
7075493778
9441048910
9783229357
9704522580
9550714037
9491169389
9121284984
9440964589
9177888825
9393232362
9396744999
9703863459
8565978888
8096129612
8885986211
9666650595
7019397664
9493300417
6301248085
8008258488
9849424489
8919728104
9666907601
9010081959
8500007665
9440866592
7569623880
9154675218
8977999653
9492743339
9494118018
8624250876
9989347276
8341081381
9300113091
9490926469
7799817373
8520008980
9440311667
9133040414
9849589716
7036153153
9398569288
6302829235
8099912147
9502491901
8019532123
8500006500
9346610239
9618383834
8106988822
7799663773
7337415577
9493960841
8903023737
9440467362
8632233469
8632119372
7893390240
9494676120
9959451725
7672022784
9030908424
7893225939
9849055825
7893919955
9866494669
8662543242
8985811764
8662423591
9866649389
9398787343
8069264258
9985480944
9700705213
9177777993
9640448326
9908355724
9949405327
9440674082
9700129656
9704620275
6124158395
8295588602
8500895444
9035590395
9121328472
8374415542
9246615866
9491929647
9030907878
9030161035
9949413845
9154775980
9848191692
9908777408
9866952597
8328591817
9440180237
9393933976
7207851364
9848186025
7093458255
9885891444
9959828292
9505200364
8374888794
8985019355
9494840707
8247718976
6744034534
9392906320
9533855034
8106361325
9959956136
7949213733
6744034646
9346888696
9542067315
7299971333
8832479105
9951775566
9346828227
7966245907
8074432683
9494300726
8985981210
9490592922
9440566530
9701061478
7036442203
9100474165
9849794727
9441120224
8562242299
9885858299
9542535556
7981424522
6305536629
7032619761
8639786766
9440647511
9014880185
8106018784
9391581895
9666867929
9666962425
8518255101
8309494913
8856235393
9866499693
8886669162
8985474586
9441351148
9494222355
8074896777
9441017365
7093949426
8838100844
9281412738
9908273762
8143605411
9849985748
9848037385
8801443222
9581713394
9959113450
9849835882
9393793444
9440331922
8885326326
6744034333
8886660628
8612314699
9100070931
9959431313
9652812001
8886653000
7799033444
8639601475
9700422869
7730940410
8885088281
9397111569
7989372717
8499975593
9100169846
9949134895
9866709101
7057019315
7075896644
9840305574
9703361731
9441877476
8919715769
8632214990
7036470152
9966889392
9044471777
9533667786
7013198399
9949156430
7416206062
9666742225
9989611607
9441808303
7093320366
9603497523
9381812909
8367365969
7842629335
8186998540
9494767402
9848117211
9515008009
9347435151
8341340099
7702503017
9701435465
9908071600
9700981951
8722214222
9704840443
8054359999
8985901389
9492524216
9440969229
8688899984
8662418229
9885876312
9291591039
8125111555
9182040043
9014788826
9573202910
8985658967
8062915383
8976896944
9948870187
9490171774
9032128496
9381350332
8178799819
9912345016
7075320275
9441086901
8332963429
9393439143
9440870330
6300375165
7993480851
9908506700
8978681089
9396623143
7337527399
6281022311
8626244388
9989915589
6281779242
9849633673
8712908584
9859595939
7382222585
9394353555
9849667781
9700038895
8247033286
8866619995
9888355564
9492766246
9100129126
9440006047
9390707577
9985852611
9394100548
9490775725
9848411784
9550674400
7097882953
7989857645
7022151645
9030803187
9908522521
9949444119
9848861113
9966481354
8828391791
9885081012
9703008813
9440092888
9581218115
7993502077
7659020638
8919883025
7337588661
8008500079
7036162636
7013077560
9676173189
8184954989
9502932483
9492349955
8977275554
9704019866
9394212426
7997788319
9883479999
9396444446
9966767466
7892838582
9704908402
6309701816
9966663522
9381432346
7842111761
7013597309
9885941777
8886960526
8686010042
8886665146
7989671929
9640676999
7893738401
8499888872
9491724188
9490200912
9666586006
8520926057
8564295911
9866971329
8096613824
8374568940
9154005577
8644467660
9573536099
8555808064
8886311163
9494757897
9491374189
9849810668
9848137255
9949638755
8500332424
9701411499
9246400100
9493570915
9700506060
9494224700
9177508818
9989968996
9966702411
9441246073
9000999243
9704102718
9701620224
9701476467
7207506484
9949999225
8074464374
8330945566
9966324442
8885122257
9576335577
9440890717
7842828355
9951743965
7013438892
9291114115
9809056666
9246492195
8019559999
9494562646
9491333900
9381240225
8897467074
7013818333
9581477236
7278777999
8978777573
8118988462
7399974474
9233599169
9311946301
9862282369
7002717483
9612594964
7629081733
8732041429
9854234669
8258884745
8132945722
7005017441
9233097625
9233788944
9402222110
7640808533
9863743501
9402278141
7085947057
9362102700
8415812178
9436057700
8132012970
9233450423
8414969545
8729950783
7085441871
9863079170
8731046566
8794824688
7629985333
9856390682
9615109898
7005035426
9954546890
7002891847
8259030353
7630808166
7085722608
7085672047
8486239959
8413985364
7628083142
9862539890
8118910383
9436007524
7005662122
8062358993
8974141101
7628858538
9863445136
7413926777
8809936996
8794223209
9233431410
9602999028
8794482684
8256004777
9612200716
9362788420
9540698458
9233934484
8730045461
7627997316
8258827576
7002444285
8798050104
8798600994
6009200041
8132935458
9362865501
9678587588
8787673640
8413945544
8415865379
7896188200
7005674003
8822594090
8982884755
9089123774
9615033753
8256934855
9774626564
9402677200
8118916085
9863356668
7005059481
8798048398
8258988735
8415858778
8794460383
8794652253
8729929432
8413893931
8974754856
8729945110
8837479177
7005647229
8731057177
8787628143
9436043393
7629877444
9101153716
8259903281
8004005093
6909667822
9378098057
7085160806
9402071827
9402607640
9612431559
9612983405
9856187143
8731084319
9402937401
9402055159
8486792637
8729838891
7629821239
8259080787
9233642917
9402477544
7085424040
9366346932
7411330903
8414984930
9612813435
7085499684
8798866759
8132892771
6909423206
9862920770
9401069606
9402869201
6001233123
7640954648
9856084271
8119901732
9118002000
7411864573
9152928718
9167118957
7357201667
9863329682
8071639258
9233301250
9362979799
7630806402
7827866379
8732002879
7628064053
9401850274
7005893566
6009431212
9863831833
9366994261
9862829877
8729980855
8259865709
9435399660
7994264672
8258875033
8259012043
7005849014
7085427082
6909755443
8795765059
8069575000
9383349758
6901641414
9436863401
8472952723
8505803803
9402990932
9282896969
8730028303
8414994563
6909424541
8415997191
9862945892
8257077093
8731954506
8131953832
9862334809
8447707074
8837355672
8729981160
9785808835
9862125460
9612239819
8257926069
8812942374
8826888897
8730922526
7085678566
9436054008
9436672038
7085685966
7085807204
8879234962
8291182667
7005709491
8732098944
8132895488
7085409770
9362566323
8256903158
9957047031
8048104465
8837298720
9619288408
8076112107
7628032140
8047138392
6000786754
8071325946
7085865336
8131857004
8787786455
6009593375
7628041144
9619885664
8132809671
8798863902
8974658696
9402871025
8794727663
9402973793
8416003873
9436250035
6009137115
8920858471
8974944771
9022495021
6009114132
8876654412
7003128684
7085722660
8794745898
9387639565
9612772225
8045949984
8317061292
9287951763
8974629844
7005596735
9832735360
7055862344
9612562741
7085857686
8974922555
8880537522
7005235701
9862352826
6364648316
8132890943
8837283584
9863659069
9862258611
8974072099
7085773273
9774345180
9383034340
9856087321
9920934988
8011509058
9863355724
8119883655
6900186547
7640986150
7085983978
8134857112
8873209978
8732095192
7085121350
9774995083
8731882608
8731835105
9707528245
9863313632
9954044513
9612602203
9856143670
9089687390
8413089623
8259021631
7085163356
7896148372
8794039163
6909977099
7384735578
9436282338
9862243812
8414044672
9366091500
7628925432
8729806017
8001022294
7459839886
7005277686
9218106216
8794595159
6009111270
9402737164
9862685864
7629916413
8062646631
7002072461
8730029629
8119062046
9436898629
8729948235
8787833912
6909158427
8798053612
9362921755
7002369239
9233997178
7005046841
9383105826
9402755212
7002635084
9402250960
8974566390
7638899094
9707726625
9862192735
9954300402
8132913581
9383105923
9233648313
9774361766
9366884221
9971820691
6033877122
9436690412
7640819005
8667081938
8413819072
7578074233
8877239945
7085198886
8794157051
9402241413
7640840775
9872383675
8837259349
9383324479
9954861320
9366523475
9892579596
9366681617
7896931551
9233432941
9101131117
9774627318
8003451500
8119849295
8730956725
8414063064
9362559340
9863349473
8837059825
9233631620
9394212008
8798656989
7629828972
9402009400
7005186101
9863472991
6909285508
8291182587
9856306743
7005151159
7005647390
8132924644
9366280308
8794661565
9101408456
7640068907
8071326632
7638012609
9612712262
8256947897
9436631844
9436239389
9435036542
9435569704
9436049097
8798024504
7005465090
9774645275
8348728437
9905638073
6009165349
7628011179
9362921112
8977539976
7628901052
8119004171
9366937877
8133041275
8062277768
6201760532
9862643693
9402221775
8414807387
8471014189
8787881181
9097728909
9402073959
9436043130
9862651991
9394546730
7085825235
9612433363
6909756744
9612123976
8595450450
9402929823
8132861694
8259093157
9612447003
9365135265
9888992456
6033835365
8798338069
8258099473
7629957167
9612677608
8794015076
7629058490
7942725617
7629929080
9863722537
7628936244
7045088617
7205422142
7757000000
8837451605
7085221922
9612209981
6909321002
9863858284
6909447215
8787481327
8123841002
8119090484
9821804976
8259079115
8974422274
6909172542
9008763440
9954250672
7085545858
9101019814
9362815287
8731944879
9233099172
8257973940
9006415700
7628925885
7493841634
9366771151
6909187476
8794432509
8442025679
9863790572
8837429966
6909298028
9774461799
8798671284
8730015788
8794407665
8794798025
8294270717
9863043204
8837223232
7906506058
7972436549
9233499875
6909123727
7630864882
9436045765
9436837259
9362699405
8794365463
8119093935
9615475030
9402070868
7005940568
9362814296
9402060735
9436873321
6009526445
9862600217
9555900059
8974147792
9863301343
9167994138
7005605117
9774458324
9612317727
7085874499
9436001403
8798911773
8794824761
9742224461
7019390523
9899928155
9436413314
8730973460
8131820432
8732896531
8133074060
6909424672
8731941935
8730982721
9862177055
9101175151
8119024119
7005740541
8729911609
8257058998
7085797793
9612610551
8974557042
8132801724
8131913901
8974224411
9378192094
8794496015
8794371871
8794044998
8132903494
9856605126
7628039015
8585959191
8413064928
8811881255
7085688757
6009121209
7630856427
7627991098
8249246989
8821881433
7005170248
9774022918
9863748457
9362352583
9402007104
8729843483
7629958987
7005593155
7627933769
7005467062
8729948473
8794404072
7638092377
9774060046
9365435944
8131927566
9319392273
9402620144
9362957165
7629918364
8732806765
7351603966
9612833303
8822015869
7005576390
9612446583
8527668688
8794235841
6909207550
9560881604
8787321169
9706792712
6009415074
7005545844
6009025494
9774800804
8259982077
8638754574
7002622194
9435041054
9957903665
9394134876
9954030907
9365229147
8071889842
9830917015
7949125080
8486137851
8638900349
9864442778
9954885770
9101702851
7576038944
6281384094
8011354335
7002060076
9706222555
7002209588
7002059769
7002645692
9435082732
9854637128
7002020995
7002778972
9864021588
8037267158
7896239770
8472878267
9435805030
9435127142
9678853103
9355023248
9101786981
7002457987
6900186840
9127018550
9365592885
7002473336
9435731481
9395569549
7002533087
8638265601
7002880841
9101172835
8876634755
9113065354
7002550732
9958595866
7002981708
8011984056
8638088683
9435111319
7896227361
9395735172
8134928702
8134948867
7002804227
7035971622
9167220539
9085800150
7086090571
9678733941
7411781214
6003346250
9954410669
9101451270
9531202682
6002183048
8822219212
9365348305
6000020912
9252444777
8812848989
9311647052
9957106135
9540866835
7002209913
9678766262
9954805265
7002779886
8876754696
6001202606
9401604763
9957906616
8638066709
7980931388
9085716237
7086640266
8638178273
8486348417
7002900651
9435035548
7002184527
9984468513
6003361167
9401005144
8638231130
9954452974
9101074462
9101125158
7635932084
7002631349
9864448728
8047363332
9101286156
7578819607
8486057751
9957452021
7896668808
7002879826
8638628911
9167927758
9577691847
7411781203
9401605950
6003018901
9101250043
9127114713
8876408984
6901705691
9613301464
9365398861
7947165373
7002127936
9854156095
8471959560
8876872232
6901490565
9864679195
9706022893
6900900291
9365769720
6000173242
9395500397
9394936846
8723881944
9395961515
9854142413
8876687524
9127248688
8638779180
9678366356
9365511389
7086787588
9365087119
9707738976
8404033861
7002272388
6000427725
9864756696
8134933195
9864045457
9678843907
7896082089
8011149917
9401501782
9957670880
6003837342
7635815546
7638803378
7002308186
9365797429
8638420709
9864025776
9435112151
6002829404
7002282019
9435007470
9706859430
7635853032
9435184024
9954033966
8811018537
8638730065
9435184054
9859909460
9387357844
7002033861
8133884198
9854347952
7896448885
8721931951
9101096960
9957386905
8133904801
8037537959
9954356651
9707769750
7086839049
9401388630
9957552828
7099210975
9706503489
6000844088
6000577416
8474068133
7002768512
9957708455
9854698831
8638244898
9435064986
9365438307
8071878081
8761083567
9365342472
9127358503
7002397427
8720927551
9181095099
9387821078
9435250739
7086631247
7002867730
6003915793
9706723659
8787732869
9706142843
9854784711
6001836970
7576910534
9181410607
6001031250
9101449878
9706283165
9435722548
9854975061
7002778792
7578096292
9435397769
6000520075
9706218186
9082702817
9365287616
7664835621
7002029602
8638535413
9101241101
7002700980
6001500138
7002061402
9435771404
9085384628
6001412630
9954224382
7636076398
7002372160
9864837180
9864660907
9287951745
9864991574
6026425601
6003298887
9954582244
9954976378
6000351902
8638886460
8822008249
7399000617
9957798138
9513180234
9395298936
8402035141
7002115683
9864373795
9706931708
9864836028
9678687016
9864848733
8011404880
9954037500
8474876925
7896641914
7086215013
7002403001
9864425149
7002113326
9435293074
7576885032
6001273562
6081045884
9365239266
9707930844
9181918151
9957790049
9707215525
7002641316
9101694165
7002612784
9859084428
7002638326
7577003791
9954588502
9706685309
9954217499
8099467851
9395781355
9957926070
7896061450
9401811527
9859437083
9707604789
7002603870
7002711648
9954459724
7002762118
6901701540
9101438224
8133039100
7577880002
6001798995
8822950349
6001653821
7002213308
6003283858
9954632609
9435038552
9957325972
9435553142
9365942299
8822365769
9954928228
9957850483
8638062223
8638271880
9508912754
9678918554
7002762360
7002814378
7896672220
7002938601
9954020204
7002610007
7002107872
7099064541
8048052931
9669216364
9859900333
6009280004
8879685368
9207070707
8638597552
7002810527
7002037644
7217888249
6900677677
8724950491
9101526544
8638345442
7002085299
9101693187
9435706129
9864178187
9854040007
7005876385
9864113792
8047637113
7896350077
9435039410
9954486629
8720908322
8011767246
9240083615
8486771596
9954910652
9365075604
9101753433
8638661806
9435572447
9854151488
9707274797
9101446285
9101316168
8876077434
9577035175
8638088115
9319486385
7002413300
9864546910
9435713990
7002536504
6003534549
8638767647
9435385423
9957868984
9954368413
7896771191
9127015962
8720966394
7018508513
9365875134
9613121451
9435611213
7638892170
9435778132
9435183107
7001592317
8761959220
9706771167
8037895287
9435077060
8011315121
9826847907
9957738017
8011804352
9387933157
9707671912
8721013393
8721004173
7507642288
8486760988
8471894449
6026149180
9435369534
8811892457
8724860537
7002607080
9537399319
6002365394
9395286881
9678897134
8472840676
6001934278
9435328300
8486971868
9435629779
9706651587
7002454744
9854649167
9435556667
8876320444
8638419674
8638464234
9864037820
8638491201
9085700840
9854103525
9707561492
7578816131
9864425599
9577393737
9707320781
9859911109
7002072371
7635808862
6900012357
7896934050
8721079714
6900578820
8638161938
7002106925
7002755069
9957626775
7002008516
9365026699
8822514728
9706021234
9707106341
7002068402
8638096544
9864746103
7399646544
6000825071
8011899370
9101164818
6001138372
8539085200
8638780448
9395572221
9854472484
9101109649
7002213588
8902016830
9365630346
7002811369
8402815706
9101324094
9181355171
9854092420
8291979541
9101157005
8822022925
7002520744
9706430022
8638700652
6002827913
9365325727
9658898445
9435946775
9954836997
9085161349
9476831733
6003925077
7002372834
9957547257
8847068332
7002676496
7638066094
9435222845
9854974240
8638687197
9859782866
8638027933
8753957448
9859980790
7002957309
9859365490
8486733499
8254843888
9954341808
9957872766
9954738825
9957174751
6901861105
9435320041
7896171820
9954454758
9435866957
9678599577
9954513134
8638124844
7002857377
9101178002
9864037455
8822233323
8448995919
6901134776
8812845488
9678988406
8011460792
9435003663
7002672326
9854041151
9613508714
7086419400
8167692041
9387548908
7002058202
6000475660
9365946400
8011271432
7575950003
9864834684
9435746047
7387475486
9435014693
7002845046
7002714369
9954556972
9864175110
9706746279
9613159668
7002813955
9864210495
9954751863
8822938967
7337885262
6001069229
8638722574
8486119539
8486163717
9954684922
7002312238
8486330964
8812069145
8486808582
9365452365
8876909172
8011680913
9954303765
9365050380
9101398856
9435846733
8099340360
8011857996
6002405509
9954249955
8237784220
8638683445
9678082491
8486249925
9864183092
6901474499
8011397192
8876262291
7896805776
8135846467
8876962994
7896513626
7002311923
7002974770
9864377658
8811045865
9859971447
9954829016
7947165318
6002620081
9954736527
9289922727
8638993289
8638829654
9395961379
9891564622
8011128257
7002617504
9435044292
9875370663
7411959628
8037839443
7002063455
9181860511
9678523754
8638061914
8638791021
9706668676
7578087120
7636015067
9706165590
7002426238
9365288269
9435070738
7605850733
9435070493
8402080886
9678064500
9859905173
9365009083
9954110385
7002505482
6000074852
9435081856
9678043978
9957038466
7002871633
9612646991
9706160542
7099646554
9365846490
9954441590
9365049361
9365190327
8071325765
9127826826
9954996308
8472812681
9854016747
9854060369
6913817204
7002043811
8822664400
9954250476
8011744331
9957132421
7099189321
8471892554
9395405108
7002922651
9830036331
8812911298
9435015057
9859941044
6002393176
9706012629
9706432846
9854154509
9706771104
9864972096
9435150854
9613756544
8876385474
8724875473
9395713803
9613034235
6002348850
9127868136
9435887987
7635990714
9435071014
9707624042
9957453637
7002721227
8506064181
7002136608
7002618168
9854982121
8638082502
7411781196
8822462855
7002976794
9954440122
8071629975
9706321335
9706006842
8037839389
7002755943
7896849391
8453047619
9395406005
9435754461
8779338621
7002341140
7576862499
8062904654
7002131213
8472848208
9864762453
9435127100
9954044600
9864858237
6000120535
8822579096
9395115595
9957568259
9435035933
9864354539
9435044598
6000981707
9101919717
9864437293
7217888043
7086589109
9954425651
9193759655
8071629331
9395639741
9401369987
9435018838
8256050972
9435171449
9706585420
9435376484
8011002949
9678256865
9435021225
7002641131
9678109385
9706430986
8811096395
8638836853
8638489842
6913349749
9435702729
9435030376
7002023858
9365775610
9435341555
9435029874
8638978550
7399051141
7086377035
8723031166
8002095678
9401561851
8638894669
7980169014
8638943200
7002683674
9854225594
7002919245
9435117379
8011959088
9864518219
9957642865
9864582586
9954383933
9707602137
8638227428
9435037936
9707137450
7002814759
9085112349
8133875728
7002041044
7896503845
9706907133
9101377719
7002043674
9678973572
9435053760
9678377774
9954564336
9435131612
9706967139
7636034478
8876964151
8011120191
8876164484
7086719741
7002450833
8099198386
7002804843
6000714841
7002612913
9706036257
9435053902
9167797065
8812099857
8812993610
7636815166
9954807195
9101922327
8638923635
9859343272
9957067723
9401910053
7002577258
9435326720
9854337650
9577449810
8037908062
9435861048
8099871800
8723054717
8638001751
8402937093
8811033037
6900298266
9085582331
7896326257
9864081643
7636885300
7099078880
9864063410
7636043024
9435500474
8638750225
9954355067
9678137398
8071499779
9101456047
7896605582
9707755579
6901484084
9706440801
9365488525
9864971380
9101173336
9988118077
7002393279
9435080571
8876256964
8638033549
9435083689
6900525308
7002799049
8811034502
6003762926
9101756294
9706934551
7002732659
9435515751
9678864610
8723099781
9954026351
9854727821
9395016864
9854438896
8876420899
7002388463
8811833383
9859131315
9678505309
8638128344
9394562668
9707606498
9101516424
6000037511
8474074632
9678864742
9365627857
7099358958
8822685976
6002674539
7896805615
9435070277
6003340409
8474069339
9436103607
6296040012
8453855501
6002778983
9706040067
9101705015
9435095190
9101261118
6026026020
9167938697
9435081667
8403846830
8011235327
7099061396
9706911328
9678672454
9435021729
9365497005
9365848945
9395370466
9953832735
8402074220
9864406322
8399927822
8011004801
7002710433
9613341507
6901394590
9706964242
8471866205
9435064250
9678074406
9706299331
7002212567
9435015763
9854021162
8822604300
9435088622
9678729550
7002510247
7002072057
9101088693
8069840333
9101208744
9582340673
7002369063
7896619891
7086640436
9365194432
9401805330
9678292350
9706114928
8638164665
8473085929
9167086485
9954189489
7002601967
9531373430
6901646744
9954313272
8723821276
6001575429
7086599123
8037016305
8638754213
9101325849
8876411701
7637052090
9864781466
7002399812
7002347394
7002690290
8048794632
9127061176
9167236193
8453599367
9864361202
9365951541
9954488915
9864188725
9864141194
8473964801
8876785416
9435087013
9401800792
8876979849
8638249423
7002901844
8037517851
7002028157
6901825608
7002596228
9864365699
8181810318
9401877770
8876297908
9365349775
8638131010
9435178178
8471947712
8011684484
8402990712
7489901768
9085848482
9435609990
8071325941
9394884776
9101252446
9101217689
8001801961
8486098999
9101051016
7896622950
9707051596
9167109177
9435025455
8453126665
7578998599
9678960249
7086647020
8720907097
7662060087
8876512795
9864593359
8638613415
8638212368
8638285837
9706308036
8486816960
9873547282
8403927844
7086204611
9864031115
9706946757
7577036009
6003295802
6001056762
7002722878
9864793392
8553641649
9435078636
9435016097
7578091795
7002249506
9613860039
9435027710
8044924073
6003952135
9365449879
8472911981
7086822774
7896022252
8876553605
8100832837
9831033390
8486815003
9706323580
8048794483
7002515839
9365806659
8011266741
9147097168
8822859287
9854338160
8133036919
9233313592
9435101209
9859219676
9167782466
9508393937
9864140081
9101085182
8876565001
9954374365
9864062707
9706345056
9864546058
9678540732
9127009148
8011915458
9854068858
8921895045
9957444434
7002336760
8822757840
9718752776
7099899764
8720950836
8471936950
9864546681
9435478790
7002366970
7217888128
9555058220
9864099477
9401957903
6026990969
9864114608
8638285425
9101736198
9435005259
6001055081
6001452384
9864575299
8200198381
6900560177
9401972727
8638781841
6001108906
9954177168
8135005516
7002696929
8822882266
8638323745
7002098011
9613236463
9971143002
9957982474
9864071376
9864709697
8010411640
8811830565
6002368421
8752972718
8723039405
6000173335
7575972286
8347863383
9435900313
9401914830
9864077172
9854584868
8453558400
9435035412
9435062559
9818028960
9864812040
9864040045
9101807091
9957557994
9365576359
9127885670
8876513754
9643803629
8486134115
8048121230
8073086651
9435135089
8486036730
9435649697
9859380500
9678251004
6001556550
7002860218
7595824328
9435412127
9435035483
8011113478
8638618867
8638986028
7002072803
7002354302
7002271842
9676803958
9706035596
9435886637
7002941879
9365632407
7002300216
6376197311
9864012345
8486987980
8062289116
9167236354
7896015194
6000567522
9401366088
7002283504
9954396612
8474800440
9435208992
6003629642
7899922962
8471982340
7002092008
9387117903
7002512491
9147741207
7578951367
8048104721
8976844386
9206110105
9287954076
9401001114
8655630846
8822146357
9508811194
8402956968
9613743546
9954366417
9435168110
8753964947
9394100734
9706037229
7002472589
9707159919
8811965384
7099026912
6026032035
9101847343
7002702216
8521438530
7002791504
9395337359
9706216661
9435036346
8721081389
9435139467
9864470384
8001036030
9435233166
8929759616
8638672782
9101001658
8812034781
7021986899
9678849565
9395180951
9101205228
6001470157
8037002416
7002063733
7002232049
9435325631
9864697457
7002300380
8486476703
9798342322
7002130602
9706500308
6002388785
8638552175
7002729754
9706975012
8638056759
9435736118
9207355640
9954384667
9954910703
8135028661
8638340253
8822070581
9864747475
9365267636
7896062730
9395244540
9395621691
9101062602
6002994566
6900320331
7576909937
9435122317
7002324489
6002036204
9395890491
9854678398
8724937997
9957275096
7002405372
9864934958
9132619589
8822103636
9954484436
9707232749
9706355989
9706054102
9864387140
9707775000
8473869526
6901967224
9435035293
8876565005
8011253102
9101547227
9401883437
8638734479
9954230812
8042300975
7002447965
8478881698
9613044877
9101138213
9401491476
9085825505
9321004825
8638387211
8011269979
9707773432
8638052770
7039002133
9854108866
9127753905
7002715200
8473993080
7002826859
9954923557
9324805191
6000490150
9435293934
9954070249
8069199817
9435111566
8402807234
8403993969
9181082366
9678768026
9854089163
9957202161
8638023173
8721043024
7399055525
6003863879
7002276223
9435239564
6003812416
9181012194
9435176055
7002443314
9435071459
9957448551
9854698719
8048794796
9969221018
9864939919
8133941647
8638150946
9678084481
9435658375
9854726366
9706903599
9101373827
9854072268
9958839303
9436100121
9859933092
9864092048
8638083941
7429139869
9706483691
9435042076
9706341859
9854105822
9435197462
9387123362
9864055240
8876371871
9435016110
9864327042
9706738294
9678008688
9854638874
8876635836
9706080228
6901348123
9531017620
8133993179
9101172314
6002601853
6363710901
9706754352
9864150936
8822555555
9706667171
8888800064
9864830481
8638737935
9101497102
8876471260
9854555315
8876958906
6003446232
6000526119
9361613131
8876122165
9613214924
8455668899
7002745565
9365082286
9859800813
8761016456
9435722221
9085555714
7397095711
9619885653
7636081150
7002679126
7099598638
7578008005
9830640004
9678401932
9365598730
9395331873
9864952493
9957651453
6002991161
8638957319
9954382492
8638346250
9678056025
9854643314
8638894776
8638126196
9435323114
9127010044
9101112972
7708015151
8404014995
7002321108
9957123501
6003509312
8011591844
9957181929
7002514782
8134067358
7635895125
9864223172
7086832609
7002691744
9085366819
9854242918
9707648703
9864141033
8638559455
8133810814
9864767066
8071264001
9218101677
9954893715
7002197130
8927753318
9706485170
8638395780
9707785767
7002702544
7002301995
9678794838
8876889977
9401407128
9864766044
9101693643
6900377078
7604006354
8402964388
6003369497
9864364159
9435389825
9101474832
9678863743
9864232443
9365314607
7002295558
9435053877
9394574392
7002368423
9101866640
9830634556
8638090554
9507176135
8822666444
9435101433
9401689062
9864016070
8100738987
9287951489
9864218442
7086750909
9101866533
9854449449
9394020122
7576096325
8876728527
9741187827
7002604403
9435809039
9395825499
7002267462
9854162712
7099023434
9706905062
8486139810
7002923822
7002256039
8134805488
8876450280
9864051910
6026938971
7002871037
8638139445
6002521532
7002656906
7575901298
7002868297
9954122762
8453542480
9854026353
6000971168
9954065132
9435729125
9435095689
9577126943
8876006559
9864049254
9706096191
9864820942
9435019357
7099026842
9954251995
8486819723
9707077188
6292300585
9395807784
9954971275
9435736602
8399913123
9954485390
9127321329
9101583799
9085875469
9706899892
9435544440
8453705603
9591972785
7259672680
9319995347
9957896037
8486121228
9365276313
9864204814
9435076822
7627953411
7002565995
7002029895
9401281375
8638730704
9435108236
9954012626
6001588604
6913649961
6003898533
7978115561
8723974834
9864099919
7002954340
9435398736
9864142448
7002262857
6901463131
8721037701
9854412903
9864011792
8638190724
7002831003
7577846733
9954621537
9435088812
9706111111
8486024166
9706663277
7002556614
9101961002
8876348673
6001447170
9864894034
7086270020
8822495374
8071326883
8638293380
7035430001
8167541947
9101932224
6000390814
8876179806
9435008662
9435168254
9401069901
8724823280
9365964757
8822369664
6003685771
9476757010
8876228493
7638038364
9365695609
9365489949
9435619595
8822027173
8876524137
9435168445
6001390823
9895735270
7002482146
9864490870
8240576150
7002491247
8011688401
8822533066
8486331244
9678655099
7896138397
8638300149
7002516802
9707341153
9101554767
7099003169
9954734855
9971620134
6000847202
8876812480
9241941296
8486372086
7002405139
9435054056
9678756147
8822476052
7002050995
8638535265
8638518208
9435128640
9864105042
8402098999
9101670314
9707812773
7596072377
7002115710
7002875944
9435088735
9101132303
7002862988
7099510012
9678943491
8011951232
7099785385
6000765489
9435233424
9706283321
7002439714
6003306277
9101687534
8071640179
8403852909
7477788168
7002055054
8402025053
7002549419
7002552194
9101094726
7002446485
9365987434
9954836711
9085481811
7002837152
9401932242
7399304561
9706237037
9864250999
6002027590
7637815335
9954143390
8486505126
6000891083
9435152251
8724960636
9678434415
8011526735
9435065216
9678382435
7002537872
8486355607
7099294934
7896760917
9706256680
8037150000
8472092361
9393917059
8486214111
9706024381
9395911250
7896642230
9101544868
9954447099
9401554616
8638752118
9954375324
8638165714
9706602293
7636022244
9954012074
9577013338
9864190845
6003238853
9435599944
9365773939
8402096509
7896219972
7002105625
7896032347
7636909444
6026313035
7662934461
8134035333
7002034507
7002751942
8876015466
7002301382
9101543154
8037267207
8721937386
7086679336
9954484066
9435158456
9678479408
9707506603
8876947101
8638249025
9957447303
6901251717
9101849540
7002913140
9706039084
7002802695
9365751265
7896043312
8011214894
8454955555
9864425430
8638660341
7086283073
9435474808
9706144218
9365191979
9957563903
9101744081
9864256030
8486420227
9435726133
7577992901
9435618915
8721914978
7002509424
9401349494
8876220425
8876695712
9864062166
9401916359
9864379191
9864458976
8486659030
8638779638
8453913039
7576097257
8011022535
9707663756
9365119524
6900653952
8135984189
8876634559
9449889624
9401714122
9435071030
9706426574
9435173661
8723823463
9101656476
9101107790
8011227460
6002808589
9101958942
7002231432
6003212785
7002870198
7086497192
9435032625
6000143708
6913346466
9957891673
9854244236
9957053697
8473908372
8638873118
9435132807
9365498787
8638567528
8069156703
8638579494
9954011312
7399087874
6003424739
7002322160
7002719992
9957177109
8638445350
6913332761
6297216803
9864762909
8486034810
9167144345
9916338593
8011356974
8011230958
7002382338
8011087132
9954329549
7577062553
9864154565
9181081043
8638061811
9435494949
7099213901
7099063700
8822121048
7002981516
9954190205
9731134174
9085478716
8638713964
7002231038
8133920081
9613394005
8135996800
9435138270
9954639228
9435875025
9954037895
8822170186
9365660485
7002529516
7005129961
8473806861
7002531189
7002366695
8761012619
8811864128
7002316836
8876278145
7086173073
9435135102
8566974000
9707809508
9365337745
8811859605
6000848636
9707090832
9435034080
9620945107
9435522225
8638738149
7002140554
9954729782
9101085201
8045312363
8638613523
9101649224
7662990000
9707666767
9101777085
8486555630
9365251804
7002027713
8011446603
8011792945
9954111432
6003367116
9101084490
8876842350
9863697014
9101891428
6000462833
8822164805
7005289882
9954624515
7002789368
7002683072
8133037257
7002311699
8723061427
8011761868
9706040561
9101177565
8724049613
7637801245
8638044937
6001281166
7667931267
9954014221
7002880112
7099031007
9678470316
8638017127
8721906628
9864585404
8920328231
8474805485
7002618267
9864486894
9401555804
8071325961
9435524041
8638507015
9706339249
8723003456
7002822514
9678313715
9435217027
9706569044
8473827722
6900468352
8099540514
8638447345
7002702134
9365290963
9387467674
8876790351
6002610318
9707731688
6002458424
7478383549
7086321195
9395277528
8638072616
6000715526
9085345735
8638137228
9435529608
9731056299
8399980720
8011161646
8761072397
9101980608
8638310603
9435106748
9395955541
9435045358
9577273240
8638384965
8812920228
7099390602
9435504176
8037267039
9401814742
7002742321
8011340491
8486950878
9435034290
9435031366
9854121113
7947166695
9706007020
7002290542
9127096939
6000864965
7576934255
6003669780
8724040929
6002839905
8402082321
9864369696
7099032757
8638015396
9085348072
9864095583
7002882642
8724872895
9395038403
7399410657
8011716300
6003401850
9365415066
9957748650
9435082163
8453887188
9954411405
7086644084
8638678408
9678574119
6002834460
7002818618
8876994503
9435061011
9577638513
9435322426
9957111429
9706482398
8011335591
9395555080
9957371310
6909024545
8486202537
9864011482
9038389666
9401268716
7002510166
9854497595
9854201376
7663050461
7636814367
8133050026
7085206266
8822472152
9667242243
9435051017
8399883117
9859502715
7099075749
7662000888
8761839078
9854624231
8064280563
9230988063
8638599372
6000820991
9147412203
9954976315
8402892093
6003606979
8402098620
9954493799
8486574572
9435782568
8010680818
8822115441
8876712628
6003891703
7002747752
6901640279
9954220638
9101745200
8067518069
8638911263
8169119183
8638727485
9957689472
8929335947
9903619637
9101482611
9366283209
7002984989
7086432546
8133828044
8011188489
8486953066
9760332054
8638342783
7002280165
9101128649
8135013775
9101641062
9859414610
6900350100
7002444703
8099778388
8794057020
9508162473
9101115211
6001230330
7578837981
8473076629
8638328616
7086150745
8011407773
6003653975
7002505571
8638028443
9435366163
9435666777
7002563175
6002671703
8099554765
9854081948
9101630166
9435026585
8403869048
9612574461
7002332063
7086791169
6265812506
7086008746
9181801652
7896925276
9854900103
8638780717
7099217101
8013046328
9864026328
7002417442
9854299409
9706233498
7035549676
9365837085
6000542557
9954050917
9674181899
9706996896
6901299599
8135934797
9678079661
8638129609
9864086207
9864057109
8638212901
9954027862
6003368214
7005382959
9957565063
9864408436
7002642249
9957223131
7099028830
8291014834
7099916914
9864202439
8876015124
7002191118
7002009983
7002708616
8638092124
8811089166
7099065545
9957075630
8340321752
9707160930
9147100675
9435519366
7002509365
8310019840
9954474621
9435084102
9101060316
8723914231
7002324949
9435041192
8761865300
8822011215
7002817797
8474836780
6000540004
9395445372
9435111988
7578014731
9864040933
9394325370
8135983975
7080601376
9101689048
9395986488
6000746361
8876905683
6001077231
9678878944
9395343886
8638706085
9864111573
9864543533
9954306734
7002825442
9954148386
9957979020
6002769235
7002498521
6900922155
8822474132
9101073603
9864032866
9395123769
6002731054
7896839386
9435180622
8044924777
9101441265
8721854123
9435194704
6900848062
8133954699
9864225042
8811851953
8099083250
9101197909
9508769787
8638152861
7834868691
8794772192
7002502795
9101158857
9101213707
6900834462
7399302753
7002339015
9395177758
9954654065
9435137070
9395689330
9137541260
8638021151
8099174720
8471916145
8002660123
8822306589
9954559738
8399049966
9435110851
8638997196
8876068512
9957047243
9319697762
7578942157
6002539722
8822358146
8822880888
6001383232
8899164600
9864028600
9435081989
9957999854
8399052336
8472899063
8822599194
9957069702
9706054505
9706103175
7637906431
9435134451
9401779096
7002474967
8472969380
6901759253
6002169127
8822086865
9854080052
9707774844
8101559957
8822819525
8638274630
7002655819
9678585749
8724091627
8011175539
9435018716
7002549389
9435051891
8638419202
6913035704
7002120320
7002584171
9101625191
9101110948
9957614931
7217888089
9854798157
8042783391
9954614157
9435521951
6009248733
7896046700
9854020464
6900513083
8486844810
7638077950
6900964106
7002482084
7086335733
8135901826
7002423652
8638375977
9395665395
7896218181
8099197889
7002972868
9613748416
7399268601
8046076790
9395987966
9435364485
8486498656
9954056021
9365654485
9531217969
9954262661
9864044677
8133851476
6900463357
6002444959
7002088050
8794723211
7578936640
6002810649
7971172247
9678179369
8752982903
9435742326
8723873925
8638280042
9395137872
6000879350
9362547945
8134957225
9365476611
9864783172
9864704650
7002310810
7002057020
9435375550
6001649708
8638005600
9127233785
9707379911
6001155653
7002904266
9101254447
9365894677
7851975599
7002218406
9435134471
9706128815
8399925115
6000410743
7002100525
8879133730
8067335552
7099075928
7896318435
9957126349
9864054335
8721915013
9181168706
9126179509
9435765173
7605009294
7575999635
7399299510
9706041761
6001711996
7896407737
8004201600
9085295330
7575902259
9319995349
9147005749
6913131031
9954586082
8133991610
7002896801
8402028864
9401110007
7002698933
6003622455
6003092924
9085661629
8638263327
9706012743
8876242082
9101132698
8473065854
7002386136
8360103842
9864821916
9864193940
9127055456
7304280961
9401084764
8399935752
6000401653
6002722689
9706968485
8011659071
9435209035
9435472863
9707298800
9085523279
9101272725
7002686927
7896768476
7605009263
9401110099
9101288387
8638798044
9435117480
9864083120
7002614407
9101714290
7005993126
9101062966
7002948865
9957112207
9127010808
8011112020
9101221815
9864138799
7002884117
8069352499
8822019794
8403062892
6003898118
8327718656
8133910984
8135017157
7596039855
8822314363
7896984056
9401078318
9365738266
9957534931
7002251316
7605009264
8638195038
6360041817
9864449972
7002814863
8011316911
9355834484
8069867698
7576081557
8638733083
9678957745
9954200225
7005697650
7099325073
8011969219
6003251594
8822602911
9101291409
8638521817
6000480085
9706919361
9954593331
8011791125
9085328111
8638012560
9395429159
7002315301
6001415707
9678178264
9717122998
8721922423
7047041793
9395831313
8822986554
8812081810
9854089933
6900389348
9365701144
6000090678
9854127370
7086765953
8037781542
8837358224
9531151409
8473953891
6003916512
9435071041
9707790477
7896896008
7002263421
6000185615
8503020156
9360128316
8638621824
9954979166
8876140966
8136068143
7002980194
8011300986
6000278873
9101195163
9954874354
9435139699
8047138362
7002299428
6900329031
9101292597
9435339105
7002947549
9859464868
9864025441
7002408490
9854239121
9435073733
6002042108
9401852923
6000290837
9957641865
8011154949
7578964297
6001660416
7002394519
8822054917
9678654182
9954414992
9864881009
7002954330
9207321112
9435623625
8420435244
9877777327
8095079700
9864614346
8402816824
9864360092
8011149150
9854029916
8724966143
8638803399
7663075986
9707221100
7086525766
9864724115
6000839550
7664819339
8638174565
9435142414
8761886946
8721979506
8067518070
8402865589
7577080733
9577803697
7002373326
9954837137
8044924892
8638725332
9930565555
7002048690
9435335682
8069352467
9706080256
9864311100
6001396662
9954610186
9101429533
7896003339
7099013417
8751947393
8638544296
8876815700
9707186398
7099066880
8638969932
8638990410
7099603421
9101730692
6901578088
9957829477
7002540713
9435454721
8753958747
9706531220
7002376271
9864899923
9365427792
9435163770
9954868163
7002451181
9401707117
9435071632
9954836768
7002213329
9678639051
8069352458
7399451890
7035380629
9387598717
9707918272
9864469464
6900999323
8638509653
9181021225
9678456450
8277605201
7002321710
9954555134
9435336000
9706128920
9957498725
8486070143
9864097158
9508088088
9435001490
8486035145
9531260370
8133947096
6900571068
9862448392
9854842408
9435000000
7717784285
9678092143
8071370715
8761835522
7002208408
9401379063
9954828924
7891745793
7002474932
8037537455
9401872921
8011310434
8486083345
6001445645
9435324953
9706114511
6124157835
9101300188
9859774840
9435050405
7002051052
9265269081
9706161625
8638749746
6000765250
6026744174
9101752809
7896370037
9435094790
7099042240
9132177314
6901521856
9864140488
9707823453
7002052723
9435146148
7217888136
8724029404
8638908398
7086263932
7002588019
9706746421
9864273011
9678772048
9678393415
6000968022
9706427019
9395099327
9678665171
7002616077
9435040525
9365086386
7576847017
9864117247
9401727603
7874001086
7002311306
8011743648
8134012244
7099014499
7002100102
9854138827
9365444460
6003055728
9706816374
8448448742
8720986596
9435372815
9678523016
7002885883
8402813908
8133074578
7086324679
9435699661
9954255642
8638154488
9706303166
7576866944
9954066039
9678774577
9706001982
9954294618
8486030609
7002278196
9864210194
6900640334
8047135934
8471846382
9746952230
8638170422
7575950006
9101860148
8876396492
9954381801
8099824487
6001479197
8876506944
8876360601
8638440742
8876444490
9083623579
9954015274
6900957819
9678497523
8724878785
6002366004
9395252991
8011935290
7002026059
7002064939
9394324040
9957597709
8724834770
8638475739
7002234307
6900736441
8638213074
7002032987
9101526931
9365504286
8074759224
8486257711
8638127773
7665665334
8403005447
8486477968
8486254701
8011869878
8071406511
7002360620
9854225467
9365071036
9707600673
9365794485
9612156969
8099605156
9954982611
9864097726
9101128352
9707923481
9394506983
8037267217
9435086020
9864770033
9101087107
8402933536
7629965320
9957446987
8453290837
9973333442
7042615454
6009805693
8453167324
9435061102
7002201990
7896494254
9678266096
9706254307
9954840557
8822485842
9395424006
8486121333
9435020314
9864900515
9085081111
8638681451
9365353745
9957651038
9774020668
8062646652
9126462724
8638759405
9678337739
6000913734
7002705292
8473050317
8403801431
8876653532
8638085308
9854000789
9706121654
6001723243
7578004277
9435910769
8133055360
9954011800
6002268554
8002094949
8638618833
8003949108
7002032703
7002319450
7577987002
7002507432
7002482007
7002064301
7002055858
8876437004
6000505868
9101730581
9435156168
9954907757
9706204933
9365264055
8638133802
7578040931
9864676167
9435102864
7099799471
6001551101
7002412590
9854033173
7099345037
6901130076
9435127534
8638470441
9854001122
9954580715
9101421311
8099312502
9101236054
8486371761
7941056669
9859623890
9577982688
7099997080
7002247062
9954793112
8638847659
9954474229
9435052600
8822090930
8486960451
9435083677
8721030893
9395827174
6353599821
8638571407
9387947102
6000640457
6001745902
7035669320
9435884198
9864012533
8037267065
9101907931
8474802688
9365076389
9854512513
9101379123
8638362757
7002725247
8720936632
7896008175
8884371293
9435555885
7002868411
7002952636
6000053433
6001937714
9859608739
8638674035
7099442882
6000350558
9864062199
9678548295
7002376566
9954919644
7002213943
8638429144
9864623040
7002217429
9707846345
6000059672
7002393553
8822029471
9508255177
9082229728
6000104026
7637847634
9864250543
8011181524
9101036244
8069874143
6026801607
6000341406
8011166663
8822186723
9101089848
7002690597
8822020860
7002272526
7002058562
9435081494
9085952175
7086582105
9435518767
9365956481
9435166499
6002748591
6001500443
9953250703
9394635311
9181110231
7942845407
8822116600
7002819018
7002154077
9957333991
9957271916
9706844579
9365775210
9435389509
8069351763
8473822261
9435021491
9435242850
9365686415
9207412030
9435071215
7002709506
9678015226
8134024011
7002106929
7002607103
9957553950
8037267216
9864928117
7002864496
6901223411
8011909030
8638129767
9435124067
9101345856
9435543593
9101135184
9429690455
7002334131
8403057036
9365488698
8062368527
9864680920
9365109873
9101524586
8822651135
7002338478
9365528813
6001924442
9707660309
7002562832
8135028104
9864751600
7637020855
9854261416
8011268392
9864012475
6002268717
7578914027
9678783616
6002668516
9435023497
7002282322
9864649956
9957586393
8778667657
7002389405
6001574552
8638686253
9954428902
7086772628
9101612170
8822992042
8638786045
9864938233
9678632064
9706722217
9864264905
8638318943
9859238698
7896710934
6003274746
7002928541
9707211884
8169892013
9282636208
6001455470
8638257526
9707677870
9903742011
9954485918
9678446386
8753079799
9435765629
8134879632
7002955855
6002503318
9864031382
8011071838
9706981902
8822810939
8800699823
7002060043
9888223388
9957089150
9613506775
6900380595
9101535125
6003750232
9085287365
8812832713
8638393064
6913525113
7002557631
7399033340
8720954325
7636871684
9435057035
7002793838
9365459664
8638714308
9678650891
8486627950
9954774731
9577677562
9085086843
8008910161
7002325963
7002540175
9678652584
7896501172
9954171224
8811831959
9830575171
8298294449
9560930944
8822522270
9401864131
9394999687
7002975411
8310158968
9859724505
8099961844
9864181147
9707017781
8404098095
6001007994
9613131314
6001464839
9101304431
8399081076
9954180186
7002489634
8453997917
8638027102
8486581192
9854903316
9706434257
8811968628
7903944206
8011998525
6900968674
9365545582
9954022863
9706179055
9435199628
9854050567
7045274951
9904575203
8486037184
7664941000
9435087019
8486444045
9101240560
8047629948
9706462712
7002715405
7002665728
8638168354
9706955024
8822135679
8486634397
8133809640
8876109748
7896669944
6000298436
9126482214
7002892704
9365765660
9707727613
6002350052
9394937200
9365200410
8062216518
7002007050
8638488308
9395660361
9954453882
6002104346
7658919293
9085617022
8071326528
7399199408
8638978271
9706901353
7002658406
6003540817
7002310613
7086114441
8403986538
9706812443
9864495278
8798024987
7086360378
9127155555
7896450441
9706687732
9029352707
9706850744
8399062717
8822874777
6001849533
8638616498
7002843893
8822922060
8011619141
6002866194
7002541842
6001746874
9957087741
8812031332
7002953419
9435155338
7002555059
9954580784
8638054387
9167298117
9996668351
9707794373
6000858046
9957334515
7086519510
9435913292
7002593969
9435104717
9613235388
9181839706
9864180234
8638330329
8822123373
8876061062
8822033082
9435076180
6000825860
8447386182
9101507416
9854054157
9954952313
8638505962
8638757905
9101503760
8876874325
8638119250
7906467662
8876866321
6900212414
9435514204
8474846090
8486180715
9854008143
8761988342
8638826235
6000217541
7637043908
9365403825
8876804986
8638871151
9101180754
6002116162
9706776165
8638250060
8011728602
9678971175
9706611069
9864783620
6901240660
7099067999
9101528422
7896512437
8037839890
6000720837
9435428204
8811847796
8291043091
9706547922
7002973002
8011261202
9476555928
6001831464
7896026660
7002301102
8062515009
6001637843
8037840004
9435240011
8291132849
9101345014
7002454122
8638005271
7002658606
8638546335
9577275275
8761905228
9864535943
9365483698
9533769188
6002939158
7002424413
8811036653
9394716602
8638301967
9435159113
9101525918
9859785408
9954122827
9854199110
9508850999
7086014988
9365288878
8976018559
8399036573
6001068627
7628805708
7002622691
8135041638
9435038206
9769603552
8864095116
8011767240
8473063196
9435596132
6001395405
8486044860
8472924215
9706629066
9181624585
9435623902
8812054538
7367952026
9435274530
8638061175
9181206349
8638048103
9074317512
7002056136
9864066445
8638276721
8638399431
8638859690
6001262008
9954146919
8071372487
7001265187
7002156514
7399927611
9435019277
9864048749
7041805212
8486168808
9706099482
6001628522
7099309922
7086077099
9864096955
9365481267
7099017123
9677201155
6001689811
9864943784
7002536481
8254056301
7002053561
9167912675
9394516601
9101407607
9832062997
7099835862
9957362369
6001735756
7635864968
9864685620
7010506932
8876439053
9954118192
9864016924
9854316812
7002953235
6001662167
9435042250
6900654342
8409277204
9678823770
8067518071
8811835522
7002342482
7002336098
7002602288
8638939973
7002357422
9577300527
7002945553
8822558707
9707505468
9101776881
9365475857
8210433213
8638507574
8250352141
9435021892
8399886494
8638773207
9707050918
8011500525
9864130705
9101403993
7969285739
9435493464
9859047752
9435080162
6901205255
9864136152
9864263117
7896253030
9864520766
9678881117
8011121314
9854343121
9435087137
6003833325
8474851022
7099720409
9954318371
9957911845
9101126247
9706384781
8099649598
6003701954
6002978139
7399041192
9864074129
8811857244
6000696946
8135060195
6003858458
9864217809
8822436037
8724851968
9508311189
9387844234
8486990286
6000912271
9707893457
8011120631
7002457758
6001481461
9954709809
6002527916
7896943372
7002017614
8638415845
7099022860
9365003803
6000102341
6901859843
9864312300
8133051906
8721834455
9954883268
8638445959
7002410966
8011011393
9954103681
9101890630
9401362260
8011516490
9101918204
8638781186
6901732473
8638760545
9821557154
8011003043
7002482809
8638136791
9395475916
8011672703
6002013393
7002979340
7002265737
9435167444
8822800175
8822175856
6003601534
9101316493
8011079153
8048794697
9706278061
8011509706
9435457988
8876515186
7002088206
7942728484
7002327622
6001671117
9678303128
9859741590
6026631985
7002067940
9899544859
6002384675
9435025722
9854021436
9954457471
9365437856
8045873528
8822773282
7099933166
7002266877
9435551612
9395070523
8638761330
7002744866
8134944817
6001887100
6003585219
9954709412
7002064122
9864161543
7002975380
8638909636
8723931413
8486516476
9707536461
8638226989
7002402741
7900860047
7002432194
7002048842
9127413503
9678551261
9864861687
7576938211
9706489619
8402965684
7086676961
9435026495
9957516207
9707705370
8638794732
9678333880
6000219209
7896273755
9395290851
8638511708
9435528173
6913532150
6002057391
9707385552
6000358260
7002342934
9954350576
9531046291
8954821099
9854225767
6003551060
9435452917
9587100875
8068924275
7002884534
9101326635
6003088310
6001028729
7636900110
8471866409
7896752373
9435123707
8638868950
7002294463
6001608578
6000713711
9101073957
9954074786
7002948149
6909427925
7399001007
6002083609
9365043319
7003322141
7002247366
7002998907
9954995346
9859933033
9435168253
7002792823
7086910120
9282205600
9101853028
7764975653
8876816911
7002639375
9864714613
8134075632
9864224729
9864840426
6001285430
9864455444
9864780514
9954582235
6003301110
9435045312
8876477434
9365420341
7099075965
9707337098
8071372252
6000650890
9706817393
6001881240
9980130059
9365627618
9536132466
9954111195
7091160656
7005681675
8822552245
7002299300
8876950455
9706125697
9706611936
7002062858
7399701441
9577724535
9101292063
8822865154
7635815422
9859490998
9864042491
6001314755
6000172009
9101685197
9435020518
8453833123
7002925360
9707057010
8473940306
7896768196
7002112145
9854975960
8471982442
9954872034
9864778441
7002022714
7002406382
9394572905
9435553405
8876280123
8011691131
6003667992
8638790472
9401246140
8062510889
9678598944
8133053173
8099933884
7002404619
7002495123
6001578297
8471866872
7002774617
6900439476
9435029510
7980818340
9954121648
7002271583
8486933201
9707721272
8135920417
9394551882
7002350636
7670002111
9954190004
9508389939
9436331719
9435035857
9954665358
9954498250
9401044057
8723894326
9435136765
7086868893
9954419070
9706129446
7002857159
9706659107
9954084500
9435080666
9101144028
9101981895
8638569372
9395220752
8134975713
9435038390
7002410218
9957079469
9706432683
9387969654
9706119266
9707171707
9127591940
8638524378
7099013351
9739860681
8529631741
9435105412
8709819926
9006004499
8825113907
7254811555
8587836436
9931295474
9934229011
8544154455
9931044341
9572242528
9470857194
8210504421
9798106980
6201439358
6354718978
9122899170
7982973010
7631688271
6287065429
8544301002
9572271499
9631893705
9801030066
9631803627
8709822272
9289251941
9142620833
8709142841
9708256535
7992467573
7301170876
7011346578
9931309448
6153242066
9334267165
9304686339
9508533219
9934692875
9771711047
7463843106
9065008100
9334453558
6132313258
9334661805
7091300106
9308358511
8789800584
7949213884
7061630501
9135584684
8987186944
8010322725
7250788068
8210121902
8340712226
8409821589
9430000061
9570737433
9934984374
8929111536
9431091136
7870569905
9031006223
9939936136
9097800700
9122048797
7371061988
9835662532
9852630864
7767815886
7739940303
9708421998
9771053333
9771666333
8527455069
9955523071
9304415323
8936096869
9110955579
9264254144
8083032988
8709779341
8210095015
9123209231
9262788228
9709793908
9458250428
8051279056
7061501016
7654038987
7870101971
8538937007
7562018338
8825311721
9801755635
9031400553
9631429719
7387990500
9155248584
6124564582
8987199249
7759831921
9353992574
6203654103
8240755644
9596046290
7320939658
9104370833
8227004447
9153342032
9619529926
9801355056
9006485455
9315020763
7906114422
9771858729
8226901000
7250535785
6207397057
7562920937
8709777527
7782830379
9334235567
8651932972
8969030101
9304184722
8757666304
8210256976
7979734750
9264110363
9570506222
8406068772
6200978643
9801218786
9155733300
7482820423
9798627276
7762002103
9430085591
9905187051
7979025585
8340798479
9934092068
9955322296
8292941029
9576930185
9304112041
9304964797
9693501571
9801816205
8294159274
9142535416
7004337978
7992348394
9700331111
9899226045
9899800575
9304022264
7835049589
6204569692
7301533333
7545975725
9110963692
7979805643
9931853022
8809514264
7870408548
8340255561
8048170690
7549808771
7667049008
7631594768
8271293282
8809101000
8934961791
8210265979
7783897928
6204757951
9508588356
7909071396
9709520193
6207234869
9060948120
8401215607
9473027272
9931093156
9430806140
7759026786
8809377936
9470407506
8603205052
9525203640
7370033457
7856010945
8864056664
6205856520
7644944744
7001989026
9471424994
7004376098
9430881872
6209899035
7485090885
9798092345
8008890688
9334265955
9264499211
9472423703
7033313565
9031365560
9263621619
9060001200
7033444568
8726273233
8936885730
9693743840
9122834995
7903451848
9931012522
7667100638
8210986905
9296066626
9572504524
9709704785
9334337871
9934888896
8252181948
9973994312
9155596583
9155511029
9430890693
7320083821
6122225411
6232874384
9709769910
8825246150
8969400913
7549459996
7026632688
9507032370
6328229578
8804475030
7004934221
9934657964
9471955219
7061600001
7717720229
9431461394
8210048391
9708011998
9576324245
9771523423
9113165838
8674940384
9771154448
9304722456
9942000193
9798764340
7903071356
9771498806
9525815301
7903612828
9431092381
9431474185
8804577101
7546837549
9472077777
8603064877
6201129428
8709147067
8434977247
6205409392
9973717739
7250070794
7480964722
8051720412
9934057042
8744004437
9835970933
7280999373
8521352334
9334909048
6299547413
9007430758
9835068731
7840862199
9852833282
9934284530
9931943004
6182232058
9661170049
8210611923
9097335327
9911345388
8789658474
9523480617
8340146120
9525010050
6122350859
9304673290
9931846621
7250330790
7033066595
9852376253
8002655666
9934058981
8709544754
9905667217
7779990946
7323935732
9631324307
9693989933
7992242294
7541027515
7982702423
8804006538
9634088041
7277380581
9905607591
9693252813
9525885050
6200443836
8757904969
9097687085
9142988123
9955431298
8603851659
7970997707
9835090009
8709411286
9525748872
9102726858
7091011208
9934828788
7870371843
7678369654
8804500125
9504578504
7903767004
7979948317
8540894472
9534002582
8507219786
9308063961
8409047223
8862939081
7759984551
9262963847
7070270383
7004756020
6205565180
9931596707
8037150005
7541877494
6202525048
9279856143
9155731007
9570244352
9361236396
8581017502
8804778177
9934775300
7250363191
9288302223
6200040166
7667644121
9801027956
7258021625
9334357024
9471059168
9110956793
7210050006
7301073020
7645089706
9262768095
9122187326
9955662999
9934373229
8986084258
9334706796
7004191960
9711742579
9162831848
7808630231
8825381959
8797001672
9122000122
9137563900
9229039001
9279533203
9801232367
9430238770
7277041275
9801604466
9431289116
6184250035
7004178242
9631062910
9162972084
9631974007
9334258608
8252276573
7250404444
9931727513
7004255239
9006463503
9835794348
7739919594
8002563652
9801467996
7050758500
7488616379
8839348240
9353859029
9334691234
7256816518
8084040300
9241078438
7979902762
9431020732
8809575553
8709861227
9852009318
7361912872
7979059727
9097165014
8409560506
7277629203
8271769467
7947165296
9326823284
8340494504
7004742409
7004198163
9955410922
9939535100
9431616038
7277602111
9430474500
7291988857
9431428832
9472500961
9525279573
9006197484
8002884215
8709363167
9431048339
9973609805
7979894347
8521009923
7739873442
9065407330
9262616138
9608764749
9097922950
6204863665
7463957539
9835673826
9905822214
7979068659
9471616122
9934935428
9608265321
7903716177
9431021096
8102651404
8210525588
9135854994
7294803020
8797111139
9934080808
9939369089
9835678553
8002541707
8002077236
7595923338
8862986278
9304804373
9508546969
9905805206
7700838586
7667427741
8084595681
7903316758
7050217826
7673814361
7352550220
9835892227
8877771149
6122262642
7992276136
9939573798
8291566813
9473013242
9135800892
9934138772
9934957724
8095267150
9798450390
8002626356
9708313708
8210649934
7250894899
6203487490
8409897881
7870215845
9334144232
9334948775
7903290902
6207246449
6204294207
9708770045
7739966788
9771684940
9471296937
9934260786
9835616165
6200761955
9031541367
7781929580
9955354442
6204255695
7541901653
9955135552
8046808803
7274930940
9097724395
7004682426
9304493635
8252488533
7004633492
9801655548
9470657522
7260060092
7368087584
8002615732
9162388642
7676266087
7635000303
8271632291
9199066523
9457988797
8507081786
8935874595
9162000150
9431870100
7654443125
9608072179
9798229246
9572597228
9934726709
8102377105
8298246519
8804365175
8789555928
9661011111
8789802915
9973735870
9501442828
7277466773
8809106140
8541909378
9576267619
9279074616
9619443282
9082711941
9430245555
7949213784
9939545294
8757323686
9572089539
9572607978
8969097005
7547021956
9709742072
9534285350
7061282879
9934078980
7070755534
7004172493
9534754004
9031129322
9122445795
9534252611
8001039139
7070070095
8420077645
7991167912
7488178062
9934491805
9931853468
9934141900
9122068461
9334211143
9334288533
8269505757
9934493286
8540976592
9288004312
7992251763
7717770897
9128884488
8076077830
9209300233
9905279742
9431040477
9771690350
7277285998
9308782500
9934675496
9507640675
8879921984
7808986227
8651240872
9631160764
9279999965
8114546029
9933363433
9608983178
6454244411
9973497420
7004482286
8340692424
9334337211
7707006024
9852215291
9576300472
9852292885
9430008761
9006408386
9771716161
8873355398
8045811661
7563971613
7479791734
9504136684
6201087842
6200565729
9234383464
9334158963
9334336014
8757969008
9798201359
6122206172
9386544005
9234205593
9572958015
9263989723
9234867213
8877415111
9431239676
7654381437
9470018832
9102004428
9430242490
7808752542
9523617499
9431489591
6207039383
8409499002
8789769548
7549887591
9386316677
8340348787
9525407030
9835281293
9304707243
9934012181
7061528401
9523818784
9334285509
8340207985
7070800870
6202180307
7004391376
9471811649
9835408645
9798994177
7070094855
8340662030
9334414016
8434860485
9308741206
9334114550
9199476125
9006239501
9641654544
8789546343
9334911406
9110178446
7870656752
7488019647
8409544433
8340694617
9334521690
9631731991
8969795776
6112233388
9560155613
9934446116
7827292554
9508665068
7033040422
9431484578
7765814950
8190000075
6122677605
9431882960
9334828158
7488374761
9308760792
9308198993
9538060000
9060186195
7654782080
7903302850
9939819328
6202475672
9334799258
9905434949
9905822020
9708709815
7903140005
9835853681
9835219946
9771366185
7482897150
9570001113
9570007777
9304795769
9431280043
9771975443
9334731665
9990382050
6262847777
9334707718
9386802229
8252299808
8048069476
7319942747
9386253381
8271345803
7667004617
8826652056
7463076216
7273092737
8210268880
6203190363
7870737451
9973692902
9631241676
9304835899
7903349571
9504228872
9430677600
7632033837
6122501133
9801085236
7903423485
9905050880
8084263786
6201029075
8292132834
9939329745
7909091031
8809507727
9576261058
6207423266
9334319752
9835287551
7903660881
9835064455
9431267132
7719067185
9334114815
9334777639
9334774465
7979778198
9572448813
7050033220
8521441321
8047248243
9308421189
9934321169
9990681988
9693437117
7050713236
9905425933
9905552021
7021092931
9334100830
9122724434
8709495939
9097082786
8789594805
9304133217
6203077335
7979078922
8210781334
7033165453
9934268565
9199453519
7224009918
9341981643
8291022170
9304723030
9102157683
9334269256
8651000008
8002208550
7781915714
6205343251
9334852582
7781911478
9507979004
9572739103
9931600161
9304190744
7462867169
9810090740
7004431988
7061532053
6200715034
9973435824
9852325454
7277610800
9934041079
9113324226
9934057517
8001213648
9931603603
9619049542
7367943474
9942897095
9852348595
6312200901
9113163618
8340421040
9308094536
9835651622
9304978003
9472822222
9631280600
9931727222
7250061277
9955444550
9097963373
7492802230
7277808748
7991144532
8102558045
9472393941
9097803694
9852981991
9386345969
8084071265
8398828933
7870161510
9939210907
9431214881
8873793800
9155096582
9431669995
9934777471
9472060403
7765027305
9931702831
7004973034
7050037969
7004544434
9153345655
7250657446
9973063332
9065628786
8709718046
6205224367
6207816501
8434596777
9576227415
9334203174
7678347983
7281001075
8051337296
8252561618
8677002778
9142049883
9708020135
9155329029
7870544724
9661316448
9430962024
7979945178
9667367040
9128001111
7488571057
8291148165
9304169079
7903775027
9060555340
9334125019
6306023551
7257000113
9835250287
7209641194
9939417059
7888510051
9122994957
7488766651
8709131649
8369995651
8809862222
8084080837
8936000330
7979879050
7004120243
9431247118
8877650366
6201613653
8503773919
7352070347
8083403246
9835318178
9507294448
9234399312
7979749100
7766017844
7979826408
9162883752
7766832227
7903014469
9263403091
9431626642
9430619801
7004658817
9304221190
9334867435
8797834860
9113768172
7949213819
9102367131
7091228747
8651726130
7461086601
8578077527
9334902350
6214505004
8340289020
9431845739
9431867170
9899965630
7531034028
9525226722
9263876136
9771398830
8407003651
9973931009
9798206180
8210713806
7033096291
7076582390
8862894080
8102007336
9229293009
9304852124
9576455583
9835620114
9835811099
7033024107
9852137976
8709203550
7979012552
9386384741
8102426971
9082706931
7033190127
9693781591
7903128788
6200239562
9334288889
9953006892
8084641300
9852100200
9835060833
9334980792
9835445915
9334645635
6272233241
7870741265
9887068889
8001038583
7903316028
9709935636
7209286362
8210067809
9155517444
9835865897
9334337975
9939810092
7979838385
9771370068
8210870800
9334172421
7273816033
7970337107
8789145854
9334795860
9060126063
9835294646
9241869073
9771438767
9331913100
6203008075
9431218046
7645987456
7250183847
9006906540
6200564859
8441998959
8892192357
7984340441
8447147864
8294343955
9939158172
9135870680
9155562786
9835451687
6206892448
7903226249
8877000131
9470228644
9263420760
8603916190
8920310622
8340376810
9308752022
9199915662
9608465093
9973693833
9006595549
9334247054
9297741111
7070865155
8676888498
9570239620
7479528208
7004656699
9431640334
8539052427
8084482389
8404890749
9931960397
6243274256
7277225176
9931257745
9199456975
9371573095
7544022967
7370061886
7518023971
9931580488
6122664600
9304894349
9262699981
9332494900
6202530551
9031424370
9167274627
7277675873
8935871756
8048421993
6452245191
9852758581
9304431752
8879908577
8046984893
9354532286
9973488653
9308185283
9471218693
9431087972
8809746773
8709062326
9430905621
9835294961
7717772077
6746172579
7004847879
9771834271
9534447777
9097394489
9315171559
7272907060
9470251208
8084007920
8540890786
9955506069
8271005218
9955372600
8291498872
9431466655
7992366833
7004755278
8092876810
9939285258
9608077786
9199490300
7050940544
6344243167
9934223303
8084215102
9147750473
8507643348
7549273868
6200835817
9608846858
9523257444
9852242500
9831176665
7763818426
9708783921
7004653770
9939890060
9162113250
9934062649
9350752275
9577957748
9835990243
7352567450
9153763916
8969786763
8409277193
7870325000
7761919160
7004411531
8709458523
8340256532
9546203521
7488992578
6200257368
9006024009
8092396131
8825126508
9504168176
9472940360
8252685388
7903176124
9708079251
8539938899
8789691975
9835235682
7004534283
9431224846
9102783333
9304168919
8539885364
7739809050
9534630889
9155706557
6200236624
9905981648
7050420485
7739516262
9810669922
9835461710
9334141401
9334527224
7903473920
7542884531
9709502950
9142837681
7209476096
9117350529
6206958191
9341433713
7707095347
9955745929
8521081704
9507207333
7019589248
8298624175
9334118355
9334815810
9708945871
8709756650
7488235179
9065046218
6204880423
8800641214
9504387906
6202098069
9771646423
9135000573
9801299517
9122652846
8102737273
9905951446
6122505583
7488138679
7654065455
7982866312
7319828222
7979003897
7277673894
9431050230
9905878589
9304820610
8936035195
9511240811
8271238686
9939700475
9430054961
8102379736
8877978760
9431605819
9135555151
8862888555
7033191347
9155398837
7541806035
6570475439
7230926996
8294567168
9955320999
9334158930
7909028429
7050943837
9738262330
8709047712
7782999491
9955724624
9031005991
9167496152
9931073462
7903741494
8044938954
7779956964
8210769683
7295876883
9717071726
7903303077
9135755830
9122366140
7004637985
7061905518
9934819735
7979880393
9934250083
6201397382
7631335444
8879129698
7759933444
9570833321
9708970680
9835654377
9798896675
7542915033
9572537242
9546349090
9801216698
8207664021
8044938921
8002780384
9934258936
9315572369
9135579700
9229316924
9546931393
6206386443
9135572530
6206606906
9262294847
8804684786
9065566366
9234628677
9572799464
8271997843
8292247080
9546392277
9431404536
9934695370
9708137640
9709519457
9304104094
9199031098
9798901056
9931015359
8210027925
9431053769
8507714780
8804922930
7323823647
8987210551
7314620767
7949213790
6126711207
9798545861
6201453016
7091490695
9852664145
7488688422
8292429958
8002966304
9431223286
8210916337
7050707087
9386795683
9891346268
9835429844
9507483205
7764942500
9031676786
7004897517
6122504745
8544477777
9608153410
9709700220
7061009844
9386732221
9931024755
6201570115
7277362661
9430524783
9955880092
7033027991
8037784134
9508239078
6205395069
7301414400
7488311990
9065387777
7281001038
8233753547
8294367023
7631045312
6206950883
9308568822
9955500880
8789500037
9931373063
7763080408
8292520220
9199761277
8815794076
8447191377
9769638625
9090626276
9304882768
7413907539
9334279375
7209652777
9507346272
9155487551
9472480100
8340322576
7004282221
9572295780
9470204080
9709311613
7947166813
9905608689
9031440058
8092183522
8294152625
8986983110
9431423189
8062914414
8102196024
7296079835
9340789150
9162662065
8757558223
7368969796
8051575667
9709945529
9334118060
9122220753
9625273437
8084542906
8507047055
9023062396
9955005117
9955601888
9304010727
9766499077
9431225387
7061311374
7717389642
9234065342
8873331829
9431292449
6203309251
8210931799
7739095476
9264447068
9341618234
9135667005
8409827172
9341508378
7258959760
9522555004
9102758331
9128479941
7543910475
6122672661
9123207148
9431081248
7091664545
9934927614
7463881864
7477242266
9334505999
7979078884
9631836718
9508402080
6202678780
6183222567
9129329375
8863839000
8073703463
9835093901
6207335487
7979736427
9955948475
9431446615
8084262437
8969172000
9334088892
7282994711
9015948861
9128444870
9661838430
9199346124
8809398664
9931923918
8541900695
9709152742
6114223077
7782818596
9521894423
7949213822
9471404252
8210758714
7004805005
9708172722
9955540475
8541955393
9973128046
9199098087
7903144730
8044938941
9905241127
8235689601
9308017781
6205267549
9431617038
7870788338
9110065965
7050044337
8757789060
8709093052
9771196699
9430210185
8084924834
8002625794
7033953843
7982661224
9771634687
7294191482
8409606737
9327678246
8789014446
7301515368
9304814681
9939059247
9955809037
8210469209
7273046969
9576809466
7903248170
7004737447
9546879423
9939099590
9661615786
9931218733
7004567670
7632084135
9334827350
8235571314
9113327534
8825162508
8825381397
9110191741
9473231456
9006962380
8210788310
9334231061
7061823283
8409436663
7322877217
9934890700
9234937452
7633846093
9504948485
7281001064
8789889790
9470650010
9942239922
7091483618
9430032992
8051333747
9572611626
9162734847
7030901161
7004937243
7260953558
8002057440
7739461460
9939480000
7903671058
7050241878
7546888696
9128712345
9534319426
7050825617
9135467175
8084873327
9264456410
8340553287
6201708842
9523606847
9835601831
9771392439
7004100406
8051677258
9931672157
7870984017
9973646464
6206184302
7779820900
9905466094
7779820701
9431289592
9430874430
8298867808
8340277259
9576072888
8071639256
7979820433
8986905393
9123440832
9693501229
9955426786
9525243170
9006122222
9334003537
7677464363
9304293799
9608874945
7979754335
9155352173
9771459378
8804327529
9262686999
7970979797
9835998274
9334109795
6126711209
9122793497
8235123350
9905479950
9931927300
8069156806
8294177060
9060894988
8757825029
9934249393
9570201009
7008622726
8809359533
9334444897
8862856522
9852287696
8603472559
7004187060
7324096237
9123134349
8540069354
9955591266
7977232219
9953682111
8271625211
9835654569
6205796743
8210128160
9334383636
6205833138
8709815131
7903056542
8292396825
9284557842
9122103330
7282038195
8285125792
9135908609
8044938916
8541966562
9529607164
8969947537
9631883800
7903336899
9546725083
9471916400
9570356623
8210177463
9939180180
8544616892
7677257537
9939695070
9835041809
9167831523
9801610582
9473454724
9031992211
8804085560
8809322992
7808008081
9955238611
8409186147
9934466746
9006519487
6206405292
8873319088
9135472654
9534380555
9470026488
7992264892
7309166425
8709102544
7033091113
9990665155
8084076786
9934808460
8045476003
8071325913
7488213346
8651130048
8809943098
8368143449
8789374479
9431266620
6475223712
8877831555
9431657022
7903378164
9431269753
7858903884
7949213914
8582038873
7004302622
7782880605
9771459288
6239421434
8797720783
7992478862
9534004001
9311366181
7484980777
9470293647
8757379054
7764971285
9955818721
9135588185
9716993183
8292121531
7631808119
9334147050
9955944871
9572346328
9955242430
8084509850
9934041941
9334002001
7004757477
9771016012
7764872391
7764878787
8873102702
9386841417
9334166950
7739543867
9504012092
9334114611
7992286648
9167912182
9431078730
8521808203
9334111617
8271699033
9155673443
6207793418
9708080815
9199194013
9122140921
9631962672
9334088796
9833856030
9934668324
7033590667
9980204980
9472641134
8802848204
7004246791
9852194146
9570750053
9431043208
9006305889
9142072634
7808079056
9006052424
9801211355
9262383350
9431236307
9334115483
9934628632
8863805714
7050776660
9955405499
8709249463
7004437015
9801873351
9473400600
9572401243
6204979905
9007490092
9031350706
8877297769
9546888760
6203356807
8757457040
9092168265
8521693866
9234690728
9534777765
9709841113
9113128204
9608631852
8271229803
8071372035
9205097566
9006629530
9931335320
9534525974
8083814314
7903147313
8071639785
8877143508
7070709044
7368981713
8044938978
9060211918
9155198557
6206432899
9033101470
6209938376
7739893303
8071629108
9934071923
9934224904
9525998301
9102508889
9955556679
6323222021
8340633269
9123440445
7004474599
6200001554
9341784494
9102368824
8789610550
6122522694
6456251000
9335203030
9473349039
9955699515
9568045654
9801140714
7361033488
9631401323
8409757356
7061870878
9911720247
9472353594
9805699966
8071264742
9555420848
9905393719
8409493562
6207161104
9576985489
6124157522
7739211666
9693022057
7488279007
7011154542
9508799465
9142285020
9199992223
9470882374
9931864935
9304167797
9473294715
8037002550
7947469551
6183357243
9835446470
7678229673
6200727072
9006258991
8538969078
9708979001
8882925412
7562011013
9110988172
9576186150
8825276109
7463869531
9199425004
6200487038
9801677685
7761021594
7004872162
8521222640
9939540981
6204472130
6201867620
8696804754
9931064692
7968268000
9123119856
9835435364
7764873736
8538991774
9504826548
9608942608
7011829731
9709702241
9304739857
9525138188
9142919041
9570380876
6909726203
7004377617
7295941329
9709455133
8809006900
9523814903
8789587614
9570661288
8044938913
7463902572
9608058244
8046984371
9470292762
7970710653
9471025256
8037016719
8826858209
6206413138
8102240513
9709974535
9006990379
8090007754
7795288098
9334637311
9798722340
8521389546
9559025050
7004642917
8051513500
9631972683
7979946649
9973486854
7004383014
9565688301
9097198198
9934935833
8340108264
8298940402
7667193206
8051309026
8987257293
7295090909
9431016123
9905379591
9308327111
9931256184
8409136397
7004836279
9835623972
9430233129
8294511873
8071178332
8051586383
9155654099
8409609696
8825255138
9939064048
9955158027
6203387247
7949213885
9709728726
9973016167
9525555455
7070531919
8603097402
7407022881
9264192020
9833663100
9334336424
9470829938
8879115340
6203630560
9471476340
6200721329
7209274180
7004913845
7256890145
9939029495
7050500194
9975605161
8271272385
9142707842
8797322344
7257090173
9471296735
9931648201
9608083677
7484020318
9934748162
9431223769
7667633465
7677672481
7004695138
8757526589
9708253053
8294682909
8406979899
9155487357
8037781242
6206633796
9771211779
9939745706
8789610791
8084000710
9006167088
9631867108
7250790584
8824766347
7646069935
8044938914
8037002492
9718590778
9507272178
8340274549
9473445378
8434683934
8071820402
7261072018
7870870957
8655418503
9471047232
9973625227
9297878969
8879850278
9147372808
9546685556
9576936172
7503812405
9152007558
7949213850
7710955555
9288667634
8051634253
9504357513
7295904272
7209655886
9709734013
8709688713
8809914111
6232632731
9234343666
8271812244
8071681857
8709336366
8409838300
9334406888
9709139283
8540856935
8071640299
7079466759
9304526731
7992438023
9431293441
9852058491
7765063860
9934119295
9942648936
8318074405
8062914508
9334470866
8709950394
9334064131
7488979621
9097015266
8539911412
9206108200
7250093888
8210783288
8862876911
9507025913
8406088218
9473223773
8292542818
6341223030
9504375923
7631471327
9955695121
8051601791
8271030509
6123296232
9263905443
9308430316
9097288311
7980550229
9801560687
9939631179
7367968009
6244358819
7463946931
7352075420
9570383435
6746172331
9113162679
7011981083
7546940988
9142805071
7479734102
8862946432
7045052098
9097255659
6203410543
9097190704
8340192550
9523666008
7004255424
8789927711
8084576096
7717750574
8797578716
7004722343
7947166924
6201625480
6209260049
6299537336
7783041341
9643186949
9835629420
6206816017
7277729391
9955449990
7004304804
6202810722
8002876048
8709003661
8109679627
9199991123
9470641731
7542920006
7766087769
9386281048
7479948792
9572956060
7070731195
9973343625
9199233314
9128848264
9431087782
9097669047
8083023917
9631087618
8287774476
9019762237
9955125772
7004831164
8873760517
6203986653
9934758658
7306932545
9142322312
8210715494
8873616241
7765903519
9135713567
8037002514
9955677228
9142047599
9654015179
9504704508
8207435181
9308896411
9167253409
8797224226
9470663596
7033151437
8294392145
7004554035
8409971892
9334991874
7903115511
9430445113
8084365600
7352670661
9931960837
9234731134
8044938920
7061009102
8920114456
9470870738
9572775050
8071681405
9122444151
7004218641
6201964043
8227934571
7050134447
7759800772
6202965944
9102131776
8102693291
6204254853
8789266990
8071639700
9525203738
9240030829
9304290035
9631132271
7703951098
7903441473
7966247249
8037002508
7870892114
7277512786
8287755795
8044938915
8603378578
6204016002
9934459100
9262339593
7541999251
9934983382
7763821696
9631166763
9471938086
7033871745
7488920961
8068635312
9507528553
9031109280
7870854055
9771879898
7366903317
8298654400
9773989143
9934400953
7903028982
9308679900
9199012855
9973430521
9241500946
9934959585
7209938838
8252144780
9288632433
9931079894
9006103670
7991128556
7256013420
7979974522
9386043300
9835701171
9304055892
7764878246
9570603314
7632044156
6200035143
9958947585
9939542858
9798663264
7947469384
7023233994
9934813278
9934735538
9097164128
9097777764
9687609229
9708228977
7322972098
9990362415
8210556149
7903987144
8210972759
7004359279
7762043256
9608661312
9852143158
9534300531
7494004166
7631377186
9430564166
8002029481
9525399096
7903059096
7050014494
8969957940
9060766743
9798372058
9661528726
9939890901
9304489149
8877571604
9430416759
9570844243
8210089178
9824449962
8210720512
9709786801
7739142160
8102692900
9661362242
9525999969
8603850622
9716907020
8294379411
6204172789
8340505428
7828289156
9852879272
7070625653
8340725117
9973998299
9771095644
7903152343
7050327754
7970524754
8294604570
9199133606
6255223728
9939389511
7700822407
9431318866
9955408100
8807104268
8877518011
7272941762
8540986311
6341225031
7764945025
8864005025
9431287491
7050900312
7019243492
7319681367
7979033150
9334443450
8409416602
9931414109
9431242584
8210124883
7250942226
6204663729
7488556302
8969381179
9931480134
9570398010
9576514207
7646069904
6207278636
8809703132
7520131302
7042830300
7091701777
9204484445
9939955853
9801070040
7042544154
9191000091
7488416166
9006123163
7542820292
7549535780
8800721272
9709546531
9304948297
9142002245
9934000030
7352457211
9334273199
9835046059
7070232859
8838201842
7677005253
9771345745
7004133524
9534090390
9699367879
7050915070
9430222737
9135230384
7004307632
9973233729
9934075520
8071639253
9661070134
8935841459
9636182045
9088849994
6112450187
7488134981
8766550173
8709948165
7070753764
9570695807
9973332117
9631962104
9472164024
8294298067
9334728403
7549171800
9939353435
7479856174
8340724437
9135430174
9931497846
9430024416
7808885656
8709044941
9934248465
7033697951
8340502437
9905699505
8409519481
7004912296
9934003096
9128372865
9570441910
9204468098
9708812155
8405892781
9334280048
7250786999
9471815712
8062913999
9113726767
8130889210
9709441258
9931450604
8108102065
9608518508
9973931250
8521313434
8789347790
9631697342
9852717372
8863054077
7870760066
9693742663
9431454359
9431452311
8804378494
7979748917
8757883488
7004156407
9472468860
6202879158
7987125288
8434827530
9334650026
8340552008
9693587150
8002592969
8433569887
6206508692
9262704697
8409943347
7050545789
8709942273
9199362006
9801847919
8210971378
7255952148
9570198690
7631415666
9708135415
7909093522
8001968001
8873023754
7004687007
9467343721
7763003337
9065518218
9801879584
8002800126
9955341199
9264192025
8210540772
9525444307
9608598140
7004916752
7277540529
8409666043
9771442600
7646047704
9471022760
7903000485
7765082398
8709962384
8789684680
6204370915
8409401301
6299673294
9431024215
7903473161
8210555838
8873418550
9661375593
9431891033
9931795082
9155820168
8102532329
9973778544
8789015827
7488835627
8071629254
9304952922
9431435548
9955925231
8291643107
9801088881
7261022059
9431268117
8409780678
8804481733
9801835935
7942875290
9572737464
6207033565
7004470016
7033226976
7004990370
7903712616
9431070434
8298992935
9128557820
8873790275
7835005499
8541922577
8877570021
9431847469
9334440011
9934985743
6203484366
8340326096
9905049151
6206605285
9798260973
9835257741
8104532353
8409363617
8210000214
9955511348
9430644106
6200036842
7766919201
8076827881
9430238030
7903235401
9341020016
8986169015
8071639107
9421194618
9931053553
9523550785
6206060869
7033123717
8851290963
9155626431
7281947968
9304725017
9839733445
9334311217
7763819360
7292022117
8062703426
7549636561
9934177178
7766935419
9810615940
6456222958
8804172309
8507740024
9431682923
6294292530
9123181879
9821853792
9939545245
8873446666
8789199897
9835655945
7464088446
7543000889
7070991221
7542002306
8863849256
9204712600
8071629668
9525511444
8084486505
9934994350
9934030631
7004192872
7903643432
9523962786
9934707745
9939571222
9934293613
9709604746
7061616003
9708764000
9939818001
8229055123
9801748933
7488014099
9162997085
9955592212
9523974107
9135621314
9852237000
7991195939
7970901219
9934820871
7091459205
9122912422
7762055544
9430998224
7004014773
7762009485
9852065947
9693735495
9431056466
9931456896
8789937580
8539015907
8540040433
7739928377
6252291503
8789962701
9771519549
9955412493
9971440445
8709498539
7970845558
7903861537
9472284764
9234395706
9430094600
9122928989
9939689321
9934924742
9471234794
9431883504
8797310411
9934090920
8877045356
9852618445
7903943434
6203710463
9709606768
8540056786
9430999101
9708342417
9031856301
8210790164
9241057728
6205012455
9939546194
9431446017
8287533585
9934613394
9835910401
8384017575
7070649239
9973871572
9431030574
7004008401
8291282264
8102918138
7763043101
8709403517
8207672090
8757891608
9934497330
9973530700
8071639712
9431250660
7320858058
9006117060
9570842858
9430600143
8084904660
9931594136
8409908029
8083228363
8797855167
9504483288
9431408277
9504009702
9931240667
9693746774
8929538422
6205116535
9534370312
9973735857
9835621445
9470882999
8877563400
7564082244
7634978072
9934264192
7003413248
9931421738
9771340872
7007681114
9693213443
9661629884
9122476605
9122913435
9310825086
8002111328
9835061265
9801830429
6202122355
9973209847
9470249446
9102902867
8539894595
7209969738
9508718383
9835287600
9431212364
9631497915
7870888281
8651267943
7909017297
9576730985
9430206065
7739247747
8969977875
9905952354
9905037909
7061844864
9334309623
9835261410
7004390628
9708236804
9973383343
7352671933
7762023710
9709145054
7488761944
8527520280
7061504552
9931957225
9931640644
7700808007
6203140732
9801160555
8298800030
6478224208
8037221176
8002816162
8071371834
8235134111
8374638787
9304474574
9153989671
9931638262
9162824545
7255004426
7979875630
9999919438
9110987773
8071639687
9709626856
8340608966
8986931464
8071639709
8271412300
9431642899
7252940120
9431601400
7541989517
8071372869
7485055524
9871681403
7870301730
8071935323
9661347524
7209014850
9939365222
8071629579
9572120555
7870322790
8084521844
9835450001
9973732762
8969241577
8224000389
9431057730
9155762440
8789574731
8092216555
8071326666
8071629685
9634391146
7739539525
9717793087
9820701508
8539805282
9606112399
6203622951
6200986398
8800188334
9507298941
9771194639
9661064633
8340684625
9097008900
9534439916
8071640979
8071655014
9835007247
9709884059
9135233436
9931264964
9973045698
7282826443
7717794816
7739293006
7631803227
7763815325
8873831650
8581050540
7782893037
6203844705
9708416526
9430622245
8071643612
9631442299
7782971097
8064526085
8709952331
9709788872
7903203154
9955990333
9785280887
9939944039
7909085883
9934738631
8002229100
9990886321
9934005665
9097393060
7004845516
7765802200
9631048221
9873406777
9334040389
8102325151
9771111150
8071640196
8826918346
8986461301
9934673089
9473114673
6202082280
8409457590
8873573086
6203653342
7544015272
9576172217
9852110622
9955012013
7783880696
9934216201
9661244637
9875491007
7050269101
7979984818
7870711000
6207969398
7050008706
7009887473
9097271382
7739313774
9570407078
7367027777
9240038337
7673002372
9801150206
9097815561
9097962866
9507777795
7903057809
7352887728
9431822143
7325008880
7991184064
8830933943
9934205117
8969350677
9905998085
8252695702
8298978175
9334193000
7091603354
8809198732
8863831915
6205435892
7808849522
9334115749
9472286910
7257819956
8071655156
7488548581
9113119527
8804006694
8678099057
8789809357
7488911101
9128304751
9431070089
7050933633
8071679928
9431472022
9973050688
7979040501
8294317648
9472358451
8676072771
9304146850
9315678026
6206491849
7004375740
9031880765
9939493677
9631804663
8252447750
9570642532
7782084147
9065630391
7371064686
8409788176
8072877653
7783056569
8789599775
7840899191
8114576179
9304925296
8083133259
7870013992
9135268131
7739992525
9661238150
7308583714
9304101881
8340122128
6452243246
8240290685
9798347202
8541090494
9097993360
9523829553
9939767374
7654693534
7759833567
9431284430
8935968106
9608314893
9798784649
8002531314
9534941858
8802273895
8434779657
9934814119
9990995031
7632993197
9931916920
9534923191
6200854342
7483906825
6299946907
8434657950
7463986608
8521880786
9122382000
7545034450
7667004820
8271012402
8969831162
7654959305
9934095832
9304802930
7870770092
9297937431
8709622402
7004570587
7462858529
9167023708
7979809594
9060626566
7654776920
8051758681
9308452900
7254868782
9122876391
6201565795
8969200446
9973600520
8935966820
9234195111
9661872661
9204163761
9546483598
9708839648
8935905720
8873031354
8340722302
7903989552
9122323881
7004318689
9958274340
7070232439
7398773098
9431027434
9308540550
9779153547
9934957550
9262648770
6253244163
8789487236
7903007712
8539985285
7979976583
9334051489
9835418348
9262877198
9852522854
9939594119
8405070478
6200887237
8873036880
9097400410
8789418280
8709016093
7764997816
8037220929
6206281275
9613396033
7004119460
6206693500
7282912509
9110036428
9709906001
7979783900
9471057199
9939217227
9631192138
7667350560
7541850222
8700021820
7562803201
7004291020
9006734998
8002238454
7318488285
6205795140
9835216167
9504285125
7295900534
9279015955
7301855756
9334638844
9525842109
7903819201
7004630779
8789224671
8777382307
9798875991
7970501671
9279547542
9386645326
8045950083
8252889224
6200989651
8879891081
6299489303
7296089881
8527721098
7070095644
6203604925
8044938918
9123265591
8071178405
9430655215
8071640575
9262869788
9162873060
7461002416
9430231148
9852537382
7366953201
9297799921
8507125250
7255855855
9204040633
9334601000
9234878021
9709996071
8434844444
9708816323
6204749642
8051346439
8210263998
9304550100
9708010116
9801439591
8210909938
8871245869
9122882827
7546923539
7970440927
7903758008
9097072517
9934433951
7320929056
9931980328
6454356559
7488524817
7942876697
8757341453
9031412509
9334024658
8235560060
7033672662
9939291599
8882238634
9693534626
9931477257
7004283365
9199964268
8210969571
8434634914
7979919133
8207345548
8578814856
9142560524
8789577027
8863924275
9693042319
9304457915
8863941337
8084570266
9709898803
9934824640
9379711476
8409111449
7004963395
6207626203
9102515960
7250804844
9708119408
9113304323
6202960862
8873805008
9041712233
7903720030
7563054462
8051697652
9334753722
9693700095
6123225700
7004820021
7004110459
8809186651
7009565834
8651250339
6207031654
7765001122
8271122481
9955991549
9835659660
9958713071
7717734244
8252747547
6204573321
9431055300
9708913349
9939119403
9798639727
8678811372
9631383195
7780988203
9399600124
6287131860
9155603016
7488398881
7903671174
9709331332
9534567901
7250530971
9263909369
9934248895
9470000078
9006709090
6112232271
8084576177
9097350928
9934244890
9771784117
7320979796
9031982165
8071639615
6206225495
9135993817
8071679931
8789048912
8071629114
9973364285
9835259890
8851506896
9934457050
9279240327
9608864742
6452241619
7903852283
8877015256
9334075149
6364569442
8340401700
7870476454
9091790917
9967930559
9599534186
7320923601
8071326615
7479493339
7279924170
9097019186
9386415795
8809349495
7992487554
8102532116
9264497969
8409993253
7250502475
9304294633
9234005750
6200381356
8434389523
9905060178
9142200879
7767932000
7761998088
9111881999
8130505304
9297909192
9934038998
7654838815
8002597415
8579029087
8071936755
8252080139
8406871214
9868561242
9931229400
8809023243
9135426736
9955723818
9534389371
8252139595
9507050667
8092236651
9955087227
9934038948
9955141414
8804518263
9955591102
9503467257
7976165631
6429273640
8340375005
7764894235
9871201353
9608789994
9334845024
9955430702
9934799906
9771358537
9570874964
9155147600
9110033897
9234918001
9709393443
7982561432
7042920409
9534507922
9097271510
7549851260
9931597121
7903554767
7091159053
9955077665
9768512613
9801866648
7909024180
9835259079
9386281080
9939682085
7858872717
9386644955
9931344134
9709829415
9122955123
9572995426
9473289549
9934795213
9471969658
8890614766
9471002293
9823708229
7277162720
9204875513
8578913148
9508747463
9472093913
6122295004
8071681359
7970637797
7531076014
9631997340
9905336416
9693163672
9939393340
8434276026
9934089718
7667609390
9334339238
9431421116
9919755523
9572030559
9472522222
6473223370
9304168688
7050767609
8065184757
8002727100
9852572801
9905401690
7004330759
9934222915
8936861661
9507822073
7763069699
6244222156
9308575763
6299924717
9852559968
7781013133
9155583376
9431068692
6207926580
7004100807
8319300399
9097027756
8002888381
8677002344
6201493998
9142153714
8929692772
7857883833
9334228897
9708130394
9955672413
9996019555
8520639411
7033563378
9931003122
9430012057
9334121017
9508848230
9471433676
9162897185
9835291686
7717793416
9631867276
9308670604
6202502861
8709842346
9534774555
8076726199
9570471753
9006634066
8044938922
9973648295
8340620886
9939034462
9931640417
7979991428
8540098265
9386595588
8002951590
7250040444
9304665488
9334338544
7282888844
9546665153
7039001577
8447745709
6200153294
6205000105
7870615550
7256857260
7870834182
8002100881
9570771707
9128011399
9304458820
9008176201
9934047707
9934821686
7004301647
8271788527
8084102227
9082708238
7979016041
7085460984
7004415492
7979016428
9570557281
7061499077
8409007888
9709720019
9582807457
7004582090
8340369941
9546838673
8585865610
9304556645
9471434414
9304125058
9525939565
8851185219
9631634598
9934111363
8229075012
8969821440
8092775925
8340794326
8044938923
9693749718
9431612901
7903541149
9693772744
9288290495
9308639856
7903045749
9708085585
9455450004
7209686046
8879158163
9304530925
9835079996
9097890330
7482082609
9661263820
7541837500
9304604042
7903825092
9334910177
8051709481
9430246812
9892365959
9471474255
9835060640
9311990003
8406888007
9931962101
7004960936
7004868962
8002221110
9097909100
8544027227
7004561340
9709002098
9122889313
9534249901
9470813325
9470272883
9871747405
9967744367
9304991375
7870184848
8002800400
6287076307
7004185090
9304706489
9123490676
8298974455
9934677480
8045870571
9334970428
7859008072
9470272391
9973598322
7018400559
7004708833
9334487916
9229191464
9523470548
9006303448
9472071694
9955472001
8409313479
8298302732
9431212691
8877445758
9304026881
9934672621
6122262693
9905815487
8252450236
7250408358
9708810333
8210639345
9619946719
8757124726
8877769410
7979038101
7717708724
9507004989
8292766730
8789463749
8292418642
8797192245
7209922310
8447003443
8252354739
9842251211
7050930024
6200094510
9288307860
7759970351
8709530684
9508062890
9931079945
9155928242
9771944444
9430524198
8873701044
9507424199
9431288824
6203379754
9709261050
8071889766
9661765584
9608681781
9709519308
9241854503
9693676338
6203340945
6299063855
9006429629
9204462696
9431681343
8809187884
6299199804
8969742321
9308743506
9973966344
8409471571
8084958053
8294576378
9631096453
9534769120
9934919439
7047560328
8797773511
9934223257
7678554072
6154238425
9031497099
9708986541
9934174204
8083236814
9939697800
9835450020
8863844791
6344261704
9473306737
8709668778
7050185108
7979077220
9934802140
8877997427
7004758921
9931010203
9279349496
9031542076
6200027554
8210496561
8660569630
9234825913
9835490010
9835416699
9934966987
7979007511
9546066866
